보관소(대여소)명,상세주소,위도,경도
 경복궁역 7번출구 앞,서울특별시 종로구 사직로 지하130 경복궁역 7번출구 앞,37.57579422,126.9714508
 경복궁역 4번출구 뒤,서울특별시 종로구 사직로 지하130 경복궁역 4번출구 뒤,37.57594681,126.9740601
 광화문역 1번출구 앞,서울특별시 종로구 세종대로 지하189 세종로공원,37.57176971,126.9746628
 종로구청 옆,서울특별시 종로구 세종로 84-1,37.57255936,126.9783325
 서울역사박물관 앞,서울특별시 종로구 새문안로 55 서울역사박물관 앞,37.56999969,126.9710999
 광화문 S타워 앞,서울특별시 종로구 새문안로 82 광화문S타워 앞,37.56996918,126.973938
 광화문역 6번출구 옆 B,서울특별시 종로구 새문안로 102-2 가로판매대,37.56996155,126.9761581
 국립현대미술관,서울특별시 종로구 삼청로 30 국립현대미술관 서울관,37.5797081,126.9808579
 종각역 1번출구 앞,서울특별시 종로구 종로 47 종각역 1번출구 앞,37.57039642,126.9817886
 안국역 5번출구 앞,서울특별시 종로구 율곡로 지하62 안국역 5번출구 앞,37.57624054,126.9861603
 낙원상가 옆,서울특별시 종로구 삼일대로 428 낙원상가 옆,37.57335663,126.9874649
 탑골공원 앞,서울특별시 종로구 종로 99 탑골공원 앞,37.57039642,126.9881897
 청계2가 사거리 옆,서울특별시 종로구 청계천로 93 파고다타워,37.56848526,126.9878845
 종로3가역 2번출구 뒤,서울특별시 종로구 종로 지하129 종로3가역 2번출구 뒤,37.5705986,126.9917908
 종로3가역 15번출구 앞,서울특별시 종로구 종로 지하129 15번출구 앞,37.57019424,126.9916534
 창경궁 입구,서울특별시 종로구 창경궁로 185 창경궁 입구,37.57897949,126.9964752
세운스퀘어 앞,서울특별시 종로구 창경궁로 109 세운스퀘어 앞,37.57095718,126.9971237
 종로4가 사거리,서울특별시 종로구 종로 185 종로4가 사거리,37.57106781,126.9981918
 혜화동 로터리,서울특별시 종로구 창경궁로 271-1 혜화동 로터리,37.58562851,127.000679
 혜화역 3번출구 뒤,서울특별시 종로구 대학로 지하120 혜화역 3번출구 뒤,37.58156967,127.0017853
 대학로 마로니에공원,서울특별시 종로구 대학로 104 대학로 마로니에공원,37.57978439,127.002533
힐스테이트창경궁 아파트 앞,서울특별시 종로구 충신동 60,37.57561111,127.0046997
 성균관대 E하우스 앞,서울특별시 종로구 율곡로 259 성균관대 E하우스 앞,37.57419968,127.0065918
 서울보증보험본사 앞,서울특별시 종로구 김상옥로 29 서울보증보험본사 앞,37.57330704,127.0007095
 독립문역 사거리,서울특별시 종로구 교북동 10-1 독립문역 사거리,37.57202911,126.9607849
어린이도서관,서울특별시 종로구 사직로9길 5 사직동주민센터,37.57633209,126.9685898
 청운초교 앞 삼거리,서울특별시 종로구 청운동 108-22 청운초교 앞 삼거리,37.58496857,126.9704132
 중앙고입구 삼거리,서울특별시 종로구 창덕궁길 191 중앙고입구 삼거리,37.58341599,126.9852371
 재동초교 앞 삼거리,서울특별시 종로구 재동 19 재동초교 앞 삼거리,37.57938766,126.9849472
 포르투갈 대사관 앞,서울특별시 종로구 창덕궁1길 3 포르투갈 대사관 앞,37.57915497,126.9889603
서울사대부설초등학교 앞,서울특별시 종로구 연건동 178-3 서울사대부속초교 앞,37.57650757,127.0024567
 KT혜화지사 앞,서울특별시 종로구 대학로 65 KT혜화지사 앞,37.57714462,127.0020599
성균관대입구 사거리 A,서울특별시 종로구 창경궁로 234 성대입구 사거리,37.58250046,126.9985352
 원남동사거리,서울특별시 종로구 율곡로 169 원남동사거리,37.57606125,126.9976807
 동묘앞역 1번출구 뒤,서울특별시 종로구 숭인동 81-39 동묘앞역 1번출구 뒤,37.57324219,127.0159073
 청계8가 사거리 A,서울특별시 종로구 청계천로 407 청계8가 사거리,37.57219696,127.0230408
 신설동역 11번출구 뒤,서울특별시 종로구 종로 411-3 가로판매,37.57559204,127.02285
 창신역 1번출구 앞,서울특별시 종로구 지봉로 87 창신역 1번출구 앞,37.57933426,127.0150833
 독립문역 3-1번출구,서울특별시 종로구 무악동 41-7 독립문역 3번출구 뒤,37.57415771,126.958519
 SK 서린빌딩 앞,서울특별시 종로구 서린동 93-2 SK 서린빌딩 앞,37.5692482,126.9805374
 종각역 5번출구,서울특별시 종로구 서린동 26-1 종각역 5번출구,37.56983566,126.9826584
 동성중학교 앞,서울특별시 종로구 혜화동 56 동성중학교 앞,37.58573532,127.0016098
 동대문역 8번 출구,서울특별시 종로구 율곡로 지하 308 동대문역 8번출구,37.57014084,127.0093765
 경희궁 자이 3단지,서울특별시 종로구 경교장길 35 경희궁자이 3단지,37.56748962,126.9659195
 경희궁 자이 2단지,서울특별시 종로구 송월길 99 경희궁 자이 3단지,37.56885529,126.9645615
 종묘공영주차장 건너편,서울특별시 종로구 종로 지하 200 종묘공영주차장 건너편,37.57048035,126.9966354
 상명대입구,서울특별시 종로구 홍지문길 1 상명대 입구,37.60012817,126.9578323
 신영동삼거리,서울특별시 종로구 진흥로 499 신영동 삼거리,37.60399246,126.9619446
 일성아파트,서울특별시 종로구 평창문화로 119 일성아파트,37.60871887,126.9728622
 효자동 삼거리,서울특별시 종로구 효자로13길 45 종로구 궁정동 98-2,37.58360291,126.9725494
 청와대앞길,서울특별시 종로구 청와대로 73 종로구 세종로 1-54,37.58351517,126.9796677
 동대문 종합시장 버스정류장,서울특별시 종로구 종로 239 동대문 종합시장 버스정류장,37.57123947,127.0044098
 종로오가 지하쇼핑센터 14번출구,서울특별시 종로구 종로 지하 200 종로5가 지하쇼핑센터 14번출구,37.57114029,127.0006714
 종로2가 버스정류장 (종각방향),서울특별시 종로구 종로 79-1 종로2가 버스정류장 (종각방향),37.57035828,126.9863815
 종로6가역 버스정류장(동대문 방향),서울특별시 종로구 종로 254-1 삼익한의원,37.570961,127.0060577
 숭인2동 주민센터 입구,서울특별시 종로구 종로 383-1 숭인2동 주민센터 입구 (이강3대냉면),37.57447052,127.0198288
 종로꽃시장 입구 옆,서울특별시 종로구 율곡로 지하 308 종로?시장 입구 옆,37.57131958,127.0072098
 광화문역 5번출구,서울특별시 종로구 세종대로 152 일민미술관,37.56989288,126.9775696
 서울지방경찰청,서울특별시 종로구 사직로8길 31 서울지방경찰청,37.57436371,126.9723663
 신영동삼거리(북악터널방향),서울특별시 종로구 평창문화로 6-4 신영동삼거리(북악터널방향),37.60351181,126.9620667
 삼청동 골목,서울특별시 종로구 팔판길 46 삼청동 골목,37.58419037,126.9816971
 삼청공원 앞,서울특별시 종로구 삼청동 25-32,37.58760452,126.9835968
 평창동주민센터 앞,서울특별시 종로구 평창문화로 65 평창동 주민센터,37.60627365,126.9683228
창신두산아파트,서울특별시 종로구 지봉로5길 7 두산아파트,37.57376099,127.0139389
이화공영주차장,서울특별시 종로구 이화동 13-2,37.57660675,127.0055695
서울특별시 중부교육지원청,서울특별시 종로구 대학로 8 수도빌딩,37.57185364,127.0023575
파크팰리스,서울특별시 종로구 사직로8길 20 경희궁 파크팰리스,37.57455063,126.9705505
안국동사거리(신),서울특별시 종로구 안국동 175-92,37.57580566,126.9833908
종로타워빌딩,서울특별시 종로구 공평동 70-4,37.57070541,126.9832382
종로3가역 8번출구,서울특별시 종로구 돈화문로10길 2,37.5724678,126.99189
종묘,서울특별시 종로구 종로 153-2 가로판매대,37.57072067,126.9943771
세운상가,서울특별시 종로구 종로 152,37.5703125,126.994545
종로플레이스,서울특별시 종로구 창경궁로 120 종로플레이스,37.57320023,126.997963
종로5가역 4번출구,서울특별시 종로구 종로5가 79-2,37.57117462,127.0022278
동대문역6번출구,서울특별시 종로구 종로 302 1호선 동대문역,37.57146072,127.010788
동묘앞역 6번출구,서울특별시 종로구 창신동 397-6,37.5715332,127.0156174
창신3동주민센터,서울특별시 종로구 창신동 23-825,37.57772446,127.0152512
창신역2번 출구,서울특별시 종로구 창신동 1-105,37.57998657,127.0150604
국립어린이과학관,서울특별시 종로구 와룡동 2-85,37.58194733,126.9973679
 성균관대입구 사거리 B,서울특별시 종로구 명륜2가 197-4,37.58327484,126.9988556
혜화역 1번출구,서울특별시 종로구 대학로 144 중원빌딩,37.58385468,127.0018539
성균관대 정문,서울특별시 종로구 명륜2가 133,37.58479691,126.9971314
현대그룹(본사),서울특별시 종로구 연지동 1-38,37.57583618,127.0006943
광화문 풍림스페이스본 1단지앞,서울특별시 종로구 사직동 9-2,37.57529068,126.968956
독립문역 2번출구 뒤,서울특별시 종로구 무악동 32-3,37.57501602,126.9575501
인왕산 아이파크 정문,서울특별시 종로구 무악동 60-5,37.57666779,126.9558487
서울미술관,서울특별시 종로구 부암동 202-1,37.59512711,126.9634934
HW컨벤션센터 앞,서울특별시 종로구 부암동 134-2,37.59725952,126.963089
구기치안센터 앞,서울특별시 종로구 비봉길 12,37.60950089,126.9566803
로제우스 레포츠센터,서울특별시 종로구 구기동 110-22,37.60760117,126.9576874
종로2가 사거리,서울특별시 종로구 종로 98 와이.비.엠 종로빌딩,37.57001877,126.9888077
 쌍용아파트2단지 정문,서울특별시 종로구 낙산길198(창신3동),37.58131409,127.0126801
 청계3가 사거리,서울특별시 종로구 관수동91-1,37.56855774,126.9921188
 조계사앞사거리,서울특별시 종로구 삼봉로95(견지동110),37.5721817,126.9828339
 자교교회 앞,서울특별시 종로구 자하문로 56 자교교회,37.58114624,126.9712372
 올림픽기념 국민생활관 로터리,서울특별시 종로구 혜화로 50,37.58983612,126.9993439
 웰니스센터(민방위교육장 앞),서울특별시 종로구 운니동 98-7,37.57752991,126.9891281
 천지인 오피스텔 앞,서울특별시 종로구 평창동 290-15,37.60469818,126.9645157
 현대 뜨레비앙 아파트 앞,서울특별시 종로구 돈화문로11가길 59,37.57528305,126.9906235
 돈의문 박물관 마을,서울특별시 종로구 새문안로 39-1 동서한의원,37.56883621,126.9695511
 광화문역 6번출구 옆 A,서울특별시 종로구 세종로 208,37.56993103,126.9764328
 종로문화원 건너편,서울특별시 종로구 중학동 10-3,37.57571411,126.9805069
 정동사거리,서울특별시 중구 정동길 2-1 정동사거리,37.56805038,126.9692307
 청계광장 옆,서울특별시 중구 세종대로 136 청계광장 옆,37.56887817,126.9774704
 광교사거리 남측,서울특별시 중구 남대문로 125 DGB금융센터,37.56863403,126.9823151
 을지로입구역 4번출구 앞,서울특별시 중구 을지로 55 명동금융센터 앞,37.56622314,126.9835892
 KEB 하나금융그룹 명동사옥 옆,서울특별시 중구 을지로 66 한국외환은행 본점 앞,37.56546402,126.9841385
 명동성당 앞,서울특별시 중구 명동길 74 명동성당 앞,37.56447601,126.986969
 신세계백화점 본점 앞,서울특별시 중구 충무로1가 53-6,37.56143188,126.9806976
 을지로2가 사거리 북측,서울특별시 중구 을지로 79 을지로2가 사거리 북측,37.56638336,126.9872055
 을지로2가 사거리 남측,서울특별시 중구 을지로 100 을지로2가 사거리 남측,37.56599045,126.987793
 충무로역 6번출구 앞,서울특별시 중구 퇴계로 214 충무로역 3.4호선,37.56144714,126.9931107
 맥스타일 앞,서울특별시 중구 마장로 3 맥스타일,37.56918335,127.0098801
 동대문역사문화공원역 9번출구 앞,서울특별시 중구 장충단로 지하230 동대문역사문화공원역 9번출구 앞,37.56533051,127.007843
 시청역(2호선) 9번출구 뒤,서울특별시 중구 서소문로 지하127 시청역(2호선) 9번출구 뒤,37.56322861,126.9748383
 동대입구역 6번출구 뒤,서울특별시 중구 동호로 지하256 동대입구역 6번출구 뒤,37.55887222,127.0055389
 약수역 3번출구 뒤,서울특별시 중구 다산로 지하122 약수역 4번출구 뒤,37.55429459,127.0112
 청구역 2번출구 앞,서울특별시 중구 청구로 77 청구역 5.6호선,37.5604744,127.0140762
 서울역9번출구,서울특별시 중구 세종대로 지하2 서울역9번출구,37.55599976,126.9733582
 CJ제일제당 앞,서울특별시 중구 동호로 330 CJ제일제당 앞,37.56386566,127.0027466
 장충체육관,서울특별시 중구 장충동2가 200-99 장충체육관,37.55853271,127.0069885
 약수역 10번출구 앞,서울특별시 중구 신당동 357-1 약수역 10번출구 앞,37.55519867,127.0100479
 신당역 12번 출구 뒤,서울특별시 중구 신당동 99 신당역 5번 출구,37.5658493,127.0164032
 종로학원본원,서울특별시 중구 청파로 456 종로학원본원 앞,37.55978012,126.9685059
 훈련원공원주차장 앞,서울특별시 중구 을지로 227 훈련원공원주차장 앞,37.56699371,127.0034638
 을지로4가역 1번출구,서울특별시 중구 을지로 지하 178 을지로4가역 1번출구,37.5667305,126.9966049
 충무로역 1번출구,서울특별시 중구 퇴계로 212 충무로역 1번출구,37.56138992,126.9953537
 시립미술관,서울특별시 중구 덕수궁길 61 서울시립미술관,37.56505203,126.9734039
 을지로3가역 3번출구,서울특별시 중구 을지로 지하 129 을지로3가역 3번출구,37.56655884,126.9924393
 서울역 센트럴 자이아파트,서울특별시 중구 만리재로 175 서울역 센트럴 자이아파트,37.55410767,126.9654083
 명보사거리,서울특별시 중구 을지로 지하 129 명보사거리,37.56439972,126.9914322
 송도병원,서울특별시 중구 다산로 59-1 송도병원,37.54988861,127.0073471
 장충동먹자골목 앞,서울특별시 중구 장충단로 193-1  KEB하나은행 장충동지점,37.56212616,127.0062561
 청계천 영도교,서울특별시 중구 청계천로 400 롯데캐슬베네치아,37.5710144,127.0197449
 을지로입구역 2번출구,서울특별시 중구 을지로 지하 42 을지로입구역 1번출구,37.56634521,126.9822922
 신당 래미안 버스정류장,서울특별시 중구 퇴계로90길 74 신당 레미안 버스정류장 (112동 인근),37.56148911,127.0239334
 SK 남산빌딩,서울특별시 중구 퇴계로 33 SK 남산빌딩,37.55686188,126.9756165
 서울역 서부교차로2,서울특별시 중구 퇴계로 33 서울역 서부교차로2,37.55536652,126.9686432
염천교사거리,서울특별시 중구 칠패로 5 서소문공원,37.55989075,126.9714966
서울역 서부,서울특별시 중구 퇴계로 33 서울로7017편의시설,37.55641556,126.9691925
호암아트홀,서울특별시 중구 세종대로7길 57-1 구두수선대207 호암아트홀,37.5621109,126.9707184
대한상공회의소,서울특별시 중구 세종대로 39 대한서울상공회의소,37.56015396,126.9741058
롯데호텔,서울특별시 중구 을지로 30 롯데호텔,37.56584167,126.9798126
한국은행,서울특별시 중구 남대문로3가 110-8,37.5622139,126.9808655
웨스틴 조선호텔,서울특별시 중구 소공로 106 서울 웨스틴조선호텔,37.56415939,126.9794846
회현역 1번출구,서울특별시 중구 퇴계로 72 리더스뷰남산,37.5592308,126.9801407
회현역 7번출구,서울특별시 중구 회현동1가 23-1,37.55974579,126.9800034
회현사거리 남측,서울특별시 중구 퇴계로 100 스테이트타워 남산,37.56035995,126.9826508
삼일교(시그니쳐 타워),서울특별시 중구 수표동 99-1,37.56787109,126.9884033
을지로4가역 9번출구,서울특별시 중구 을지로 170,37.56605148,126.9979858
동대문역사문화공원역 1번출구 뒤편,서울특별시 중구 을지로7가 143,37.56629944,127.0084915
DDP 패션몰,서울특별시 중구 신당동 853,37.56764984,127.0118103
광희문,서울특별시 중구 광희동2가 105-32,37.56443024,127.0099564
앰배서더 호텔 주변,서울특별시 중구 장충동2가 191-65,37.55928802,127.0026856
동대입구역 3번 출구,서울특별시 중구 장충동2가 199-4,37.55937576,127.0060272
약수역 6번 출구,서울특별시 중구 다산로 122 약수역 3호선,37.55432129,127.010704
남산타운아파트 버스정류장,서울특별시 중구 다산로 32 남산타운,37.54758453,127.0064392
도동삼거리,서울특별시 중구 남창동 205-4,37.55614853,126.9774246
서울역5번출구,서울특별시 중구 세종대로 2 서울역 1호선,37.55677032,126.9731979
 삼성사이버빌리지아파트,서울특별시 중구 중림로 10 중림동 삼성 사이버 빌리지,37.55891418,126.964859
 시청역 10번출구,서울특별시 중구 서소문로 103,37.56284332,126.9726181
 서울역 7번출구,서울특별시 중구 남대문로5가 84-11,37.55664444,126.9736404
 중부경찰서앞사거리 건너편,서울특별시 중구 초동 107-12,37.56474304,126.9909515
 국제빌딩,서울특별시 중구 남대문로 109,37.56693268,126.9825821
 동대문디자인플라자,서울특별시 중구 을지로6가 18-169,37.5683136,127.0094605
 서소문성지역사박물관,서울특별시 중구 중림동 373,37.56024551,126.9687805
 서울도시건축전시관,서울특별시 중구 태평로1가 60-20,37.5670166,126.9768372
 중앙일보,서울특별시 중구 서소문동58-6,37.56253433,126.972496
 을지로입구역 8번출구,서울특별시 중구 을지로1가 140-1,37.56590271,126.981781
 을지로지하쇼핑센터,서울특별시 중구 을지로 66 하나금융그룹 명동사옥,37.56589127,126.9844513
서울지방고용노동청 앞,서울특별시 중구 삼일대로 363 장교빌딩,37.56760406,126.9872589
 신세계면세점,서울특별시 중구 충무로1가 54-2,37.56027603,126.9813919
 약수동 주민센터,서울특별시 중구 다산로96,37.55281448,127.0091934
 브라운스위트레지던스,서울특별시 중구 중립동 340-1,37.56147003,126.9680176
 서소문역사공원,서울특별시 중구 의주로2가 16-6,37.56157303,126.9684906
 중부경찰서앞 사거리,서울특별시 중구 저동2가 22-1,37.56459045,126.9907684
 롯데시티호텔,서울특별시 중구 장교동 74,37.56691742,126.9878311
 명동역9번 출구,서울특별시 중구 퇴계로 135-14 구두수선대124,37.56122589,126.9874954
 퇴계로4가 교차로(중구청),서울특별시 중구 퇴계로 235 남산 센트럴 자이,37.5625267,126.9983139
 동대문역사문화공원역 5번출구,서울특별시 중구 광희동 1가 202-5,37.56430817,127.0064774
 서울역 서부교차로(3),서울특별시 중구 중구 한강대로 405,37.55540848,126.9694214
 부산은행,서울특별시 중구 무교로 6,37.5664711,126.9792557
 KG타워 앞,서울특별시 중구 통일로 92 케이지타워,37.56339645,126.9689407
 황학동롯데캐슬,서울특별시 중구 중구 청계천로 400,37.57162094,127.0220413
 필동 삼거리,서울특별시 중구 서애로 33 티엔에스빌딩,37.55969238,126.9964829
 충정로역 2호선(엘리베이터 앞),서울특별시 중구 서소문로 18 에이원빌딩,37.55937576,126.9641419
 중부세무서 앞,서울특별시 중구 남학동 12-1,37.56092453,126.9906616
청구e편한세상아파트 113동 앞,신당동 44-40,37.56104279,127.0182114
한국경제,중구 청파로 463,37.56062698,126.9676819
 목월공원 앞,서울특별시 용산구 원효로4가 109-10 목월공원 앞,37.53243256,126.9547424
 한강진역 2번 출구 앞,서울특별시 용산구 한남동 726-494 한강진역 2번 출구 앞,37.54115295,127.0022125
 한남초교 앞 보도육교,서울특별시 용산구 한남동 725-17 한남초교 앞 보도육교,37.53813934,127.004097
 문배어린이공원 앞,서울특별시 용산구 문배동 34-10 문배어린이공원 앞,37.53675842,126.9700012
 전자랜드 본관 앞,서울특별시 용산구 한강로3가 16-8 전자랜드 본관 앞,37.5330658,126.9607315
 서울역 12번 출구 앞,서울특별시 용산구 동자동 14-229 서울역 12번 출구 앞,37.55227661,126.9726868
 서빙고동 금호맨션 앞,서울특별시 용산구 서빙고동 235-5 서빙고동 금호맨션 앞,37.520504,126.9897385
 한남 유수지 복개주차장,서울특별시 용산구 독서당로 18 한남 유수지 복개주차장,37.53016663,127.0074387
 이태원지하보도,서울특별시 용산구 용산동2가 5-1812 이태원지하보도,37.53841019,126.9866486
 녹사평역1번출구,서울특별시 용산구 용산동2가 6-7 녹사평역1번출구,37.53507996,126.9853821
 용산전쟁기념관,서울특별시 용산구 용산동1가 8-4 용산전쟁기념관,37.53483963,126.9776611
 삼각지역 3번출구,서울특별시 용산구 한강로1가 228-1 삼각지역 3번출구,37.53351212,126.9722748
 LIG강촌아파트 103동앞,서울특별시 용산구 이촌동301-5 LIG강촌아파트 103동앞,37.51850891,126.9787979
 신용산역 6번출구 앞,서울특별시 용산구 한강대로 115 신용산역 6번출구 앞,37.53014755,126.968483
 삼각지역 4번출구 앞,서울특별시 용산구 한강대로 161 삼각지역 4번출구 앞,37.53345108,126.9717331
 숙명여대 입구 교차로,서울특별시 용산구 청파로47길 100 숙명여대 입구 교차로,37.54489517,126.9693832
 선린인터넷 고등학교,서울특별시 용산구 원효로97길 33-4 선린인터넷 고등학교,37.54165268,126.9705048
 청파동입구 교차로,서울특별시 용산구 한강대로 349 청파동입구 교차로,37.54902649,126.9719467
 이촌1동 마을공원,서울특별시 용산구 이촌로 219 이촌1동 마을공원,37.52202606,126.9661865
 효창동주민센터 앞,서울특별시 용산구 효창원로 161 효창동주민센터 앞,37.54232025,126.9619598
 서빙고동 주민센터 앞,서울특별시 용산구 서빙고로 279 서빙고동 주민센터 앞,37.52033615,126.9942627
 국군복지단,서울특별시 용산구 두텁바위로 54-99 국군복지단,37.54188538,126.97966
 숙대입구역 8번,서울특별시 용산구 한강대로 289 숙대입구역 8번,37.54407883,126.9720001
한강대교 북단 교차로,서울특별시 용산구 한강대로 23 베르가모앞,37.52293015,126.9616928
강변삼성스위트아파트 앞,서울특별시 용산구 원효로 35 청암자이아파트앞,37.53442383,126.9485703
이태원관광특구A(녹사평역쪽),서울특별시 용산구 이태원로 134 이태원관광특구입구,37.53427887,126.9885635
 이촌1동 주민센터 뒤,서울특별시 용산구 이촌로71길 24 이촌1동 주민센터 뒤,37.5212822,126.973465
 효창공원앞역 3번출구 뒤,서울특별시 용산구 백범로 지하 287 효창공원앞역 3번출구 뒤,37.53900909,126.96138
 남영역 건너편,서울특별시 용산구 한강대로77길 18 남영역 건너편,37.54198074,126.9715424
 현대자동차서비스 앞,서울특별시 용산구 원효로 74 현대자동차서비스 앞,37.53142166,126.9514999
 한남나들목 입구,서울특별시 용산구 서빙고로 417 한남나들목 입구,37.52906036,127.0067291
 숙대입구역 4번출구,서울특별시 용산구 한강대로 지하 306 숙대입구역 4번출구,37.5444603,126.9723892
 보광동 삼성리버빌아파트 앞,서울특별시 용산구 보광로5길 40 보광동 삼성리버빌아파트 앞,37.5240097,127.0014496
 용산 파크타워 앞,서울특별시 용산구 서빙고로 67 용산 파크타워 앞,37.52365112,126.9702683
 신용산역 1번 출구,서울특별시 용산구 한강대로 100 신용산역 1번 출구,37.52960968,126.9688721
이태원관광특구B(용산구청쪽),서울특별시 용산구 이태원로 134 녹사평역 광장,37.53379822,126.9886704
 이촌2동 동원베네스트 아파트 앞,서울특별시 용산구 이촌로14길 7 이촌2동 동원베네스트 아파트 앞,37.5271492,126.9551621
 용산 선인상가,서울특별시 용산구 새창로 181 선인상가,37.53269958,126.9643784
 용산중학교,서울특별시 용산구 두텁바위로 74 용산중학교,37.54650116,126.9809494
 삼각지12번 출구,서울특별시 용산구 이태원로 29 전쟁기념관,37.53488922,126.9756241
 삼각지 자이아파트,서울특별시 용산구 한강대로 205 용산파크자이,37.53607941,126.9734192
 KCC용산월츠타워,서울특별시 용산구 백범로90길 34 구두수선대,37.53739929,126.9689255
효창 푸르지오 앞,서울특별시 용산구 백범로 260 효창파크 푸르지오,37.54047775,126.9581146
청암자이아파트 앞,서울특별시 용산구 삼개로 60 천년명가 청암자이,37.53452682,126.9471817
용산역 맞은편,서울특별시 용산구 한강로2가 408-5,37.52848816,126.9658432
HID 유족동지회 앞,서울특별시 용산구 이태원로 287 6호선 한강진역,37.53872681,127.0015488
이촌역5번출구 앞,서울특별시 용산구 서빙고로 83 4호선 이촌역,37.52272415,126.9727707
 현대 안성타워,서울특별시 용산구 이태원로 261-1 구두수선대,37.53502274,126.9980545
녹사평역3번 출구,서울특별시 용산구 용산동4가 10-4,37.53440857,126.9868927
남산공원 야외식물원 앞,서울특별시 용산구 이태원동 259-16,37.54188538,126.9958649
LG한강 자이아파트 앞,서울특별시 용산구 이촌동 429,37.52074814,126.9708252
이촌역2번 출구,서울특별시 용산구 용산동5가 17,37.52177048,126.977005
순천향대학병원(한남오거리),서울특별시 용산구 한남동 704-11,37.53514099,127.0060043
브라운스톤 남산아파트,서울특별시 용산구 후암로 65 브라운스톤 남산아파트,37.551548,126.9768601
서빙고역 광장(1번출구),서울특별시 용산구 서빙고동 241-37,37.51990891,126.9892349
노들섬 동측 앞,서울특별시 용산구 이촌동 303-8,37.51729584,126.9591446
노들섬 서측 앞,서울특별시 용산구 이촌동 304-11,37.51731873,126.9582977
 숙명여대앞 버스정류소 주변,서울특별시 용산구 청파로47길 99,37.54498672,126.9643021
 한강GS에클라트 건너편 교통섬,서울특별시 용산구 원효로4가 113-54,37.53200531,126.9555588
 원효로다목적체육관 앞,서울특별시 용산구 원효로3가 54-14,37.5332222,126.9572372
" 노들섬 다목적홀(동쪽) 숲, 앞",서울특별시 용산구 이촌동 303-15,37.51758957,126.9592209
 국립중앙박물관 -용산가족공원 앞,서울특별시 용산구 용산동6가 11-438,37.52087784,126.9797134
 국립중앙박물관 정문 앞,서울특별시 용산구 용산동6가 11-438,37.52145767,126.9776764
 파크타워 104동 앞,서울특별시 용산구 서빙고로 69 파크타워아파트,37.52330017,126.9720612
 한남나인원 105동 앞,서울특별시 용산구 한남대로 91,37.53591919,127.0054169
 국제루터교회 앞,서울특별시 용산구 한남대로 148,37.54143906,127.0037613
 한남 준 JFSS 앞,서울특별시 용산구 이태원로 255,37.53749847,127.0008469
 서울갤러리아 앞,서울특별시 용산구 이태원로 239,37.53599548,126.9994888
 크라운호텔앞 버스정류소,서울특별시 용산구 녹사평대로 140,37.53030014,126.9913788
 신용산지하차도 앞,서울특별시 용산구 한강로3가 6,37.53248215,126.964119
 동원베네스트 건너편,서울특별시 용산구 한강로3가 37-2,37.52761078,126.9551163
 풍전아파트 건너편,서울특별시 용산구 원효로4가 114-38,37.53237915,126.9525299
 한강트럼프월드3차 앞,서울특별시 용산구 한강대로 26,37.52301788,126.96241
 삼각지역 14번 출구 앞(교통섬),서울특별시 용산구 이태원로 6,37.53528595,126.974083
 남산도서관 앞,서울특별시 용산구 소월로 109 남산도서관,37.55240631,126.9820175
 한강중학교 앞 버스정류장,서울특별시 용산구 녹사평대로73,37.5251503,126.9920883
 라인프랜즈이태원점 앞,서울특별시 용산구 이태원로 177 6호선 이태원역,37.53453064,126.9961929
 용산공원갤러리앞,서울특별시 용산구 한강로1가 1-1,37.5393219,126.9731903
 효창공원앞역 5번출구 옆,서울특별시 용산구 용문동 5-47,37.53851318,126.9635544
 한강초교보도육교 앞,서울특별시 용산구 한강대로 52-1,37.52544022,126.9645996
 용산 푸르지오 파크타운 1단지 앞,서울특별시 용산구 용산구 동빙고동 315,37.52529526,126.9958344
 센트럴파크타워 앞,서울특별시 용산구 한강로2가 220-4,37.52703476,126.9661789
 이태원역 3번 출구,서울특별시 용산구 이태원로 186 국민은행,37.53440094,126.9946671
 용산구꿈나무종합타운 앞,서울특별시 용산구 원효로2가 1-73,37.53786087,126.9656525
 용산시티파크 101동 앞,서울특별시 용산구 한강로3가 64,37.52468109,126.9681931
 청파동삼거리 앞,서울특별시 용산구 청파로 312,37.54733658,126.9703827
 동빙고근린공원,서울특별시 용산구 용산동6가 69-170,37.51794052,126.9837036
 원효로2가 교차로,서울특별시 용산구 원효로53길 4,37.53577805,126.9622116
 아메리칸센터,서울특별시 용산구 이태원로 59,37.54039001,126.9734955
 용산더프라임아파트 101동 앞,서울특별시 용산구 문배동 44,37.53930283,126.9705048
한가람아파트 앞,용산구 이촌동 301-5,37.5202713,126.9733505
 응봉역 1번출구,서울특별시 성동구 고산자로 123 응봉동 3-10,37.55125046,127.0351028
 상왕십리역 1번출구,서울특별시 성동구 하왕십리동 860-1 상왕십리역 1번출구,37.56460953,127.0291977
 왕십리교회옆,서울특별시 성동구 상왕십리동 350-1 왕십리교회옆,37.56626129,127.0236969
 서울숲 관리사무소,서울특별시 성동구 성수동1가 678-1 서울숲 관리사무소,37.54281616,127.0420837
 금호스포츠센터앞,서울특별시 성동구 금호로 30 독서당 인문아카데미센터,37.54608917,127.0250702
 왕십리 자이아파트(101동 앞),서울특별시 성동구 난계로 100 왕십리 자이아파트 103동 인근,37.56179047,127.0243912
 왕십리자이아파트 후문(삼거리),서울특별시 성동구 무학봉길 35 왕십리자이아파트 후문(삼거리),37.56014633,127.0263596
 논골사거리(금호도서관 입구),서울특별시 성동구 난계로 20 논골사거리(금호도서관 입구),37.55477905,127.0248413
 왕십리KCC스위첸아파트,서울특별시 성동구 무학봉길 35 왕십리KCC스위첸아파트,37.56068039,127.0267792
 서울숲 IT캐슬,서울특별시 성동구 광나루로 130 서울숲 IT캐슬,37.55089188,127.0447617
 금호 어울림 아파트 앞,서울특별시 성동구 광나루로 249 송정금호어울림 아파트 앞,37.54906082,127.0577927
 성수아카데미타워 앞,서울특별시 성동구 성수이로 118 라성아카데미타워 앞,37.54516602,127.0575104
뚝도아리수정수센터 버스정류소 옆,서울특별시 성동구 왕십리로11길 9 서울숲남문 버스정류소 옆,37.54122162,127.0438004
 서울숲역 5번 출구 옆,서울특별시 성동구 왕십리로 지하77 서울숲역 4번 출구 옆,37.54458237,127.0446091
 뚝섬역 1번 출구 옆,서울특별시 성동구 아차산로 18 뚝섬역 1번 출구 옆,37.5485611,127.0450058
 뚝섬역 5번 출구 정류소 옆,서울특별시 성동구 아차산로 18 뚝섬역 5번 출구 정류소 옆,37.54630661,127.0498047
 성수사거리 버스정류장 앞,서울특별시 성동구 아차산로 171 성수사거리 버스정류장 앞,37.54257965,127.0633087
 청계천 박물관 앞,서울특별시 성동구 마장동 610 청계천 박물관 앞,37.57152557,127.0353546
 양지사거리,서울특별시 성동구 홍익동 590 양지사거리,37.56699371,127.0299149
 상왕십리역 4번 출구 앞,서울특별시 성동구 하왕십리동 960-3 상왕십리역 4번 출구 앞,37.56385803,127.0303192
 왕십리역 11번 출구 앞,서울특별시 성동구 행당동 188-9 왕십리역 11번 출구 앞,37.56144714,127.0349197
 금호역 1번출구 앞,서울특별시 성동구 금호동3가 1575-3 금호역 1번출구 앞,37.5486412,127.0164261
 옥수동성당 옆,서울특별시 성동구 옥수동 산5-148 옥수동성당 옆,37.54366302,127.014061
 래미안금호하이리버 아파트 102동 옆,서울특별시 성동구 금호동2가 1220-1 래미안금호하이리버 아파트 102동 옆,37.55220032,127.0250549
 한양대병원사거리,서울특별시 성동구 행당동 20-2 한양대병원사거리,37.55805206,127.0403519
 용답토속공원 앞,서울특별시 성동구 용답동 224-1 용답토속공원 앞,37.56351089,127.0567246
 장한평역 8번 출구 앞,서울특별시 성동구 용답동 224-3 장안평역 8번 출구 앞,37.56137085,127.0636597
 청계벽산아파트 앞,서울특별시 성동구 하왕십리동 286-24 청계벽산아파트 텐즈힐아파트 정류소,37.56874847,127.0304031
 금남시장 교차로,서울특별시 성동구 금호동4가 1101 우리은행 금호동 지점 앞,37.54814911,127.0210877
 금호사거리,서울특별시 성동구 금호동2가 1205-1 금호사거리,37.54863358,127.0257263
 응봉삼거리,서울특별시 성동구 응봉동 134-26 응봉삼거리,37.5539856,127.0335922
 행당역 2번출구 앞,서울특별시 성동구 행당동 347-11 행당역 2번출구 앞,37.55735016,127.029213
 한양대후문역 부근,서울특별시 성동구 행당동 10 한양대후문역 부근 (양키캔들 앞),37.56035614,127.0413971
 답십리역 8번출구 앞,서울특별시 성동구 용답동 102-1 답십리역 8번출구 앞,37.56764984,127.0511551
 서울시설공단 앞,서울특별시 성동구 마장동 610 서울시설공단 앞,37.57164001,127.0356598
 달맞이공원,서울특별시 성동구 금호동4가 367-1 달맞이공원,37.54205322,127.020401
 도선동 주민센터 앞,서울특별시 성동구 무학로10길 6 도선동 주민센터 앞,37.56764221,127.0256958
 성동광진 교육지원청 앞,서울특별시 성동구 고산자로 260 성동광진 교육지원청 앞,37.56460571,127.0365219
 왕십리역 4번 출구 건너편,서울특별시 성동구 왕십리광장로 10-1 왕십리역 4번 출구 건너편,37.56109619,127.0367966
 비전교회 앞,서울특별시 성동구 동일로 213 비전교회 앞,37.55120468,127.0689316
 서울숲역 2번출구 앞,서울특별시 성동구 왕십리로 64 서울숲역 2번출구 앞,37.54281616,127.0446701
 군자지하보도 앞,서울특별시 성동구 동일로 313 군자지하보도 앞,37.55924606,127.07341
 성동세무서 건너편,서울특별시 성동구 광나루로 302 성동세무서 건너편,37.5479126,127.0627518
 금호역 3번출구,서울특별시 성동구 동호로 99 금호역 3번출구,37.54792786,127.0155716
 옥수역 3번출구,서울특별시 성동구 옥수동 192-2,37.54136658,127.0177612
 성수역 2번출구 앞,서울특별시 성동구 아차산로 113 성수역 2번출구 앞,37.54459,127.0570831
청계8가 사거리 B,서울특별시 성동구 청계천로 417 청계8가사거리 부근,37.57110214,127.0235596
 응봉현대아파트 정류소,서울특별시 성동구 독서당로 381 응봉동현대아파트 정류소,37.54958344,127.0302429
 성동세무서 부근,서울특별시 성동구 광나루로 297 성동세무서,37.54829025,127.0624619
 마장역 4번출구,서울특별시 성동구 마장로 292-1 마장역 4번출구,37.56520462,127.0418472
 경일중학교 앞,서울특별시 성동구 성수일로 27 경일중학교 앞,37.54317856,127.0490799
 청계천 생태교실 앞,서울특별시 성동구 마장로39길 51 청계천 생태교실 앞,37.56797028,127.0468903
 성수2가1동 공영주차장 인근,서울특별시 성동구 성수동2가 569-3 성수2가1동 공영주차장 인근,37.53680801,127.0554886
 마장동 주민센터,서울특별시 성동구 마장로42길 14 마장동 주민센터,37.56594086,127.0453949
 유니베라 앞,서울특별시 성동구 성수동2가 276-5 KEB하나은행 성수중앙지점,37.54541779,127.0526428
 성수역3번출구,서울특별시 성동구 아차산로 100 성수동2가 315-105,37.54415894,127.0566559
 중랑물재생센터(서울새활용플라자),서울특별시 성동구 자동차시장길 49 중랑물재생센터,37.55830383,127.0580597
한양대역 3번 출구,서울특별시 성동구 왕십리로 190-1 디자인노점,37.55453873,127.0437775
한양대역 1번출구,서울특별시 성동구 행당동 33,37.55657959,127.0433579
상왕십리역 6번 출입구,서울특별시 성동구 하왕십리동 903-1,37.56438065,127.0288696
뚝섬역 6번출구,서울특별시 성동구 뚝섬로1길 63 영창디지털타워,37.54695892,127.0476685
건영아파트 앞,서울특별시 성동구 동일로 265 건영아파트상가,37.55514145,127.071106
금호나들목,서울특별시 성동구 금호로 15 서울숲푸르지오아파트,37.54404068,127.023201
성동도로사업소,서울특별시 성동구 자동차시장길 11 대승모터스,37.55979919,127.0563278
서울숲 공영주차장앞,서울특별시 성동구 성수동1가 719,37.54195786,127.0427704
마장역3번출구,서울특별시 성동구 마장로 302,37.565979,127.0431137
양지사거리(센트라스APT 115동앞),서울특별시 성동구 왕십리로 410 센트라스,37.56681824,127.0291519
신금호파크자이APT앞,서울특별시 성동구 금호동2가 1-5,37.55610657,127.019783
서울숲리버뷰자이APT105동 앞,서울특별시 성동구 행당동 379-1,37.55653,127.0391312
마장동 금호어울림APT앞,서울특별시 성동구 마장동 336-11,37.56339645,127.0418701
성동구민종합체육센터 앞,서울특별시 성동구 성수동1가 685-632,37.54590988,127.0446014
성동구 견인차량 보관소 앞,서울특별시 성동구 천호대로78길 9,37.56370926,127.0564499
행당동 삼부APT후문,서울특별시 성동구 왕십리로 278-17 행당동삼부아파트상가,37.55926895,127.0383987
사근빗물펌프장 건너편,서울특별시 성동구 사근동 241-1,37.56119156,127.0496826
 코오롱디지털타워 3차앞,서울특별시 성동구 아차산로 39-1 구두수선대,37.54655838,127.0499878
 르노삼성자동차 성수사업소 앞,서울특별시 성동구 광나루로270,37.54824448,127.0595779
 행당중학교 후문,서울특별시 성동구 왕십리로189,37.5540123,127.0415497
 신금호역 2번출구 앞,서울특별시 성동구 신금호역 2번출구,37.55507278,127.0198898
 kt 행당빌딩 앞,서울특별시 성동구 성동구 고산자로 212,37.55862045,127.0343552
성동교 사거리,서울특별시 성동구 성동구 광나루로 130,37.55141449,127.044754
 서울숲 지식산업센터,서울특별시 성동구 서울 성동구 성수일로 10. 서울숲 itct 지식산업센터 앞,37.54127502,127.0484924
 우영테크노센터 앞,서울특별시 성동구 성동구 아차산로 144,37.54332352,127.0597153
 더스페이스타워 앞,서울특별시 성동구 광나루로 144 더 스페이스 타워,37.55140305,127.0463638
 페코텍글로벌허브빌딩 앞,서울특별시 성동구 동일로 169,37.54753494,127.0668259
 푸조비즈타워 앞,서울특별시 성동구 성동구 광나루로 310,37.54808044,127.0646133
 용답동 우체국 주변,서울특별시 성동구 천호대로 384,37.56168747,127.0615158
 현대자동차 동부서비스센터 주변,서울특별시 성동구 성수이로 134 현대자동차써비스(주)동부사업소,37.546978,127.0579681
 성수역 1번출구 주변,서울특별시 성동구 아차산로 83 에프투텔레콤,37.54555893,127.0533676
 하우스디세종타워 앞,서울특별시 성동구 성수일로10길 26 하우스디 세종타워,37.54644394,127.0533218
서울숲역3번출구,성동구 성수동1가 694-71,37.54255676,127.0442352
신답역 1번출구,성동구 용답동 128-3,37.57045364,127.0469437
답십리역 6번출구,성동구 천호대로282,37.56678009,127.05233
상원삼거리 장안철교 아래,성동구 성수동1가 2-20,37.55105209,127.0522232
서울시립24시간게스트하우스,성동구 송정동 73-1113,37.55433273,127.0582275
 군자역2번출구,서울특별시 광진구 능동로 313 군자역2번출구,37.55758667,127.0796967
 광진구청 앞,서울특별시 광진구 자양로 131 광진구청 앞,37.53950119,127.0830002
 중곡역 1번출구,서울특별시 광진구 능동로 지하 417 중곡역 1번출구 앞,37.56565857,127.0842972
 광진유진스웰,서울특별시 광진구 아차산로78길 7 광진유진스웰,37.55048752,127.1089554
 원일교회,서울특별시 광진구 아차산로 304 원일교회,37.53805161,127.0765991
 신양초교앞 교차로,서울특별시 광진구 능동로 42 신양초교앞 교차로,37.5352211,127.0683975
 영동대교 북단,서울특별시 광진구 자양동 203-22 영동대교 북단,37.53701401,127.0610962
 어린이회관,서울특별시 광진구 능동 465-7 어린이회관,37.54595184,127.0780029
 화양사거리,서울특별시 광진구 화양동 21-6 화양사거리,37.54822159,127.0678787
 세종사이버대학교,서울특별시 광진구 군자동 111-2 세종사이버대학교,37.55341721,127.0731964
 중곡SK아파트앞,서울특별시 광진구 용마산로32길 32 중곡SK아파트앞,37.56864929,127.0862503
 구의아리수정수센터앞,서울특별시 광진구 광나루로 571 구의아리수정수센터앞,37.54370499,127.0932465
 용마사거리,서울특별시 광진구 능동로 373 용마사거리,37.5625267,127.0822754
 군자역 7번출구뒤,서울특별시 광진구 천호대로 지하 550 군자역 7번출구 뒤,37.55686188,127.0791397
 광진경찰서,서울특별시 광진구 자양로 167 광진경찰서,37.54251862,127.0840836
 현대홈타운 뒷길,서울특별시 광진구 아차산로69길 29 현대홈타운 뒷길,37.54342651,127.0966187
 건국대학교 과학관(이과대) 앞,서울특별시 광진구 능동로 120 건국대학교 과학관(이과대) 앞,37.54171753,127.0801697
 광진정보도서관,서울특별시 광진구 아차산로78길 90 광진정보도서관,37.55059814,127.1105118
 어린이대공원정문,서울특별시 광진구 능동로 216 어린이대공원정문,37.54978943,127.0759277
 건대입구역 사거리(롯데백화점),서울특별시 광진구 능동로 92 건대입구역 사거리(롯데백화점),37.53913879,127.0706177
 건대입구역 5번출구 뒤,서울특별시 광진구 아차산로 236 건대입구역 5번출구 뒤,37.5401268,127.0694962
 중앙농협(자양동),서울특별시 광진구 뚝섬로 639 중앙농협(자양동),37.53181076,127.0807419
 아차산 휴먼시아 아파트 옆,서울특별시 광진구 천호대로 716 아차산 휴먼시아 아파트 옆,37.54848862,127.0937576
 래미안 구의파크 스위트,서울특별시 광진구 광나루로 545 래미안파크스위트,37.5450058,127.0900345
 어린이대공원역 3번출구 앞,서울특별시 광진구 능동로 지하210 어린이대공원역 3번출구 앞,37.54706955,127.0742722
 광진구의회 앞,서울특별시 광진구 능동로 76 광진구의회 앞,37.53730774,127.0703507
 뚝섬유원지역 1번출구 앞,서울특별시 광진구 능동로 10 뚝섬유원지역 1번출구 앞,37.53186035,127.0671921
 자양사거리 광진아크로텔 앞,서울특별시 광진구 아차산로 355 타워더모스트 광진아크로텔,37.53701019,127.0822449
 광양중학교 앞,서울특별시 광진구 자양로3길 7 광양중학교 앞,37.53023529,127.0868301
 광진메디칼 앞,서울특별시 광진구 광나루로 355 광진메디컬앞,37.54840469,127.0693665
 군자교교차로,서울특별시 광진구 중곡동 263-1 군자교교차로,37.55979538,127.0742035
 군자역 7번출구 베스트샵 앞,서울특별시 광진구 군자동 499 군자역 7번출구 베스트샵 앞,37.55603027,127.0786438
 강변역 4번출구 뒤,"서울특별시 광진구 구의동 546-6 강변역 1,4번 출구 아래",37.53582382,127.094162
 구의공원(테크노마트 앞),서울특별시 광진구 구의동 546-3 구의공원(테크노마트 앞),37.53596878,127.0946732
 광남중학교,서울특별시 광진구 광장동 561-15 광남중학교,37.54072952,127.1029053
 잠실대교북단 교차로,서울특별시 광진구 자양동 722 잠실대교북단 교차로,37.53247833,127.0850906
 자양나들목,서울특별시 광진구 자양동 738 자양나들목,37.5297699,127.0748596
 아차산역 3번출구,서울특별시 광진구 구의동 96 아차산역 3번출구,37.55122375,127.0897064
 구의삼성쉐르빌 앞,서울특별시 광진구 구의강변로 106 구의삼성쉐르빌 앞,37.54006195,127.0944977
 대림아크로리버 앞,서울특별시 광진구 구의강변로 64 대림아크로리버 앞,37.53657913,127.0929718
 중곡 성원아파트 앞,서울특별시 광진구 동일로 459 중곡 성원APT 앞,37.57125473,127.0798035
 구의3동주민센터,서울특별시 광진구 강변역로 17 구의3동주민센터,37.53784943,127.0921707
 세종대학교 대양AI센터,서울특별시 광진구 군자동 98-22,37.55039597,127.0758591
 구의문주차장 앞,서울특별시 광진구 능동로 216 구의문주차장 앞,37.54523087,127.0847321
 아차산역4번출구,서울특별시 광진구 능동로 216 아차산역4번출구,37.55184937,127.0889816
 대원중고교 입구(대하빌딩),서울특별시 광진구 용마산로 120 중앙농협 중곡지점,37.56429291,127.086937
 광나루역 3번 출구,서울특별시 광진구 아차산로 552 광나루역 3번 출구,37.54483032,127.1042633
 광진청소년수련관,서울특별시 광진구 구천면로 2 광진청소년수련관,37.54654694,127.1061325
 광진광장 교통섬,서울특별시 광진구 군자동 374-8 광진광장 교통섬,37.54782867,127.0726318
 뚝섬 유원지역,서울특별시 광진구 능동로 10 뚝섬유원지역,37.53268814,127.0674973
 건국대학교 (입학정보관),서울특별시 광진구 능동로 120 입학정보관,37.53989029,127.0733643
 건국대학교 (행정관),서울특별시 광진구 능동로 120 행정관,37.54277802,127.0753708
 건국대학교 학생회관,서울특별시 광진구 능동로 120 학생회관,37.54191208,127.0776367
자양중앙나들목,서울특별시 광진구 자양강변길 301 광진구 자양2동 705,37.52845383,127.0780335
 세종대학교(학술정보원),서울특별시 광진구 능동로 209 세종대학교,37.55137253,127.07444
구의7단지현대아파트,서울특별시 광진구 구의강변로3가길 33 구의7단지조합현대아파트,37.53680038,127.0908356
나루마당,서울특별시 광진구 구의동 175-1,37.54707336,127.0982895
우성4차아파트,서울특별시 광진구 자양동 712,37.53507233,127.0761108
건대병원후문,서울특별시 광진구 화양동 4-1,37.53956604,127.0724411
구의역 리버비스타 오피스텔,서울특별시 광진구 아차산로 417,37.53809738,127.0890198
화양 APT(횡단보도 옆),서울특별시 광진구 화양동 24-33,37.54434967,127.0654068
광나루안전체험관,서울특별시 광진구 능동 18,37.5513382,127.0767136
 자양사거리(서원빌딩),서울특별시 광진구 아차산로 360 서원빌딩,37.53657532,127.0825806
광진 캠퍼스시티,서울특별시 광진구 화양동 21-62,37.54788971,127.0674515
광진광장,서울특별시 광진구 군자동 374-10,37.54747009,127.073967
화양동 우체국,서울특별시 광진구 화양동 18-39,37.54798889,127.0695038
군자역 비채온 오피스텔,서울특별시 광진구 군자동 473-26,37.55771255,127.0772705
우성식품 앞,서울특별시 광진구 구의동 201-2,37.54246521,127.0942307
세종대학교(영실관),서울특별시 광진구 군자로 114 세종초등학교,37.55237198,127.0735397
 어린이대공원역 2번출구,서울특별시 광진구 광진구 능동 463-1,37.54764938,127.074707
 건국대학교 정문 앞,서울특별시 광진구 광진구 광나루로 416,37.5465126,127.0757141
 동일로58길 입구,서울특별시 광진구 광진구 동일로 296,37.55775452,127.0729752
 광진소방서 앞,서울특별시 광진구 광진구 광나루로 486,37.5450058,127.083374
 이튼타워리버 2차,서울특별시 광진구 광진구 능동로 50,37.53520966,127.0690002
 자양한강도서관,서울특별시 광진구 광진구 뚝섬로52길 58,37.52916336,127.0779877
 동서울우편집중국 앞,서울특별시 광진구 광진구 자양로 80,37.53470993,127.0844727
 장로회신학대학교 주기철 기념관,서울특별시 광진구 광장로5길 25-1 장로회신학대학교,37.54983902,127.1030273
 중랑천 뚝방길 산책로 입구,서울특별시 광진구 광진구 동일로 399,37.56628036,127.0774765
 신자초교입구 교차로,서울특별시 광진구 뚝섬로 596,37.53298569,127.0757904
 홍련봉 공원,서울특별시 광진구 광진구 천호대로 717-18,37.54896927,127.0935288
 자양2동 주민센터,서울특별시 광진구 자양로3가길 28,37.52879333,127.0846329
광진구 민방위교육센터,서울특별시 광진구 구의동 623-1,37.5391922,127.0980148
웰츠타워 오피스텔,광진구 자양동 252-133,37.53803253,127.0835571
 휘경2동 주민센터,서울특별시 동대문구 한천로 329 휘경2동 주민센터,37.58991241,127.0686798
 용신동주민센터,서울특별시 동대문구 용두동 65-25 용신동주민센터,37.57594681,127.0373612
 장안동 사거리,서울특별시 동대문구 장한로 25길 2 장안동 사거리,37.57217407,127.0713882
 신설동역8번출구,서울특별시 동대문구 천호대로 26 신설동역9번출구,37.57419968,127.0264969
 휘경공고앞,서울특별시 동대문구 겸재로 21 휘경공고앞,37.58462524,127.0702896
 신이문역 2번출구,서울특별시 동대문구 이문동186-1 신이문역 2번출구,37.60271072,127.0678635
 전농삼성아파트,서울특별시 동대문구 전농로 192 전농삼성아파트,37.58131027,127.0553436
 제기2교,서울특별시 동대문구 제기동 122-388,37.58774567,127.037384
 동대문중 교차로,서울특별시 동대문구 답십리동 524-1 동대문중 교차로,37.57308578,127.0521622
 시립동부병원 앞 사거리,서울특별시 동대문구 용두동 237-10 시립동부병원 앞 사거리,37.57366562,127.0308151
 신설동역 10번출구 앞,서울특별시 동대문구 신설동 92-34 신설동역 10번출구 앞,37.57527161,127.023468
 용두동 사거리,서울특별시 동대문구 용두동 237-10 용두동 사거리,37.57768631,127.0310135
 용두동 래미안허브리츠아파트 앞,서울특별시 동대문구 용두동 696-13 용두동 레미안허브리츠아파트 앞,37.57638168,127.0351105
서울시립대 정문 앞 A,서울특별시 동대문구 전농동 135-5 시립대 앞,37.58256149,127.0543671
 청솔우성아파트 앞,서울특별시 동대문구 답십리동 94-2 청솔우성아파트 앞,37.57420349,127.0576935
전농초등학교 건너편,서울특별시 동대문구 전농동 693-1,37.57489014,127.0535355
 전농사거리 교통섬,서울특별시 동대문구 사가정로 119 전농사거리 교통섬(전농서적 앞),37.57779312,127.0578308
서울시립대 정문 앞 B,서울특별시 동대문구 서울시립대로 161 서울시립대 정문 앞(시더프라자빌딩 앞),37.58369827,127.0538559
 전농동 동아아파트 앞,서울특별시 동대문구 서울시립대로 31 전농동 동아아파트 앞(T-World 앞 보도),37.57418823,127.0458908
 군자교 서측 녹지대,서울특별시 동대문구 장한로6길 95 군자교녹지대 동측 앞,37.56115341,127.0709686
 장안동삼거리 교통섬,서울특별시 동대문구 사가정로 240 장안동삼거리 교통섬,37.57863235,127.071907
 휘봉고등학교 앞,서울특별시 동대문구 한천로 290 휘봉고등학교 앞,37.58681488,127.067543
 동대문구 보건소,서울특별시 동대문구 천호대로 145 동대문구 보건소,37.57485199,127.0403061
 답십리역 1번출구,서울특별시 동대문구 천호대로 269 답십리역 1번출구,37.5681839,127.0512772
 청량리 기업은행 앞,서울특별시 동대문구 홍릉로 1 청량리 기업은행 앞,37.58040619,127.0448227
 외국어대 정문 앞,서울특별시 동대문구 이문로 107 외국어대 정문 앞,37.59601974,127.0598297
 시조사 앞,서울특별시 동대문구 이문로1길 11 시조사 앞 (청량고정문 옆),37.58751678,127.0527725
 세종대왕기념관 교차로,서울특별시 동대문구 회기로 56 세종대왕기념관 교차로,37.59090042,127.0425873
 KAIST 경영대학 앞,서울특별시 동대문구 회기로 85 KAIST 경영대학 앞,37.59161377,127.0457916
 서울시립대 정보기술관,서울특별시 동대문구 한천로43길 12-14 서울시립대 정보기술관,37.58300781,127.0609741
 서울시립대 후문,서울특별시 동대문구 한천로43길 12-14 서울시립대 후문,37.58512497,127.0609512
 동대문경찰서 교차로,서울특별시 동대문구 홍릉로 26-1 거리가게,37.58255005,127.0446014
 용두역 4번출구,서울특별시 동대문구 청계천로 563 용두역 4번출구,37.57375336,127.0385361
 신답역 사거리,서울특별시 동대문구 천호대로 231,37.57035446,127.0484314
 동대문구민체육센터 (육교아래),서울특별시 동대문구 장안동 473-6,37.56697083,127.074295
 장안동위더스빌옆,서울특별시 동대문구 한천로 42 장안동위더스빌옆,37.56669998,127.0624237
 중랑교사거리,서울특별시 동대문구 망우로 131 중랑교사거리,37.59153366,127.0677414
 답십리 래미안엘파인아파트 입구,서울특별시 동대문구 사가정로 190 답십리 래미안엘파인아파트 입구,37.57653046,127.0659409
 전농동 텃골공원,서울특별시 동대문구 사가정로 65 전농동 텃골공원,37.57762146,127.0521088
 영휘원 교차로,서울특별시 동대문구 홍릉로 78-1 영휘원 교차로,37.58723831,127.0431366
 동대문롯데캐슬아파트 앞,서울특별시 동대문구 전농동 695-5,37.57573318,127.0484772
 제기동역1번출구,서울특별시 동대문구 왕산로 87 제기역1번출구,37.57835007,127.0333862
 동의보감타워,서울특별시 동대문구 왕산로 128 동의보감타워,37.57799911,127.0376282
 경희대학교 청운관,서울특별시 동대문구 경희대로 23 경희의료원,37.59460068,127.0519714
외대앞역 3번출구,서울특별시 동대문구 휘경로14가길 31 외대앞역 4번출구,37.59489059,127.0630264
 서울시립대 건설공학관,서울특별시 동대문구 서울시립대로 163 서울시립대학교,37.58412933,127.0579376
이문동 쌍용아파트 정문,서울특별시 동대문구 한천로58길 47 쌍용아파트,37.59960556,127.0686417
이문대성유니드아파트 앞,서울특별시 동대문구 한천로58길 151 이문동대성유니드아파트,37.60362244,127.0708313
청량차도 육교 밑,서울특별시 동대문구 청량리동 49,37.58670807,127.0468826
서울축산농협(장안지점),서울특별시 동대문구 장한로 79,37.56787109,127.068718
청계한신휴플러스앞 삼거리,서울특별시 동대문구 서울시립대로 14 청계한신휴플러스,37.57214737,127.0446091
삼육서울병원 버스정류장,서울특별시 동대문구 망우로 74,37.58968735,127.061409
대광빌딩,서울특별시 동대문구 신설동 81-197,37.57734299,127.0233765
대광고등학교,서울특별시 동대문구 안암로 6 대광중고등학교,37.57875061,127.024025
안암골벽산아파트(후문),서울특별시 동대문구 약령시로 25 안암골 벽산아파트,37.58407974,127.0310364
고대앞사거리 교통섬,서울특별시 성북구 안암동5가 40-11,37.58655167,127.0331421
FITI시험연구원 앞,서울특별시 동대문구 제기동 891-2,37.58143234,127.0354767
청량리역 4번 5번출구 사이,서울특별시 동대문구 왕산로 202-1 가로판매대,37.5801506,127.0457993
장안힐스테이트(아) 앞,서울특별시 동대문구 장안벚꽃로1길 7 장안 힐스테이트,37.57655716,127.0743103
전농SK아파트 앞,서울특별시 동대문구 사가정로 150,37.57787704,127.0616837
꿈마루어린이도서관 앞,서울특별시 동대문구 이문동 346-131,37.59238434,127.0574112
서울특별시 동부교육지원청(육교),서울특별시 동대문구 전농로 168 서울동부교육지원청,37.5798378,127.0563736
 휘경1동주민센터 앞,서울특별시 동대문구 외대역동로6길 3,37.59286499,127.0655594
 휘경sk뷰아파트 앞,서울특별시 동대문구 휘경로 71 맞은편,37.59383774,127.0678177
 외대앞역 교차로,서울특별시 동대문구 외대역동로 67 맞은편,37.59436417,127.0645981
 서울교통공사사거리 교통섬,서울특별시 동대문구 천호대로 343,37.56324005,127.057991
 장안동근린공원 입구,서울특별시 동대문구 장한로 191 동대문구청소년독서실,37.57633209,127.0717239
 답십리파크자이아파트 앞,서울특별시 동대문구 답십리로56길 124,37.5676918,127.0578919
 용두롯데캐슬리치아파트 앞,서울특별시 동대문구 용두동 150-32,37.57958603,127.0302429
 한국국방연구원 앞,서울특별시 동대문구 회기로 37 한국국방연구원,37.59139633,127.0402985
 휘경여중고삼거리,서울특별시 동대문구 한천로 264 맞은편,37.58392334,127.0682755
 이문e편한세상아파트 앞,서울특별시 동대문구 한천로63길 10 이문e편한세상아파트,37.60460281,127.0669251
 휘경119안전센터 앞,서울특별시 동대문구 망우로 114,37.59087372,127.065361
 서울문화재단 앞,서울특별시 동대문구 청계천로 517,37.57130051,127.0336227
 청계9가교차로 앞,서울특별시 동대문구 청계천로 471,37.57014847,127.0299225
 배봉초교 교차로,서울특별시 동대문구 사가정로 200,37.57846832,127.0668945
 종암초등학교 뒤(새울센스빌),서울특별시 동대문구 약령시로 20 새울센스빌,37.58265686,127.0319672
 베네스트 오피스텔 앞,서울특별시 동대문구 무학로 134-2 구두수선대,37.57817078,127.0317001
이문삼익아파트 앞,동대문구 이문동 76,37.5963974,127.0677643
래미안허브리츠아파트 앞,동대문구 용두동 792-7,37.57426071,127.0354538
제기동 현대아파트 앞,동대문구 제기동 891-2,37.57994843,127.0353241
삼성생명 앞,동대문구 용두동 47-1,37.57902145,127.042244
 극동늘푸른아파트,서울특별시 중랑구 동일로 941 중랑구 묵동 189-2,37.61473846,127.0763626
 금란주차장 앞,서울특별시 중랑구 망우로 448 금란주차장 앞,37.60007095,127.1023331
 중화빌딩 앞 (동부시장),서울특별시 중랑구 망우로 211 중화빌딩,37.59424973,127.0765762
 동일로 지하차도,서울특별시 중랑구 망우로 233 중랑구 중화동 211-3,37.59529877,127.0800324
 망우역 1번출구,서울특별시 중랑구 망우로55길 11-10 망우역 1번출구,37.59909821,127.0929489
 먹골역 1번출구 뒤,서울특별시 중랑구 공릉로 12 중랑구 묵동 189-4,37.61151123,127.0778885
 먹골역 6번출구 앞,서울특별시 중랑구 동일로 지하 901 먹골역 6번출구 앞,37.61072159,127.0774765
 면목 대원칸타빌아파트,서울특별시 중랑구 용마산로 285 581 번지,37.57778168,127.0901871
 상봉시장앞 교차로 한성빌딩 앞,서울특별시 중랑구 면목로 456 중랑구 면목동 282-4,37.59254074,127.0867386
 사가정역 2번출구,서울특별시 중랑구 면목로 325,37.58098984,127.0882416
 상봉역 3번출구,서울특별시 중랑구 면목로 480 중랑구 상봉동 160-22,37.59521866,127.0859985
 새솔초등학교,서울특별시 중랑구 신내역로1길 164 새솔초등학교,37.61743927,127.1090164
 신내어울공원 앞,서울특별시 중랑구 신내로16길 33 신내동 의료안심주택,37.61394501,127.097702
 신내역 4번출구,서울특별시 중랑구 신내로 지하 232 신내역 4번출구,37.61246109,127.1033783
 신내우디안아파트 1단지,서울특별시 중랑구 신내역로 213 신내우디안아파트 1단지,37.62009811,127.1064606
 양원역 2번출구,서울특별시 중랑구 송림길 147 양원역 2번출구,37.6063118,127.1077423
신성미소지움아파트,서울특별시 중랑구 용마산로86길 9-27 용마문화복지센터,37.58745956,127.0959702
 면목도시개발아파트 1동 앞,서울특별시 중랑구 용마산로 지하 227 면목도시개발아파트 1동 앞,37.57358932,127.0868225
 용마산역 1번출구,서울특별시 중랑구 용마산로 지하 227 중랑구 면목동 1381,37.57429886,127.0869141
 원묵고등학교,서울특별시 중랑구 숙선옹주로 66 중랑구 묵동 20-3,37.61602402,127.085968
 장안중학교,서울특별시 중랑구 동일로 778 동일로 778,37.59995651,127.0800018
 중랑구청,서울특별시 중랑구 봉화산로 179 중랑구 신내동 662-1,37.60615158,127.092598
 중랑구청 사거리,서울특별시 중랑구 봉화산로 194 중랑구 신내동 561,37.60649872,127.0954514
 중화역 2번출구,서울특별시 중랑구 동일로 지하 797 중랑구 중화동 50-3,37.60207748,127.0795822
 능산삼거리,서울특별시 중랑구 용마산로 644 능산삼거리,37.60868073,127.1007919
 동원베네스트 건물 앞,서울특별시 중랑구 용마산로 640,37.60810089,127.101181
 늘푸른공원 앞,서울특별시 중랑구 동일로 594 늘푸른공원 앞,37.5834198,127.0799255
 홈플러스 신내점 앞,서울특별시 중랑구 신내로 지하 232 홈플러스 신내점 앞,37.61616898,127.093483
 면목2동 사거리,서울특별시 중랑구 동일로 628 하나은행,37.58637238,127.0800705
 신내능말공원,서울특별시 중랑구 신내역로 165 신내 데시앙포레,37.61670685,127.11026
 중랑구 중소기업 창업센터,서울특별시 중화동 50-8 (구)신한은행 중랑교지점,37.59859085,127.0798187
 면목4치안센터,서울특별시 면목동 646-4 면목4치안센터,37.57402802,127.0805435
 용마지구대 A,서울특별시 면목동 197-5 용마지구대,37.5799408,127.0793991
 중랑전화국 교차로,서울특별시 중랑구 면목동 282-8 중랑전화국 교차로,37.59130096,127.0803299
 면목역 3번출구,서울특별시 면목동 120-2 면목역 3번출구,37.58890152,127.0872803
 코스트코 상봉점,서울특별시 상봉동 160-3 코스트코 상봉점,37.59732056,127.089798
 상봉역 1번출구,서울특별시 중랑구 망우로 297 상봉역 1번출구,37.59655762,127.0858383
 화랑대역 7번출구,서울특별시 중랑구 묵동 6-3,37.61963654,127.0850449
 중랑세무서,서울특별시 중랑구 망우로 176 중랑세무서,37.59275818,127.07267
 겸재교 진입부,서울특별시 중랑구 겸재로 68 겸재교진입부,37.58565521,127.0750504
 중랑캠핑숲,서울특별시 중랑구 송림길 172 중랑캠핑숲,37.60460281,127.1092529
 한국전력공사(동대문 중랑지사),서울특별시 중랑구 동일로 862 한국전력공사(동대문 중랑지사),37.6073494,127.0785904
 상봉역 2번 출구,서울특별시 중랑구 망우로 297 상봉역 2번 출구,37.59632874,127.0858994
 상아빌딩(우림시장 교차로),서울특별시 중랑구 용마산로 494 상아빌딩(우림시장 교차로),37.59511185,127.1003265
 동원사거리,서울특별시 중랑구 겸재로 229 동원사거리,37.58975983,127.0932388
 상봉터미널2,서울특별시 중랑구 용마산로115길 127 용마산로115길 127,37.59733963,127.0930862
 용마한신아파트사거리,서울특별시 중랑구 용마산로 313 용마한신아파트사거리,37.58034897,127.0926514
동양엔파트 앞,서울특별시 중랑구 망우로 203 중화동주상복합,37.593853,127.0750732
동부시장 북문 앞,서울특별시 중랑구 망우로 214 우도빌딩,37.59386826,127.0765228
중랑구민회관,서울특별시 중랑구 면목로 238 중랑구민회관,37.57407761,127.0850067
중화역 4번출구,서울특별시 중랑구 동일로 815,37.60305405,127.0790024
두산대림아파트 삼거리,서울특별시 중랑구 신내로23길 9 묵동근생빌딩,37.61882401,127.0875702
sk신내 주유소앞(용마산로),서울특별시 중랑구 신내동 353-2,37.61362076,127.1011505
먹골역 7번 출구,서울특별시 중랑구 동일로 901 먹골역,37.6114769,127.0773926
먹골역 4번출구,서울특별시 중랑구 동일로 890,37.60982132,127.0781326
중화동 우리은행 앞,서울특별시 중랑구 동일로 837 우리은행,37.60520172,127.0785828
동양쇼핑 정류소 앞,서울특별시 중랑구 묵동 190-2,37.61535263,127.0784912
영성빌딩(PAT),서울특별시 중랑구 동일로 824 신성빌딩,37.60408401,127.0792313
중랑역 1번 출구(중화문화복지센터),서울특별시 중랑구 중화동 321-129,37.59489059,127.0749512
서울중랑우체국,서울특별시 중랑구 망우로 271 서울중랑우체국,37.59581375,127.08284
면목삼익아파트 앞,서울특별시 중랑구 동일로 501 면목삼익아파트,37.57598495,127.0796051
홈플러스 상봉점 앞,서울특별시 중랑구 상봉동 500-1,37.59832764,127.0922699
면목 홈플러스 2,서울특별시 중랑구 사가정로 326 중랑구 실향민협의회,37.58105469,127.0820923
용마지구대 B,서울특별시 중랑구 동일로 566 중랑경찰서용마지구대,37.58111191,127.080101
 새우개마을,서울특별시 중랑구 신내동278-50,37.61571121,127.1010437
 상봉2동 주민센터 앞,서울특별시 중랑구 상봉동 126-42,37.59287262,127.0803299
 동서울농협 앞,서울특별시 중랑구 망우로 290,37.59596252,127.0847778
 라코지스테이 앞,서울특별시 중랑구 망우로232,37.59432602,127.0784607
 신내2동 주민센터 앞,서울특별시 중랑구 봉화산로 190,37.60641098,127.0940476
" 동성1,2차 아파트 앞",서울특별시 중랑구 신내로 126 동성아파트,37.61022568,127.096283
 한양수자인아파트 앞,서울특별시 중랑구 면목동 1085-1,37.58032227,127.0941544
 묵동 이마트 앞,서울특별시 중랑구 묵동 170-45,37.6132164,127.0773468
 망우지구대,서울특별시 중랑구 망우로 400,37.59877777,127.0963898
 중랑데시앙플렉스 앞,서울 중랑구 신내역로3길 40-36,37.61755371,127.1039963
 면목동 새싹어린이공원 앞,서울특별시 중랑구 동일로92길 57,37.58333206,127.0835495
 망우역 2번 출구,서울특별시 중랑구 중랑구 망우로55길 11-10(상봉동),37.60025406,127.091713
 방정환교육지원센터 옆,서울특별시 중랑구 중랑구 망우로 325(상봉동),37.59780884,127.0884476
 신내동 벽산아파트 후문 앞,서울특별시 중랑구 용마산로125길 50 벽산아파트,37.6030426,127.100502
 신내동 한살림 중랑지구 앞,서울특별시 중랑구 신내동 574-1,37.60428619,127.0973663
 신내동 한살림 중랑지구 건너편,서울특별시 중랑구 신내동 574-1,37.60446167,127.0974121
 상봉신협 앞,서울특별시 중랑구 봉우재로41길 6 청운명가프라임,37.59354401,127.0897903
 홈플러스 면목점,서울특별시 중랑구 동일로 540,37.57984543,127.0824204
 신내SK V1센터 앞,서울특별시 중랑구 중랑구 신내역로 111,37.6127243,127.11306
 용마복지센터 앞,서울특별시 중랑구 중랑구 용마산로 393,37.58686447,127.0953217
 망우동 본죽 앞,서울특별시 중랑구 망우로 467,37.60064316,127.1040497
 양원역 1번 출구,서울특별시 중랑구 망우동 253-18,37.60655212,127.1070862
 양원지구 힐데스하임 앞,서울특별시 중랑구 봉화산로 301,37.60924149,127.1062088
동원사거리 행복오피스텔 앞,서울특별시 중랑구 겸재로 240 행복오피스텔,37.58973694,127.0941925
 서울시 북부병원 앞,서울특별시 중랑구 양원역로 38 서울시북부병원 및 시립중랑노인전문요양원,37.60405731,127.107254
 신내 우디안 111동 앞,서울특별시 중랑구 신내역로1길 85 신내우디안1단지,37.61727142,127.1085434
중화수경공원,중랑구 중화동 381-3,37.60318375,127.0741348
면목라온프라이빗 아파트,중랑구 면목동197-4,37.58267593,127.0776596
봉화산역 4번 출구,중랑구 신내동629-2,37.61738586,127.0907822
신내역금강펜테리움센트럴파크,중랑구 망우동 611,37.60910034,127.1116028
 한성대입구역6번출구 뒤,서울특별시 성북구 동소문로 1 한성대입구역6번출구 뒤,37.58876419,127.0063095
 돈암초교 입구,서울특별시 성북구 동소문로13길 38 돈암초교,37.59169388,127.012497
 만해공원,서울특별시 성북구 성북로 132-1 만해공원,37.59440231,126.9923096
 성북구청,서울특별시 성북구 보문로 168 성북구청,37.58932877,127.0164337
 한성대입구역2번출구,서울특별시 성북구 동소문로 2 성북구 동소문동2가 2-3,37.58844757,127.0067062
 안암로터리 버스정류장 앞,서울특별시 성북구 안암로 69 안암로터리 버스정류장,37.58259201,127.0289764
 정릉꿈에그린1단지 201동 앞,서울특별시 성북구 아리랑로19길 20 성북구 정릉동 966-62,37.60243988,127.0116882
 고려사대부속중고 정문,서울특별시 성북구 보국문로29길 23 성북구 정릉동 966-1,37.60776138,127.0032806
 고려사대부속중고 건너편,서울특별시 성북구 보국문로29길 23 성북구 정릉동 966-1,37.60726166,127.0028381
 길음역 3번출구 뒤,서울특별시 성북구 동소문로 248 동소문로248,37.60308456,127.0247879
 종암사거리 분수대,서울특별시 성북구 종암로 147 성북구 하월곡동 104-134,37.6030426,127.0332718
 국민은행 종암동지점 앞,서울특별시 성북구 종암로3길 37-2 성북구 종암동 12-33,37.59328842,127.0366669
 래미안라센트아파트 103동 앞,서울특별시 성북구 종암로3길 37-2 성북구 종암동 12-33,37.59806824,127.0392761
 상월곡역 4번출구,서울특별시 성북구 화랑로 148 성북구 상월곡동 산7-1,37.60580826,127.0477371
 상월곡역 1번출구,서울특별시 성북구 화랑로 지하 157 성북구 상월곡동 35-9,37.60606766,127.0473175
 상월곡역 3번출구,서울특별시 성북구 화랑로 지하 157 성북구 상월곡동 26-1,37.60734177,127.0506821
 월곡역 3번출구,서울특별시 성북구 월곡로 지하 107 성북구 하월곡동 37-4,37.6026268,127.0416336
 석계역 5번출구 건너편,서울특별시 노원구 화랑로 지하 347-1 성북구 석관동 134-4,37.61355591,127.0660934
 석관초등학교 앞,서울특별시 성북구 돌곶이로22길 21 성북구 석관동 202-3,37.61052322,127.0597992
 석관동주민센터 앞,서울특별시 성북구 화랑로 296 성북구 석관동 384-2,37.61299896,127.0613098
 성북3교 위,서울특별시 성북구 보문로 192 성북3교 위,37.59125137,127.0140076
 돈암성당 옆,서울특별시 성북구 인촌로7길 120 돈암성당 옆,37.59038162,127.0171356
 용문2교 옆,서울특별시 성북구 인촌로7길 24 용문2교 옆,37.5868988,127.020752
 삼성전자서비스 성북센터,서울특별시 성북구 월계로 28 삼성전자서비스 성북센터,37.610569,127.0335083
 광운초등학교 앞,서울특별시 성북구 장위동 134-27,37.61784363,127.0550003
 성북쉼터 앞,서울특별시 성북구 성북로21길 32 성북쉼터 앞,37.59261703,126.9979324
 한성대7번출구 앞,서울특별시 성북구 동소문로 11 한성대7번출구 앞,37.58924866,127.0073776
 아리랑시네센터 앞,서울특별시 성북구 아리랑로 82 아리랑시네센터 앞,37.60028839,127.0137024
 길음8골어린이공원 옆,서울특별시 성북구 길음로13길 22 길음8골어린이공원 옆,37.60897827,127.0202484
 길음래미안아파트817동 상가 앞,서울특별시 성북구 길음로 33 길음래미안아파트817동 상가 앞,37.60710526,127.0214996
 성북제일새마을금고 본점 앞,서울특별시 성북구 길음로 20 성북제일새마을금고 본점 앞,37.60475159,127.0227585
 월계2교 버스정류장 앞,서울특별시 성북구 한천로101길 18 월계2교 버스정유장 앞,37.62382889,127.0502014
 안암2교 옆,서울특별시 성북구 안암로 17 SK제삼주유소 앞,37.5794487,127.0241928
 e 편한세상 보문아파트 내,서울특별시 성북구 낙산길 255 e 편한세상 보문아파트 내,37.58388138,127.0170975
 금호어울림센터힐 내,서울특별시 성북구 동소문로34길 73 금호어울림센터힐 내,37.60083008,127.0235519
 고려대학교 2번출구,서울특별시 성북구 종암로 지하 1 고려대학교 2번출구,37.5907135,127.0361939
 보문2교,서울특별시 성북구 보문로30길 29 보문2교,37.58869934,127.0189133
 북한산보국문역,서울특별시 성북구 보국문로 91 북한산보국문역,37.61207199,127.0081329
 정릉도서관 앞,서울특별시 성북구 보국문로 7-10 정릉도서관 앞,37.60478973,127.010582
 정릉역,서울특별시 성북구 정릉로 272 정릉역,37.60309601,127.013504
 홍익중고 입구,서울특별시 성북구 성북동 142-1,37.59296799,127.0022354
 보문역6번출구 앞,서울특별시 성북구 보문로 112-2,37.58519745,127.0196686
 보문4교 인근,서울특별시 성북구 보문로22길 28 보문4교 인근,37.58375168,127.0219498
 성북동 치안센터 앞,서울특별시 성북구 성북로 25 성북동 치안센터 앞,37.59017181,127.0040894
 선잠단지 앞,서울특별시 성북구 성북로 102-10 선잠단지 앞,37.5933609,126.9990921
 일신초등학교 옆,서울특별시 성북구 월곡로 74 일신초등학교 옆,37.59972,127.0403824
 길음문화복합미디어센터,서울특별시 성북구 길음로7길 6 길음뉴타운9단지래미안 상가,37.60429764,127.0226135
 성신여대입구 교차로,서울특별시 성북구 보문로34길 87 성신여대입구 교차로,37.59139633,127.0201569
 복자사랑 피정의 집,서울특별시 성북구 성북로 132-4 복자사랑 피정의 집,37.59453964,126.9952087
 KEB은행 고대점,서울특별시 성북구 인촌로 113 KEB은행 고대점,37.58644485,127.031601
 성북구보건소 건너편,서울특별시 성북구 화랑로 63 성북구보건소 건너편,37.60235596,127.0390778
 생명의 전화 종합복지관 앞 교차로,서울특별시 성북구 오패산로 21 생명의 전화 종합복지관 앞 교차로,37.60390854,127.0373764
 한국과학기술연구원 중문,서울특별시 성북구 화랑로14길 5 한국과학기술연구원 정문,37.59730911,127.0437851
 한국과학기술연구원 북문,서울특별시 성북구 화랑로14길 5 한국과학기술연구원 후문,37.60418701,127.0454941
길음뉴타운푸르지오아파트 3단지,서울특별시 성북구 길음로13길 39 길음뉴타운,37.60929489,127.0184784
월곡역 5번출구 앞,서울특별시 성북구 하월곡동 96-248,37.60108566,127.0412369
석계역 4번출구 뒤,서울특별시 성북구 석관동 375-97,37.61478424,127.0670013
래미안월곡아파트 입구,서울특별시 성북구 하월곡동 225-5,37.60866547,127.0362701
성신여대입구역 5번출구,서울특별시 성북구 동소문동6가 140-5,37.59282684,127.0162888
성신여대입구역 3번출구 앞,서울특별시 성북구 동소문로 98 제일은행,37.59236526,127.0162888
동선고가차도 초입,서울특별시 성북구 동소문로 130,37.59415817,127.0189667
 돈암초교입구 버스정류장(한성대입구역 방면),서울특별시 성북구 동소문동3가 66-1,37.59088135,127.0117035
석관래미안아트리치,서울특별시 성북구 석관동 323-2,37.60646057,127.0616226
성북청소년센터,서울특별시 성북구 장위동 322-8,37.61688232,127.0560684
돈암삼성풍림아파트,서울특별시 성북구 돈암동 632-6,37.5970993,127.0226288
돈암육교 하단,서울특별시 성북구 돈암동 51-10,37.59818268,127.0211792
길음뉴타운 래미안9단지,서울특별시 성북구 정릉로 243,37.60242462,127.0199814
래미안장위포레카운티(102동),서울특별시 성북구 장위동 143-12,37.61817932,127.0518341
래미안장위퍼스트하이(513동),서울특별시 성북구 장위동 201-6,37.61844254,127.0514526
 장곡초등학교 앞,서울특별시 성북구 장위동 237-132,37.61745453,127.0484467
 돌곶이역 앞,서울특별시 성북구 화랑로 지하 243,37.61131287,127.0575943
 동산어린이공원 앞,서울특별시 성북구 성북구 하월곡동 96-78,37.60623932,127.0346603
 안암역 3번 출구,서울특별시 성북구 고려대로 104-1,37.58625031,127.0309525
 미아초교버스승강장,서울특별시 성북구 성북구 길음동 1261-535,37.61207962,127.0219803
 성북청소년문화의집,서울특별시 성북구 성북구 솔샘로 107,37.61566925,127.0087662
 종암동 동덕여대 제2생활관 앞,서울특별시 성북구 성북구 종암로 123,37.60108948,127.0333176
 성북구 한예종 캠퍼스 본관,서울특별시 성북구 화랑로32길 146-37 한국예술종합학교,37.60665131,127.0561829
 성북구 한예종 캠퍼스 별관,서울특별시 성북구 화랑로32길 146-20 문화재청의릉지구관리소,37.60289764,127.0584793
 롯데캐슬클라시아 입구 앞,서울특별시 성북구 길음동 1289-3,37.6069603,127.0260696
현대백화점 미아점,성북구 길음동 20-1,37.60884857,127.0284576
하늘채코오롱아파트 앞,성북구 돌곶이로 220,37.61924744,127.0455856
" 미아역 3번,4번 출구 사이","서울특별시 강북구 도봉로 196 미아역 3,4번 출구 사이",37.62607956,127.0264816
 강북구청사거리(수유역 8번출구),서울특별시 강북구 도봉로 355,37.63926315,127.0267258
 삼양시장오거리,서울특별시 강북구 삼양로 234 다이소 삼양시장점,37.62415695,127.0186234
 강북문화예술회관,서울특별시 강북구 삼각산로 85 강북문화예술회관,37.64032745,127.0133591
 서울북부수도사업소,서울특별시 강북구 한천로 935 번동 386-17,37.63437653,127.0357513
 번동주공5단지 관리사무소 앞,서울특별시 강북구 오현로25마길 27 번동 230,37.63371658,127.0355148
 번동 금호어울림아파트102동앞,서울특별시 강북구 오현로31길 85-7 번동 656-2,37.63112259,127.0360336
 강북중학교 앞,서울특별시 강북구 한천로150길 67 수유동 694-2,37.64473724,127.0265656
 강북구청 뒷편,서울특별시 강북구 도봉로89길 13 수유동 192-59,37.63967133,127.0251999
 강북구청 사거리 버스정류소 앞,서울특별시 강북구 한천로 1009 강북구청 사거리 버스정류소,37.63880539,127.0283585
 송천동 주민센터,서울특별시 강북구 솔샘로 284 송천동 주민센터,37.61828613,127.0240479
 우이초등학교 후문 옆,서울특별시 강북구 수유동 409-131,37.63858795,127.0159073
 수유2동은행빌딩 앞,서울특별시 강북구 삼양로 439 SK telecom(수유직영점),37.64308548,127.0161667
 장미원시장 건너편,서울특별시 강북구 삼양로 474 수유동 317-3,37.64545059,127.0156174
 수유중앙시장,서울특별시 강북구 노해로 50 수유동 140,37.63986206,127.022789
 미아동 복합청사,서울특별시 강북구 솔매로49길 14 미아동 195-1,37.62714005,127.0266953
 강북종합시장 앞,서울특별시 강북구 수유동 140 수유동 채선당앞,37.64173889,127.0246277
 미아역 1번 출구 뒤,서울특별시 강북구 미아동 194-1 미아역 1번 출구 뒤,37.62733459,127.0260544
 삼각산동 주민센터,서울특별시 미아동 813-8 삼각산동 주민센터,37.61503601,127.0206986
 미아동 한국전력공사,서울특별시 미아동 194-1 미아동 한국전력공사,37.63018036,127.02491
 광산사거리,서울특별시 강북구 노해로 87 광산사거리,37.64355087,127.0223465
 미아사거리 1번 출구,서울특별시 강북구 미아동 66-1 미아사거리 1번 출구,37.61395645,127.0302506
 번3동 주민센터 교차로,서울특별시 강북구 번동 2-2 번3동 주민센터 교차로,37.62635422,127.0474472
" 번동 주공3, 4단지 교차로","서울특별시 강북구 번동 254 번동 주공3, 4단지 교차로",37.62991714,127.0409164
 효성인텔리안 앞,서울특별시 수유동 230-7 효성인텔리안 앞,37.6362915,127.0233765
 번동 두산위브 101동 옆,서울특별시 번동 386-17 번동 두산위브 101동 옆,37.63626099,127.0321732
 북한산 우이역,서울특별시 강북구 삼양로 670 북한산 우이역,37.66366577,127.0124283
 솔밭공원역,서울특별시 강북구 삼양로 595 솔밭공원역,37.65615845,127.0131378
4.19민주묘지역,서울특별시 강북구 삼양로 519 4.19민주묘지역,37.64967346,127.0134506
 가오리역,서울특별시 강북구 삼양로 426 가오리역,37.64167023,127.0168839
 삼양역,서울특별시 강북구 삼양로 263 삼양역,37.62652969,127.0180588
 삼양사거리역,서울특별시 강북구 삼양로 197 삼양사거리역,37.62155151,127.0203705
 수유1동 주민센터,서울특별시 강북구 삼양로 299 수유1동 주민센터,37.63018799,127.0177383
 송천동우체국,서울특별시 강북구 도봉로 71 송천동우체국,37.61545944,127.0297012
 꿈의숲 롯데캐슬,서울특별시 강북구 오현로 56 꿈의숲 롯데캐슬 111동 인근,37.61775208,127.0357056
 북서울 꿈의숲 서문,서울특별시 강북구 월계로 173 북서울 꿈의숲 서문,37.62268829,127.0378113
삼각산아이원아파트(105동 옆),서울특별시 강북구 삼양로19길 113 삼각산아이원아파트,37.61522293,127.0185089
4.19탑 앞,서울특별시 강북구 수유동 567-55,37.64686203,127.008812
 강북구청사거리,서울특별시 강북구 도봉로 358 코스타타워,37.63920212,127.0272369
서울북부고용노동지청,서울특별시 강북구 덕릉로 176 예수그리스도 후기성도교회,37.63520432,127.0339661
번동사거리,서울특별시 강북구 번동 430-76,37.63539124,127.0345535
신창교,서울특별시 강북구 번동 612-3,37.63238144,127.0393066
강북문화정보도서관,서울특별시 강북구 번동 139-5,37.62552643,127.037323
 도봉세무서 앞,서울특별시 강북구 도봉로 117 도봉세무서,37.6198082,127.0285263
4.19민주묘지역 1번출구,서울특별시 강북구 삼양로 522,37.64959717,127.0138474
수유사거리,서울특별시 강북구 수유동 45-33,37.63561249,127.022995
4.19민주묘지 입구사거리,서울특별시 강북구 삼양로 504 광리빌딩,37.64793396,127.0145721
수유역2번출구,서울특별시 강북구 도봉로 342,37.63796997,127.0259018
북서울 꿈의 숲 입구,서울특별시 강북구 오현로20길 46,37.62673187,127.0387726
 우이동 먹거리마을,서울특별시 강북구 우이동 207-14,37.66446304,127.0118408
현대성우아파트 옆,서울특별시 강북구 삼양로24길 19 현대성우아파트,37.61666489,127.02211
송중초등학교 옆,서울특별시 강북구 미아동 98-5,37.61669922,127.0304947
삼양입구삼거리,서울특별시 강북구 솔샘로 326 대한예수교장로회 신성교회,37.61708832,127.0280991
 드래곤타워 앞,서울특별시 강북구 도봉로 348-1 구두수선대-15,37.63713455,127.0313797
 송천센트레빌,서울특별시 강북구 미아동 461-4,37.61220932,127.0249786
번동3단지 버스정류장,서울특별시 강북구 서울 강북구 번동 255도,37.628685,127.0439072
 우이천 창번교,서울특별시 강북구 번동 655-8,37.63536072,127.037674
삼양동주민센터 앞,강북구 솔매로69,37.62491226,127.0197907
강북 청소년 문화정보도서관 앞,강북구 삼양로54길 68,37.62302017,127.0218658
삼양동사거리,강북구 삼양로 163-1,37.61792755,127.0213623
 녹천역 1번출구 앞,서울특별시 도봉구 창동 426-6,37.64582062,127.0504227
 도봉산광역환승센터앞,서울특별시 도봉구 도봉로 955 도봉동 637-1,37.68972015,127.0451965
 도봉구청 정문앞,서울특별시 도봉구 마들로 656 방학동 720,37.66922379,127.0465164
 방학동우체국 건너편,서울특별시 도봉구 도봉로 683 방학동 726-92,37.66566467,127.0426712
 도봉구민회관,서울특별시 도봉구 도봉로 552 창동 723-11,37.65446091,127.0385132
 도봉보건소사거리,서울특별시 도봉구 해등로 150 창동 723-10,37.65682983,127.0398483
 쌍문역4번출구 주변,서울특별시 도봉구 도봉로 지하 486-1 쌍문동 83-5,37.65012741,127.035347
 쌍문동 이안아파트 앞,서울특별시 도봉구 쌍문동 315-488,37.65165329,127.0284882
 도봉문화정보도서관 삼거리,서울특별시 도봉구 덕릉로 315 도봉문화정보도서관 삼거리,37.64463043,127.0446091
 서울특별시교육청도봉도서관,서울특별시 도봉구 삼양로556 서울특별시교육청도봉도서관,37.65317917,127.0127869
 창동역 1번출구 건너편,서울특별시 도봉구 마들로11길 20 하나로마트 창동점,37.65420151,127.0507278
 신도봉사거리 버스정류장,서울특별시 도봉구 도봉로 771 신도봉사거리 버스정류장,37.67328262,127.0439911
 도봉구청 옆(중랑천변),서울특별시 도봉구 마들로 656 도봉구청 옆(중랑천변),37.66867065,127.0479813
 창동역 2번출구,서울특별시 창동 74-2 창동역 2번출구,37.65301514,127.0469971
 창동청소년수련관,서울특별시 도봉구 노해로69길 132 창동청소년수련관,37.65779877,127.0500488
 방학동학마을도서관,서울특별시 도봉구 시루봉로 128 방학동학마을도서관,37.66207886,127.0277176
 창1동주민센터,서울특별시 도봉구 해등로 46 창1동주민센터,37.6475029,127.0433121
 삼익세라믹아파트교차로,서울특별시 도봉구 해등로 189 삼익세라믹아파트,37.65858841,127.0352097
 서울도봉초등학교인근,서울특별시 도봉구 도봉로173길 96 서울도봉초등학교인근,37.67867661,127.0407639
 서울북부지방법원,서울특별시 도봉구 마들로 749 서울북부지방법원,37.67771912,127.046814
 도봉한신아파트 버스정류장,서울특별시 도봉구 도봉로 891 파리바게트앞,37.68400955,127.0457916
 도봉산역 교차로 앞,서울특별시 도봉구 도봉산길 10 도봉산역 교차로 앞,37.68759155,127.0455017
 도봉고등학교 맞은편,서울특별시 도봉구 도봉동 282-16,37.6876297,127.0422134
 방학역사거리,서울특별시 도봉구 도봉로 707 우리은행 앞,37.66759872,127.0429993
 방학사거리 (봄마당 앞),서울특별시 도봉구 방학로 102 방학사거리 (봄마당 앞),37.66297913,127.0419388
 쌍문현대1차아파트 108동 앞,서울특별시 도봉구 해등로 218 쌍문현대1차아파트 108동 앞,37.65814972,127.0326691
" 도봉역 1,2번 출구사이 건너편","서울특별시 도봉구 도봉로170길 2 도봉역 1,2번 출구사이 건너편",37.67911911,127.0449829
 버스정류장 앞,서울특별시 도봉구 도봉로 528 버스정류장 앞,37.65224075,127.0370636
 신창시장,서울특별시 도봉구 덕릉로 249 하나은행 (창동점),37.63970184,127.0388336
 창동주공17단지 상가앞,서울특별시 도봉구 덕릉로 404 창동주공17단지 상가앞,37.6463089,127.052742
 제일강산수산입구,서울특별시 도봉구 도봉로 444 제일강산수산입구,37.64519882,127.0329819
 북한산 코오롱 하늘채,서울특별시 도봉구 우이천로 367 북한산 코오롱 하늘채,37.64889145,127.0230179
창동19단지아파트 관리사무소앞,서울특별시 도봉구 노해로70길 37 주공19단지아파트,37.65039062,127.0521927
도봉소방서 옆,서울특별시 도봉구 도봉로 678 홈플러스데스코㈜방학점,37.66480255,127.0430298
 ESA아파트 상가 앞,서울특별시 도봉구 도봉로150길 43 ESA 아파트,37.66627121,127.04599
 창포원 남쪽 입구,서울특별시 도봉구 마들로 916 방문자센터,37.68826675,127.0488968
 창원초등학교 교차로,서울특별시 도봉구 해등로12길 44 주공2단지아파트,37.6521225,127.0417023
 창동 주공 4단지 입구 옆,서울특별시 도봉구 덕릉로 357 주공4단지아파트,37.64548111,127.0485764
 창동시장입구 사거리,서울특별시 도봉구 도봉로 461 우림빌딩,37.64689636,127.033432
서울북부광역등기국,서울특별시 도봉구 노해로 327,37.65148544,127.0443192
솔밭공원역 1번출구 앞,서울특별시 도봉구 삼양로 590,37.65568542,127.013382
솔밭공원역 1번출구 주변,서울특별시 도봉구 삼양로 610 산수디앤씨,37.65727997,127.0137558
서울북부지방법원 앞,서울특별시 도봉구 마들로 749 서울북부지방법원,37.67721939,127.0486374
방학중학교 앞,서울특별시 도봉구 시루봉로 188 방학중학교,37.66562271,127.0310898
북한산 한신휴플러스APT앞,서울특별시 도봉구 도봉로136가길 73 북한산한신휴플러스아파트,37.65533829,127.0424194
쌍문역 1번출구 주변,서울특별시 도봉구 도봉로 496,37.64966965,127.035614
방학초등학교 앞,서울특별시 도봉구 방학동 726-127,37.66250992,127.0332794
신동아타워 버스정류소,서울특별시 도봉구 방학로 217-1,37.66208267,127.0287476
도봉한신아파트 주변,서울특별시 도봉구 도봉동 646-1,37.68473816,127.0500412
성원APT버스정류소,서울특별시 도봉구 해등로 242-18 현대아파트,37.65796661,127.0300903
시립도봉노인복지관 버스정류소,서울특별시 도봉구 쌍문동 45-13,37.65805054,127.035759
정의여중고 버스정류소,서울특별시 도봉구 쌍문동 83-2,37.65134811,127.034729
신원리베르텔 앞,서울특별시 도봉구 창동 339,37.65128708,127.0455475
 창동한신아파트 버스정류소,서울특별시 도봉구 도봉로110길 25 맞은편,37.64601898,127.0352707
 다락원체육공원 전망대 입구,서울특별시 도봉구 도봉구 도봉동 1-22,37.69101334,127.0491638
 평화도봉공원 주변,서울특별시 도봉구 방학동 710,37.66252136,127.0427094
 신창아파트 입구 앞,서울특별시 도봉구 도봉구 덕릉로62길 14,37.64051056,127.0408249
 창동역 1번출구 앞,서울특별시 도봉구 도봉구 창동 1-12,37.65373611,127.0492935
방아골종합사회복지관,서울특별시 도봉구 방학동 606-5,37.66927338,127.0324326
 도봉구육아종합지원센터(창동),서울특별시 도봉구 도봉구 우이천로4길 24-5,37.63342667,127.0411606
 도봉통합복지센터 뒤 중랑천 변,서울특별시 도봉구 창동,37.65999603,127.0512772
 도봉제1교,서울특별시 도봉구 도봉동 86-1,37.67984772,127.0503845
 원당공원 앞,서울특별시 도봉구 도봉구 쌍문동 250-6,37.65854645,127.0276794
 창동주공19단지앞,서울특별시 도봉구 도봉시 노해로 70길 19 1905동 앞 ( 도봉경찰서 건너편) 버스정류장 쯤에 희망합니다 (분명 설치예정팻말이 붙어있었는데 아직도 시행안됨),37.65250778,127.0522766
도봉아이나라도서관 앞,서울특별시 도봉구 창동 808-3,37.65898895,127.049736
 도봉동실내스포츠센터,서울특별시 도봉구 도봉구 마들로 805 (도봉동실내스포츠센터 앞),37.68125534,127.0504761
 도봉로 534,서울특별시 도봉구 도봉로 534,37.6529541,127.0375443
 우이교 교차로,서울특별시 도봉구 도봉로 420,37.6432457,127.031601
김근태도서관,서울특별시 도봉구 도봉동 282-275,37.68750763,127.0426331
 동부센트레빌 앞,서울특별시 도봉구 방학로 131-1 구두수선대,37.66299057,127.0386429
녹천교 앞 사거리,창동36(녹천교앞사거리 17단지쪽),37.64564514,127.054596
방학역2번출구,방학동719-2,37.66922379,127.0444183
도봉경찰서 교차로,창동36,37.65265656,127.053093
도봉여성센터,방학로12길 28(후문 마당),37.66334915,127.0304565
방학브라운스톤아파트,도봉로146길 36,37.66289139,127.0454025
 석계역 문화광장 내 자전거 보관소,서울특별시 노원구 화랑로 331,37.61518097,127.0646439
 광운대역 앞,서울특별시 노원구 석계로 98-2 노원구 월계동 412-1,37.62266159,127.0618973
 헬스케어,서울특별시 노원구 월계로 378 노원구 월계동 321-4,37.63162231,127.061615
 태릉입구역 3번출구,서울특별시 노원구 동일로 지하 992-1 노원구 공릉동 616-4,37.61917114,127.0749283
 공릉역 1번 출구 앞,서울특별시 노원구 동일로 지하 1074 노원구 공릉동 385-4,37.62661362,127.0727539
 화랑대역 2번출구 앞,서울특별시 노원구 화랑로 지하 510 노원구 공릉동 280-12,37.62036896,127.0836411
 과기대 입구(우),서울특별시 노원구 공릉로 232 노원구 공릉동 436-4,37.62994003,127.0765533
 하계2동 공항버스정류장 옆,서울특별시 노원구 동일로 지하 1196 노원구 하계동 273-5,37.63510895,127.0683289
 하계동 중평어린이공원 앞,서울특별시 노원구 섬밭로 241 하계동 271-1,37.63714981,127.0632706
 중계동 하나프라자빌딩 앞(중1-1),서울특별시 노원구 한글비석로 235 노원구 중계동 391,37.64902115,127.0764084
 중계동 노원구민체육센터 옆(중1-2),서울특별시 노원구 노원로22길 1 노원구 중계1동 360-18,37.64820862,127.070221
상계역 3번출구,서울특별시 노원구 상계로 182 노원구 상계동 173-19,37.65999985,127.0729675
 수락산역 4번출구,서울특별시 노원구 동일로 지하 1662 노원구 상계동 1263,37.67694092,127.0550995
 노일초등학교 앞,서울특별시 노원구 동일로 1652 노원구 상계동 1118-9,37.67361832,127.0552521
 수연빌딩 앞,서울특별시 노원구 동일로 지하 1662 노원구 상계동 1132-9,37.67625046,127.0555039
 당고개공원 대여소,서울특별시 노원구 상계동 1355-2,37.66846085,127.0771484
 상계3.4동 주민센터 대여소,서울특별시 노원구 덕릉로131길 8 노원구 상계동 37-7,37.67271042,127.0831604
 상계주공2단지 버스정류장 옆,서울특별시 노원구 동일로 1351 노원구 상계동 747,37.64921188,127.0617676
 KT 전화국 버스정류장 옆,서울특별시 노원구 노해로 489 노원구 상계동 719-1,37.65470123,127.0634003
 희성오피앙,서울특별시 노원구 동일로 1701 노원구 상계동 1263,37.68031311,127.055069
 한내근린공원 북측,서울특별시 노원구 마들로 86 한내근린공원 북측,37.62386322,127.0684891
 한내근린공원 남측,서울특별시 노원구 마들로 86 한내근린공원 남측,37.62155533,127.0695114
 서울여대 남문,서울특별시 노원구 화랑로 621 서울여자대학교 서울여대 후문,37.62531662,127.0881348
 태릉입구역 8번출구,서울특별시 노원구 공릉동 687-6 태릉입구역 8번출구,37.61736679,127.0752106
 삼육대 입구,서울특별시 노원구 공릉동 26-43 삼육대 입구,37.63848877,127.1079025
 중계근린공원내,서울특별시 노원구 중계동 506-3 중계근린공원내,37.63957977,127.0651016
 상계동 우방유쉘아파트 앞,서울특별시 노원구 상계동 1118-9 맥도날드 상계점 앞,37.67237473,127.0559921
 파르코 앞,서울특별시 노원구 상계동 1263 파르코 앞,37.68000031,127.0555801
 노원역1번출구,서울특별시 노원구 상계동 335-4 노원역1번출구,37.65620041,127.0636215
 당고개입구 오거리,서울특별시 노원구 상계동 172-2 보훈회관 대여소,37.66379166,127.0754471
 공릉1단지아파트,서울특별시 동일로 1127 공릉1단지아파트,37.63111115,127.0701599
 중앙하이츠 아파트 입구,서울특별시 노원구 노원로 434 상계2차중앙하이츠아파트,37.65501785,127.0675049
 노원구청,서울특별시 노원구 노해로 437 노원구청,37.65404892,127.0573273
 중계동 을지중학교,서울특별시 노원구 중계동 370 중계동 을지중학교,37.65032959,127.0716019
 서울시립과학관,서울특별시 노원구 하계동 266 서울시립과학관,37.64207077,127.076622
 당현천근린공원,서울특별시 노원구 동일로 1342 당현천근린공원,37.64963913,127.0656052
 노원역7번출구,서울특별시 노원구 노해로 459 메가빌딩,37.65421677,127.0592117
 동해문화예술관앞,서울특별시 노원구 화랑로 429 동해문화예술관앞,37.61938095,127.0578537
 노해근린공원내,서울특별시 노원구 노원로22길 1 노해근린공원내,37.64936066,127.0704422
 양지근린공원앞,서울특별시 노원구 한글비석로 227 양지근린공원앞,37.64699554,127.0764008
 노원소방서인근,서울특별시 노원구 노원로26길 111 노원소방서인근,37.65578079,127.0717773
 중계중학교,서울특별시 노원구 덕릉로76길 23 중계중학교,37.65449905,127.0743866
 중계역 6번출구,서울특별시 노원구 동일로 지하 1308-1 중계역 6번출구,37.64556503,127.0633469
 중계역 3번출구,서울특별시 노원구 동일로 지하 1308-1 중계역 3번출구,37.64352798,127.0652237
 노원경찰서교차로,서울특별시 노원구 노원로 283 노원경찰서교차로,37.64340973,127.0718384
 인덕대학교,서울특별시 노원구 초안산로 12 인덕대학교,37.62934875,127.0548248
 상계동수락리버시티,서울특별시 노원구 누원로 18 상계동수락리버시티,37.68859863,127.0534058
 서울북부고용센터앞,서울특별시 노원구 노해로 450 서울북부고용센터앞,37.65354919,127.0580826
 월계문화체육센터,서울특별시 노원구 월계로 280 월계문화체육센터,37.62694168,127.05513
 육군사관학교 앞,서울특별시 노원구 화랑로 570 육군사관학교 앞,37.62316513,127.0904999
 성서대학교 밀알관,서울특별시 노원구 동일로214길 32 성서대학교 밀알관,37.6484375,127.0644455
 삼육대 도서관,서울특별시 노원구 화랑로 815 삼육대 도서관,37.6428299,127.1066666
 삼육대 제3과학관,서울특별시 노원구 화랑로 653 삼육대 후문 삼거리,37.64265442,127.1083832
 현대6차 아파트,서울특별시 노원구 중계로8길 20 현대6차 아파트,37.64580154,127.0822601
 중계종합사회복지관 교차로,서울특별시 노원구 덕릉로 662 중계3단지주공영구임대아파트,37.65745544,127.0755463
 노원문화예술회관,서울특별시 노원구 중계로 181 노원문화예술회관,37.65045929,127.0808868
 태릉입구역 5번출구,서울특별시 노원구 동일로 986 태릉입구역 5번출구와 6번출구 사이,37.61832047,127.0756302
 불암고등학교 앞 횡단보도,서울특별시 노원구 중계로 155 불암고등학교 앞 횡단보도,37.64818954,127.0804825
 상계주공10단지 종합상가 앞,서울특별시 노원구 동일로227길 85 온수골사거리(스타벅스앞),37.66114044,127.0580521
 마들역 7번출구,서울특별시 노원구 동일로 지하 1530-1 마들역 7번출구,37.66566086,127.0572968
 마들역 3번출구,서울특별시 노원구 동일로 지하 1530-1 마들역 3번출구,37.66524887,127.0578919
 도봉운전면허시험장 버스정류장 옆,서울특별시 노원구 동일로 1449 도봉운전면허시험장,37.6577301,127.0593109
 노원정보도서관,서울특별시 노원구 노원로34길 43 노원정보도서관,37.66070938,127.0653305
 온곡초교 교차로,서울특별시 노원구 한글비석로 471 온곡초교 교차로,37.66418839,127.0660095
 원자력 병원,서울특별시 노원구 노원로 75 원자력병원 국가방사선 비상진료센터,37.62818909,127.0821075
수락리버시티4단지,서울특별시 노원구 누원로 18 수락리버시티4단지,37.68645096,127.0528336
상계주공2단지 219동,서울특별시 노원구 동일로215길 81 새상계교회,37.65024948,127.0571518
공릉동풍림아파트 101동,서울특별시 노원구 섬밭로 139 공릉풍림아파트,37.62981415,127.0665054
공릉풍림아파트 108동,서울특별시 노원구 섬밭로 139 공릉풍림아파트,37.62862015,127.0669098
월계초안아파트 1단지,서울특별시 노원구 덕릉로60타길 24,37.63372803,127.0443649
중계3차청구아파트,서울특별시 노원구 중계로 233 청구3차아파트,37.65050507,127.0739822
 월계중학교,서울특별시 노원구 초안산로 29 신계초등학교,37.63074875,127.0531082
 광운대학교 중앙도서관,서울특별시 노원구 광운로 20 광운대학교,37.62000275,127.0585632
 석계역 3번 출구,서울특별시 노원구 화랑로 351-2 구두수선대196,37.61545944,127.0674515
도깨비시장,서울특별시 노원구 동일로 1028 한의학명가,37.62186432,127.0740509
상계역중앙시장,서울특별시 노원구 한글비석로 389-2 가로판매대,37.6588707,127.0719147
대진고등학교,서울특별시 노원구 한글비석로 97,37.63815689,127.0732651
상계8동 주민센터,서울특별시 노원구 동일로227길 85 상계주공11단지아파트,37.66712952,127.0517654
서울과학기술대학교(미래관),서울특별시 노원구 노원로 75 한국원자력의학원,37.62950897,127.0810394
서울과학기술대학교(어학교육원),서울특별시 노원구 공릉로58길 130 서울과학기술대학교 생활관,37.63489914,127.0776749
신창중학교 후문 맞은편 버스정류장,서울특별시 노원구 월계동 855-26,37.62807083,127.0469208
등나무 근린공원(시립북서울미술관 앞),서울특별시 노원구 동일로 1231-2 가로판매대173,37.64020538,127.0676193
상계중학교(당현2교사거리),서울특별시 노원구 상계동 225-5,37.65103531,127.0687103
중계역 2번출구,노원구 중계동 514-6,37.64587021,127.0656204
 상계주공 14단지 상가 앞,서울특별시 노원구 (도로명) 서울 노원구 동일로 228길 23,37.66963577,127.0597076
 당고개입구오거리 당현천변,서울특별시 노원구 서울 노원구 중계동 140-46,37.66260529,127.0755768
 중계2차 한화꿈에그린 101동 인근,서울특별시 노원구 서울 노원구 덕릉로83길 5,37.65955734,127.0752564
 노원 을지대학교 병원,서울특별시 노원구 서울 노원구 한글비석로 68,37.63666916,127.0696945
 하계 어린이 공원,노원구 하계2동 273-3,37.63341522,127.0691605
 월계프라자,서울특별시 노원구 초안산로5길 22 대우아파트,37.63284302,127.0521317
 월계 센트럴 아이파크,서울특별시 노원구 서울 노원구 초안산로2라길 26,37.62917328,127.0569305
 중계 롯데마트,서울특별시 노원구 서울 노원구 노원로 330,37.64584351,127.070755
 당고개역 3번 출구,서울특별시 노원구 서울 노원구 상계로 305,37.67030334,127.0788422
 노원 마들스타디움,서울특별시 노원구 서울 노원구 덕릉로 450,37.64530945,127.0574417
 월계 청백1단지 아파트 정류장,서울특별시 노원구 초안산로 89 월계청백1단지아파트,37.63459396,127.052063
 상계주공15단지 버스정류소,서울특별시 노원구 서울 노원구 상계동 650,37.66782761,127.056839
 상계주공10단지 버스정류소,서울특별시 노원구 서울 노원구 상계동 694-1,37.66214371,127.058197
 중계동 성모빌딩 앞,서울특별시 노원구 한글비석로 263 성모빌딩,37.65116119,127.0765915
 중계본동 입구,서울특별시 노원구 서울 노원구 중계로 90,37.64426041,127.083313
 월계역 1번 출구,서울특별시 노원구 월계동 263-6,37.63441086,127.0588684
 꿈의숲 SK뷰 아파트,서울특별시 노원구 서울시 노원구 월계로 42길97,37.62045288,127.054451
 한천교 동편,서울특별시 노원구 서울 노원구 공릉동 547-1,37.62533569,127.0701904
 상계주공1단지아파트,서울특별시 노원구 덕릉로459-21,37.64795303,127.0579376
 한내 행복발전소 옆,서울특별시 노원구 서울 노원구 마들로3길 15 (월계동),37.62741089,127.0621414
 한일유앤아이아파트 105동 인근,서울특별시 노원구 노원구 상계동 197-38,37.65351868,127.0713043
 청소년수련관 후문,서울특별시 노원구 노원구 중계동 504-2,37.6396637,127.0604172
 청암예술학교 앞,서울특별시 노원구 덕릉로76길 18 원광초등학교,37.65153503,127.0732727
불암주유소 앞,서울특별시 노원구 서울 노원구 한글비석로 268,37.65149689,127.0770416
 녹천역 4번 출구 옆,서울특별시 노원구 서울 노원구 월계동 700-6,37.64292908,127.0519486
 휴플러스 수락한신아파트 101동 앞,서울특별시 노원구 상계동 996-2,37.674366,127.0594711
 하계역 6번출구,서울특별시 노원구 노원구 하계동 273-5,37.63793945,127.0671539
 물넘이교,서울특별시 노원구 노원구 중계동 588-5,37.65408325,127.0719528
 서울시 북부여성발전센터,서울특별시 노원구 동일로207길 50,37.64304352,127.0621338
 공릉로 26길,서울특별시 노원구 공릉동 656-6,37.61965561,127.0814667
 공릉역3번출구,서울특별시 노원구 공릉동 405-6,37.62500381,127.0730133
 상계문화정보도서관,서울특별시 노원구 노원구 동일로243길 57,37.67851257,127.0517426
 상계주공13단지 1301동,서울특별시 노원구 한글비석로54길 92 상계주공13단지아파트,37.66674042,127.0638886
 공릉산 백세문 입구,서울특별시 노원구 노원로 62 공릉해링턴플레이스,37.62812042,127.0854874
 은하수 공원,서울특별시 노원구 노원구 우이천로 102,37.63000488,127.0440979
 상계주공1단지 버스정류장 옆(대원빌딩 앞),서울특별시 노원구 동일로 1331-2 구두수선대,37.64805984,127.0623932
 대륜E&S 서울지사 앞,서울특별시 노원구 덕릉로70길 64,37.64255524,127.0603867
 동신아파트 후문 옆,서울특별시 노원구 공릉로 213 동신아파트,37.62786102,127.0763779
 월계 롯데캐슬아파트 뒤,서울특별시 노원구 월계동 865-5,37.62514877,127.0499344
 목련아파트,서울특별시 노원구 노원로 333 목련아파트상가,37.64862823,127.0691834
 상계신동아아파트,서울특별시 노원구 한글비석로46나길 10 금호아파트,37.66767883,127.0682526
 주공601동 상가 노원지하보도 앞,서울특별시 노원구 동일로 1386-2 가로판매대,37.65229416,127.061348
 월계1동주민센터 앞,서울특별시 노원구 석계로 59 월계1동주민센터,37.61985016,127.0631027
 중계주공2단지 앞,서울특별시 노원구 한글비석로 332 주공2단지아파트,37.65694046,127.0780487
 당고개역 앞,서울특별시 노원구 상계로 309,37.67073822,127.0796204
공릉동 신도1차 아파트 뒤,서울특별시 노원구 동일로191가길 59 공릉동 신도1차아파트,37.62780762,127.0696182
 극동의 푸른별 아파트 뒤(중계4동주민센터 앞),서울특별시 노원구 한글비석로14길 36 극동의푸른별 2차아파트,37.65868759,127.0775909
연해피빌 앞,노원구 공릉로62가길 14,37.63645935,127.0727692
한국스포츠정책과학원 앞,노원구 화랑로 727,37.63573456,127.1058502
불암아파트 앞,노원구 상계동 107-1798,37.66751862,127.0791626
노원성당 앞,노원구 한글비석로 585,37.66450882,127.0527039
하계역 4번출구 앞,노원구 섬밭로196,37.63534546,127.0675278
구립수락노인복지관,노원구 수락산로 214,37.6712532,127.0547485
상계주공7단지 아파트 앞,노원구 동일로 1456,37.65983963,127.0593567
대진고교앞 교차로,노원구 노원로 236,37.6391716,127.0747299
태릉선수촌 앞,노원구 화랑로 681,37.63434219,127.1042786
롯데캐슬시그니처 아파트 앞,노원구 상계동 84-9,37.66475296,127.076004
상계주공15단지 1509동 앞,노원구 동일로227길 26,37.66940308,127.0563202
 은평예술회관,서울특별시 은평구 녹번동 85-4 은평예술회관,37.60394287,126.9276962
 진관동 은빛초등학교,서울특별시 은평구 진관동 45-21 진관동 은빛초등학교,37.64310837,126.9182205
 은평뉴타운 아이파크,서울특별시 은평구 진관동 13-20 은평뉴타운 아이파크,37.64586639,126.9273911
 은평뉴타운 푸르지오,서울특별시 은평구 진관동 5-8 은평뉴타운 푸르지오,37.64867401,126.9307022
 구파발역 2번출구,서울특별시 은평구 진관동 86-31 구파발역 2번출구,37.63623428,126.9189987
 연신내역 5번출구,서울특별시 은평구 대조동 207-8 연신내역 5번출구,37.61721039,126.9195786
 CJ 드림시티,서울특별시 은평구 역촌동 43-11 CJ 드림시티,37.59949112,126.9168625
 구산역 4번출구,서울특별시 은평구 갈현동 536-8 구산역 4번출구,37.61318588,126.9173508
 백련산 힐스테이트 3차,서울특별시 은평구 응암동 761-9 백련산 힐스테이트 3차,37.58699417,126.9228821
 은평평화공원(역촌역4번출구),서울특별시 은평구 녹번동 153-31 은평평화공원(역촌역4번출구),37.60558319,126.9229355
 응암오거리,서울특별시 은평구 응암동 604-5 응암오거리,37.58966064,126.9169464
 이마트 버스정류장(서부경찰서 방면),서울특별시 은평구 응암동 90-15 이마트 은평점,37.60070038,126.9201279
 새절역 2번출구,서울특별시 은평구 응암동 610-3 새절역 2번출구,37.59079742,126.9136505
 증산역 4번출구,서울특별시 은평구 증산동 199-8 증산역 4번출구,37.5843811,126.9098969
 평생학습관 앞,서울특별시 은평구 역촌동 15-40 평생학습관 앞,37.60784912,126.9213257
 녹번역 3번출구,서울특별시 은평구 은평로 234-2 구두수선대,37.60078049,126.9352112
 서울혁신파크,서울특별시 은평구 녹번동 15-2 서울혁신파크,37.60702515,126.9333115
 신도고등학교,서울특별시 은평구 진관동 242-14 신도고등학교,37.63001633,126.9190292
 연신내역 4번출구,서울특별시 은평구 대조동 227-2 연신내역 4번출구,37.61780167,126.9219666
 국민은행 연서지점,서울특별시 은평구 불광동 355 국민은행 연서지점,37.62094879,126.9256363
 불광역 2번출구,서울특별시 은평구 불광동 285-43 불광역 2번출구,37.60956573,126.9309769
 연신내역 3번출구 인근,서울특별시 은평구 불광동 304-5 연신내역 3번출구 인근,37.61785507,126.9225235
 은평역사한옥박물관,서울특별시 은평구 진관동 133-29 은평역사한옥박물관,37.64131546,126.9380417
 구 서부경찰서 건너편,서울특별시 은평구 역촌동 41-7 구 서부경찰서 건너편,37.60166168,126.9203033
 역촌파출소,서울특별시 은평구 역촌동 45-34 역촌파출소,37.60473633,126.9153366
 예일여중,서울특별시 은평구 연서로 117 예일여중,37.61000443,126.9163971
 역촌종합시장 버스정류장(예일여고 방면),서울특별시 은평구 서오릉로 163 LG서비스 역촌점,37.61248398,126.9148789
 신사동 성당,서울특별시 은평구 신사동 41-3 신사동 성당,37.59714127,126.9095993
 상림마을 롯데캐슬2단지 옆,서울특별시 은평구 진관동 30-23 상림마을 롯데캐슬2단지 옆,37.64585114,126.9237976
 금암 문화공원,서울특별시 진관동 44-28 금암 문화공원,37.64468384,126.918457
 은평구청 교차로,서울특별시 응암동 82-31 은평구청 교차로,37.60169983,126.9274216
 은평뉴타운 도서관,서울특별시 진관동 141-27 은평뉴타운 도서관,37.63722229,126.9333038
 상림마을 생태공원,서울특별시 진관동 16-4 상림마을 생태공원,37.64408112,126.9292831
 은평구청 보건소,서울특별시 녹번동 84 은평구청 보건소,37.60240173,126.9286499
 기자촌 사거리 A,서울특별시 은평구 진관동 149-17 기자촌 사거리,37.63414001,126.9323425
 독바위역,서울특별시 불광로 129 독바위역,37.61843872,126.9328842
 연신내 선일하이츠빌 정류소,서울특별시 불광동 484-165 연신내 선일하이츠빌 정류소,37.62266922,126.9199905
 디지털미디어 시티역 4번출구(DMC역),서울특별시 증산동 239 디지털미디어 시티역 4번출구,37.57720184,126.9023514
 연신내역 1번 출구,서울특별시 불광동 487-2 연신내역 1번 출구,37.61978149,126.9208069
 구산역 2번 출구 예일여고 버스정류장,서울특별시 은평구 연서로 124,37.60980225,126.9167938
 서울연신중학교,서울특별시 불광동 400-4번지 서울연신중학교,37.62265015,126.9252472
 서울연신초등학교,서울특별시 불광동 73-1번지 서울연신초등학교,37.6257782,126.9288178
 은평뉴타운구파발9단지,서울특별시 은평구 진관3로 77 은평뉴타운구파발9단지,37.64260864,126.9214783
 응암시장교차로,서울특별시 은평구 응암로 247 외환은행,37.59441376,126.9180145
 본 서부병원 버스정류장(은평 세무서 방면),서울특별시 은평구 은평로 136 신한은행 응암동 지점 앞,37.60036087,126.9228134
 구파발10단지 인근,서울특별시 은평구 진관3로 73-17 구파발10단지 인근,37.6436615,126.9145584
 구파발역 환승센터,서울특별시 은평구 진관2로 지하 15-25 구파발역 환승센터,37.63825226,126.9194565
 불광역 9번 출구,서울특별시 은평구 통일로 732 불광역 9번 출구,37.61096954,126.9298096
 은평뉴타운 힐데스하임,서울특별시 은평구 진관2로 15-46 은평구 진관2로 15-46,37.63925934,126.9189072
 대호프라자아파트,서울특별시 은평구 불광로 90 대호프라자아파트,37.61442947,126.932579
 북한산힐스테이트 7차아파트,서울특별시 은평구 통일로 796 북한산 힐스테이트7차,37.61654282,126.9251251
 서울특별시 은평병원,서울특별시 은평구 백련산로 90 서울특별시 은평병원,37.59347916,126.9231873
 서울혁신파크1,서울특별시 은평구 통일로 684 서울혁신파크1,37.60903168,126.9346771
 서울혁신파크2,서울특별시 은평구 통일로 684 서울혁신파크2,37.60890961,126.9324188
 은평뉴타운 상림마을 13단지,서울특별시 은평구 진관4로 48-50 은평뉴타운 상림마을 13단지,37.64208984,126.9294128
 은평 지웰테라스,서울특별시 은평구 진관4로 78-38 은평지웰 테라스,37.64339447,126.9321365
 역촌 센트레빌 아파트,서울특별시 은평구 갈현로3나길 23 역촌 센트레빌 아파트 107동 인근,37.60232925,126.9065476
제각말푸르지오 5-1단지 아파트,서울특별시 은평구 진관동 136-45,37.63734818,126.9358444
연신초등학교옆 마을마당,서울특별시 은평구 불광동 70-1,37.62672043,126.9290161
백련산 힐스테이트상가앞,서울특별시 은평구 백련산로 38 백련산 힐스테이트 2차,37.59036255,126.9230118
진관고등학교앞,서울특별시 은평구 진관4로 26 진관고등학교,37.64350891,126.9241028
신도중학교앞,서울특별시 은평구 진관동 148-31,37.63310242,126.9315033
녹번 힐스테이트상가앞,서울특별시 은평구 통일로 602-1 지하철3호선 녹번역,37.60100937,126.9359283
원풍빌라앞,서울특별시 은평구 신사동 178-9,37.59186172,126.9060822
 녹번초등학교(서오릉로),서울특별시 은평구 녹번동 81-27,37.60412598,126.925087
상신초등학교앞 버스정류장,서울특별시 은평구 가좌로 316 상신교회,37.59580994,126.9102631
 은평세무서 버스정류장(은평구청 방면),서울특별시 은평구 은평로 170 상현빌딩,37.60119247,126.926384
 신응교(가좌로) 앞,서울특별시 은평구 가좌로 255,37.59181213,126.9148331
흥국사 정류장,서울특별시 은평구 진관동 298-2,37.6567688,126.942009
북한산입구 정류장,서울특별시 은평구 진관동 289,37.65828705,126.9452972
은평뉴타운 은뜨락아파트앞,서울특별시 은평구 진관동 235-2,37.63028717,126.9195633
북한산생태공원입구(교통섬),서울특별시 은평구 불광동 2-1,37.61050797,126.9385376
은평다목적체육관,서울특별시 은평구 진관1로 52,37.63140869,126.9254074
응암역2번출구 국민은행 앞,서울특별시 은평구 연서로 9 센타폴리스,37.59996796,126.9157257
 본 서부병원 교차로 사거리,서울특별시 은평구 은평로127,37.60049438,126.9221573
 녹번역1번출구앞,서울특별시 은평구 통일로,37.60176849,126.9354248
 신진과학기술고등학교 버스정류장(응암시장 방면),서울특별시 은평구 응암로291,37.59750366,126.9199982
" 불광역3,6호선 버스정류장(동명여고 방면)",서울특별시 은평구 통일로760,37.61326218,126.9278641
 응암역3번 출구(서부경찰서 방면),서울특별시 은평구 은평로85 CJ드림시티 A동,37.59967041,126.91716
 폭포동입구 교차로,서울특별시 은평구 연서로,37.62962723,126.9301148
 기자촌사거리 B,서울특별시 은평구 진관2로,37.63390732,126.931778
 청구성심병원 앞,진관2로,37.62087631,126.9197998
 준빌딩 앞,진관2로,37.62205124,126.9195862
 신사두산위브2차아파트 앞,가좌로12길,37.59931564,126.9075928
 녹번역e편한세상 캐슬 정문 앞,은평로220,37.60034561,126.9314804
 불광역 9번 출구 맞은편,불광로 41,37.61156845,126.9304886
 갈현1동 주민센터,은평구 갈현로 301,37.62360764,126.9168854
 백련산 SK뷰 아이파크 해모로 아파트 앞,"은평구 응암로 278 맞은편
(응암동 767-1 공원 앞)",37.59612656,126.9196243
 백련산로 녹번센트레빌,은평구 백련산로160,37.59954453,126.9265366
박석고개(은평소방서) 앞,은평구 불광동 474-2,37.62794495,126.9197693
 은평 성모병원 사거리,은평구 통일로 1034,37.63470078,126.9173584
 응암2동주민센터 버스정류장(영락중학교 방면),은평구 백련산로 112,37.59586716,126.9234924
 DMC역 5번 출구(수색역 방향),은평구 수색로 194,37.57890701,126.9012985
 우물골 근린공원,은평구 진관2로 60 323동 앞,37.63406754,126.9253922
 역촌센트레빌아파트 101동 앞,은평구 갈현로3나길 23 101동 앞,37.60354233,126.906723
은평서해그랑블아파트앞,은평구 서오릉로 253,37.61705017,126.9065857
은평뉴타운폭포동 힐스테이트4단지,은평구 진관동 151-12,37.62834167,126.933815
수색감리교회,은평구 수색로18길 5 앞,37.58369446,126.8941269
 마스타 빌딩 앞,서울특별시 서대문구 연희로 7,37.55893326,126.9271164
 홍은사거리,마포구 서강로1길 30 ,37.59115982,126.94133
 문화촌 공원,서울특별시 서대문구 홍제동 277-23,37.59432983,126.9473877
 신촌역(2호선) 1번출구 옆,서울특별시 서대문구 연세로 3-5,37.55549622,126.9363403
 증산2교,서울특별시 서대문구 증가로 264,37.5841713,126.9111023
 해담는다리,서울특별시 서대문구 불광천길 150,37.58203125,126.9089966
 연세로 명물길,서울특별시 서대문구 명물길 33,37.55789185,126.9380798
 명물길 원형무대 앞,서대문구 창천동 31-69,37.55922699,126.9398422
 신촌기차역입구 교차로,서울특별시 서대문구 연세로2다길 58,37.55681229,126.9431839
 신촌동 제1공영주차장 앞,서울특별시 서대문구 증가로 264,37.5591774,126.9345245
 연세대 정문 건너편,서울특별시 서대문구 연세로 42,37.55986404,126.9344177
 이화여대 후문,서울특별시 서대문구 연세로 50-1,37.560009,126.9407349
 연대 대운동장 옆,서울특별시 서대문구 연세로 50,37.56238174,126.9326477
 이대역 4번 출구,서울특별시 서대문구 대현동 60-11,37.55695343,126.9463425
북아현동 가구거리,서울특별시 서대문구 북아현동 251-78,37.55754852,126.9593811
 무악재역1번 출구,서울특별시 서대문구 통일로 380-4,37.58224487,126.9506455
 봉원고가차도 밑,서울특별시 서대문구 대신동 143-1,37.56526947,126.9462433
 명지전문대학교 정문 앞,서울특별시 서대문구 홍은동 산25-3,37.58369827,126.9249649
 북가좌1동 주민센터,서울특별시 서대문구 북가좌동 477-1,37.57447815,126.9100494
 중앙근린공원,서울특별시 서대문구 북가좌동 470-1,37.57513809,126.9139404
 가재울 초등학교,서울특별시 서대문구 연희동 530,37.57381821,126.9192352
 연가초등학교 옆,서울특별시 서대문구 북가좌동 70-119,37.57946014,126.9171295
 북가좌 삼거리,서울특별시 서대문구 북가좌동 400,37.57300186,126.9077988
 DMC파크뷰자이아파트 302동 앞,서울특별시 서대문구 남가좌동 124,37.57311249,126.9224472
 임광빌딩 앞,미근동 317-1,37.56472397,126.9672775
 서대문역 8번출구 앞,서울특별시 서대문구 충정로2가 138,37.56477737,126.9661484
 홍연2교옆,서울특별시 서대문구 홍은동 387-16,37.57806778,126.9308853
 명지대학교 도서관,서울특별시 서대문구 거북골로 34,37.58109665,126.9240265
 북가좌 초등학교,서울특별시 서대문구 거북골로19길 20,37.57767487,126.9098053
 증산3교 앞,서울특별시 서대문구 북가좌동 352-9,37.57987595,126.9063492
 가좌역 4번출구 앞,서울특별시 서대문구 남가좌동 293-3 ,37.56877518,126.9152985
 충정로역 7번출구 아래,서울특별시 서대문구 충정로3가 56-1,37.55996704,126.9624634
 홍은동 정원여중 입구,서울특별시 서대문구 연희로37안길 51,37.58638763,126.9351273
 서우빌딩,서울특별시 서대문구 응암로 66,37.57889175,126.9107361
 연서어린이공원,서울특별시 서대문구 연희동 519-7,37.57222748,126.9230652
 증산교 앞,서울특별시 서대문구 불광천길 36,37.57731628,126.9029694
 모래내고가차도,서울특별시 서대문구 연희동 446-76,37.56765747,126.9178085
 연희교차로 인근,서울특별시 서대문구 홍제천로 48,37.56612015,126.9258957
 충정2교,서울특별시 서대문구 충정로3가 155-4,37.5621376,126.9637756
 북성초교,서울특별시 서대문구 신촌로 235-1,37.55739594,126.9521637
 서대문구청,서울특별시 서대문구 연희로 242,37.57838058,126.9360962
 연희삼거리,서울특별시 서대문구 연희로 113,37.56799698,126.9316559
 홍제삼거리 북측,서대문구 홍제동 161-1,37.58670044,126.9467697
 e편한세상 신촌4단지 앞,북아현동 251-71,37.55812836,126.9562073
 홍은센트레빌 아파트 앞,서대문구 홍은동 164-44,37.5971489,126.93853
북한산더? 106동 앞,홍은동 137-8 ,37.59293365,126.9412918
홍은 현대아이파크 아파트 202동 앞,홍은동 202-6,37.58928299,126.9369431
무악재역 4번 출구,홍제동 25-1,37.58221054,126.9501648
독립문 앞,현저동 935,37.57220459,126.9597473
충정로역 3번 출구,합동 31-16,37.56046295,126.9655228
북아현 치안센터 인근,북아현동 251-73,37.56145477,126.9557495
신촌역 4번출구,창천동 30-16,37.55550385,126.9372025
이화여대 인문관 인근,대신동 143-14 ,37.56406784,126.9453278
연희 브라운스톤 아파트 앞,연희동 209-2,37.56519699,126.9298554
DMC엘가아파트 앞,남가좌동 105-4,37.56983566,126.9180908
가좌삼거리,북가좌동 487-1,37.57065201,126.9129868
북가좌삼거리2,북가좌동474-1,37.5742836,126.9064636
DMC파크뷰자이1단지 110동 앞,남가좌동 385-13 ,37.5723877,126.9151077
연희파크푸르지오아파트 앞,연희동 736,37.57564163,126.9278259
남가좌동 제2공영주차장,남가좌동 3-76,37.58334351,126.9227448
홍은2파출소 옆,서대문구 홍은동424-1,37.58333588,126.9362869
동신병원 맞은편,서대문구 홍은동274-18,37.5813179,126.935997
DMC래미안e편한세상203동옆,서대문구 북가좌동477-1,37.57626343,126.9113236
가재울사거리,서대문구 남가좌동385-16,37.57456207,126.9179916
연가교 교차로,서대문구 남가좌동 385-6,37.57215881,126.9211884
홍제교,서대문구 홍제동394-46,37.59186172,126.9442139
SK리쳄블(상수도사업본부),서대문구 합동 17-3 ,37.56131744,126.9665833
 홍은도담도서관,서대문구 홍은동 11-7,37.60169601,126.9491653
 래미안 루센티아 아파트 108동 앞,서대문구 남가좌동 390,37.57515717,126.91745
 서대문자연사박물관 입구,서대문구 연희동 150-11,37.57540131,126.9354401
 홍남교 버스정류장,서울시 서대문구 홍은동 415-51,37.57675552,126.9282761
 안산초등학교 앞,안산초등학교 아래 육교 밑,37.57987976,126.952301
국민연금공단충정로사옥,서울 서대문구 충정로 36,37.56184769,126.9641495
 서대문역 2번 출구,서대문구 충정로2가 8-3 ,37.56599045,126.9660721
 연희IC 남측,서대문구 연희로 5길,37.56355667,126.9282761
 우국한마음 아파트 맞은편,서대문구 연희동 735,37.57913971,126.9345093
 충정로역 1번 출구,서대문구 충정로 28-1,37.55942535,126.9630585
 홍남교 사거리,서대문구 남가좌동 318-20,37.57601929,126.9268341
 홍연2교 사거리,서대문구 홍은동 422-13,37.57716751,126.9290619
 신촌 파랑고래 입구,서대문구 창천동 57-18,37.55687714,126.9360352
농협생명본사빌딩 서관,서대문구 통일로 81,37.56233597,126.9690933
 망원역 1번출구 앞,서울특별시 마포구 월드컵로 72,37.5556488,126.9106293
 망원역 2번출구 앞,서울특별시 마포구 월드컵로 79,37.55495071,126.9108353
 합정역 1번출구 앞,서울특별시 마포구 양화로 59,37.55062866,126.9149857
 합정역 5번출구 앞,서울특별시 마포구 양화로 48,37.55000687,126.9148254
 합정역 7번출구 앞,서울특별시 마포구 독막로 4,37.54864502,126.9128265
 신한은행 서교동지점,서울특별시 마포구 월드컵북로 35,37.55751038,126.9185028
 서교동 사거리,서울특별시 마포구 양화로 93,37.55274582,126.9186173
 상수역 2번출구 앞,서울특별시 마포구 와우산로 40,37.54787064,126.9235306
 홍대입구역 2번출구 앞,서울특별시 마포구 양화로 165,37.5574379,126.9238205
 홍대입구역 8번출구 앞,서울특별시 마포구 양화로18길 3,37.55706024,126.9244232
 광흥창역 2번출구 앞,서울특별시 마포구 독막로 지하165,37.54773331,126.9317627
 서강나루 공원,서울특별시 마포구 창전로 30,37.54528427,126.9310532
 신수동 사거리,서울특별시 마포구 토정로 211,37.54524231,126.9341126
 마포소방서 앞,서울특별시 마포구 창전로 76,37.54976654,126.9331741
 신성기사식당 앞,서울특별시 마포구 독막로 223-1,37.54745865,126.9383774
 서강대 정문 건너편,서울특별시 마포구 서강로16길 72,37.55113983,126.9369888
 서강대 후문 옆,서울특별시 마포구 대흥로 122,37.55041122,126.9438477
 현대벤처빌 앞,서울특별시 마포구 백범로 10,37.5535202,126.9369507
 신촌역(2호선) 6번출구 옆,서울특별시 마포구 신촌로 106,37.55505371,126.9375687
 신촌역(2호선) 7번출구 앞,서울특별시 마포구 신촌로 94,37.55485916,126.9361572
 아현역 4번출구 앞,서울특별시 마포구 아현동 329-15,37.55720139,126.9556656
 공덕역 2번출구,서울특별시 마포구 공덕동 257-88,37.54457855,126.9502182
 공덕역 8번출구,서울특별시 마포구 공덕동 438-5,37.5435791,126.9513245
 공덕역 5번출구,서울특별시 마포구 공덕동 237-9,37.54425049,126.9516373
 마포역 2번출구 뒤,서울특별시 마포구 도화동 555-2,37.53993607,126.9458237
 마포역 4번출구 뒤,서울특별시 마포구 도화동 292-29,37.53927231,126.9459152
 용강동 주민센터 앞,서울특별시 마포구 용강동 234-1,37.54234695,126.9430237
 서강대역 2번출구 앞,서울특별시 마포구 노고산동 112-13,37.55295563,126.9343414
 성산2교 사거리,서울특별시 마포구 성산동 54-17,37.56469727,126.9126129
 마포구청역,서울특별시 마포구 망원동 477-23,37.56090927,126.9054947
 가좌역1 번출구 앞,서울특별시 마포구 성산동123-29,37.56829453,126.9150467
 서울서부지방법원 앞,서울특별시 마포구 공덕동 105-11,37.54933167,126.9549179
 애오개역 4번출구 앞,서울특별시 마포구 아현동 607-1,37.5530014,126.9566879
 망원초록길 입구,서울특별시 마포구 마포나루길 467,37.55134201,126.9026718
 망원2빗물펌프장 앞,서울특별시?마포구?동교로?8,37.5513649,126.9030609
 하늘채코오롱아파트 건너편,서울특별시 마포구 연남로 30,37.56516647,126.9193955
 7번가피자 서교망원점,서울특별시 마포구 월드컵로 119,37.55894852,126.907753
 마포 신수공원 앞,서울특별시 마포구 현석동 106-32,37.54254532,126.9342957
 월드컵공원,서울특별시 마포구 하늘공원로 108-1,37.56396484,126.8982086
 서울 월드컵 경기장,서울특별시 마포구 성산동 515,37.56684494,126.8964462
 상암한화오벨리스크 1차 앞,서울특별시 마포구 구룡길 19,37.58752441,126.8830032
 상암월드컵파크 10단지 앞,서울특별시 마포구 월드컵북로 502-36,37.58618927,126.8816147
 상암월드컵파크 9단지 앞,서울특별시 마포구 월드컵북로 501,37.58285522,126.8798218
 부엉이공원 앞,서울특별시 마포구 가양대로 189,37.58559036,126.8847275
 DMC빌 앞,서울특별시 마포구 월드컵북로60길 13,37.58265686,126.885788
 상암월드컵파크 7단지 앞,서울특별시 마포구 월드컵로42길 22,37.58111191,126.8808746
 마포구 육아종합지원센터,서울특별시 마포구 상암산로1길 71,37.58063126,126.8836746
 LG CNS앞,서울특별시 마포구 월드컵북로 424,37.58081055,126.8866501
 누리꿈스퀘어 옆,서울특별시 마포구 월드컵북로 396,37.57939911,126.8891602
 상암중학교 옆,서울특별시 마포구 상암동 1691,37.57739258,126.8874741
 DMC홍보관,서울특별시 마포구 월드컵북로 366,37.5779953,126.8914719
 DMC산학협력연구센터 앞,서울특별시 마포구 매봉산로 37,37.57580185,126.8907394
 상암월드컵파크 3단지 후문,서울특별시 마포구 매봉산로 8,37.57147598,126.8896866
 상암동주민센터 옆,서울특별시 마포구 매봉산로2길 16,37.57822037,126.8944702
 DMC역 9번출구 앞,서울특별시 마포구 성암로 지하184,37.57746887,126.8973618
 상암월드컵파크 1단지 교차로,서울특별시 마포구 월드컵북로 502-7,37.57566452,126.8944473
 DMC역 2번출구 옆,서울특별시 은평구 수색로 지하175,37.57506943,126.8999176
 월드컵경기장역 3번출구 옆,서울특별시 마포구 월드컵로 지하240,37.57072067,126.8989792
홈플러스 마포점 앞,서울특별시 마포구 월드컵로 240,37.56842041,126.8994293
 서울시 공공자전거 상암센터,서울특별시 마포구 월드컵북로47길 10,37.56624603,126.8961792
 마포구청 앞,서울특별시 마포구 월드컵로 212,37.56574631,126.9018631
 문화비축기지,서울특별시 마포구 증산로 87,37.56897736,126.8944016
 롯데하이마트 (상암월드컵점),서울특별시 상암동 1715-29,37.57361984,126.8980484
 DMC첨단산업센터,서울특별시 마포구 성암로330,37.58450317,126.8855972
 서울신용보증재단,서울특별시 마포구 마포대로 163,37.54906082,126.9541779
 성산시영아파트,서울특별시 마포구 월드컵북로 260,37.56958389,126.9038162
 마포중앙도서관,마포구 성산로 128,37.56333923,126.9082031
 이대역 5번출구,마포구 대흥동 2-1,37.55659103,126.9461899
 대흥역1번출구,마포구 대흥동 105-4,37.54846954,126.9409256
 성산2-1 공영주차장,마포구 성산동 199-46,37.56472015,126.9067688
 하늘공원 입구,마포구 하늘공원로 108-2,37.57012177,126.8813477
신석초교앞 교차로 교통섬,마포구 용강동 494-6 ,37.54364014,126.9383087
푸르메병원,마포구 상암동 632,37.58456802,126.8802109
구룡근린공원,마포구 상암동 1583,37.58320236,126.8827667
가온문화공원,마포구 상암동 1594,37.58207703,126.8876648
월드컵파크 4단지,마포구 상암동 1761,37.57597733,126.8880692
홍대입구역 6번출구,마포구 서교동 193-4,37.55657578,126.9288559
신수동주민센터,마포구 신수동 458,37.54724503,126.9350281
염리초등학교 앞,마포구 도화동 536,37.54243088,126.9469986
합정동주민센터 앞,마포구 합정동 473-2,37.551754,126.9123001
연남동주민센터 앞,마포구 연남동 250-11,37.56465149,126.9221268
벽산상암스마트큐브,마포구 성산동 593-1,37.5650444,126.9036026
래미안신공덕3차아파트,마포구 공덕동 457,37.54554749,126.9567947
마포구청 청사내,마포구 월드컵로 212,37.56624603,126.9021835
 상암월드컵파크5단지(상암중학교),마포구 상암동 1727,37.57948685,126.8873901
MBC 앞,마포구 상암동 1704,37.58194733,126.8902969
DMC역7번출구,마포구 상암동 1133,37.57711411,126.8983612
홍대입구역 사거리,마포구 서교동 418,37.55583954,126.920433
홍대입구역 3번출구,마포구 동교동 155-27,37.5582962,126.9253845
 프런트원(공덕역4번출구 앞),마포구 마포대로 122,37.54585266,126.9525986
 광흥창역5번출구,마포구 창전동 246-34,37.54737854,126.931633
 아만티호텔 앞,마포구 서교동 445-7,37.5573082,126.9188538
 스타벅스(동교동) 앞,마포구 동교동 205-6,37.5566597,126.9198685
 가좌행복주택 앞,마포구 중동 275,37.56949234,126.9118424
 시석빌딩 앞,마포구 합정동 412-34,37.5483017,126.9167175
 한화오벨리스크 앞,마포구 상암동 1758,37.58332062,126.8815613
 마포구중앙도서관 정문 앞,마포구 성산동 275-26,37.56415558,126.9081497
 JTBC 앞,마포구 상암산로 38 ,37.57730484,126.8901825
 망원정 앞,마포구 합정동454-23,37.5500679,126.9048004
 한강공원 망원나들목,마포구 망원동 462-8,37.55557632,126.8968887
 디지털매직스페이스,MBC본사와 디지털매직스페이스 건물 사이 횡단보도 2개 중간,37.58119965,126.8895798
 신촌 청년주택,마포구 창전동15-1,37.54985428,126.9320374
 솔리스타오피스텔(공덕동주민센터),서울  마포구 공덕동 30-19,37.55015945,126.9605255
 서울디자인고등학교 앞,마포구 염리동 160-68 (동도중학교.서울디자인고등학교 버스정류장에서 공덕방향으로의 보도블럭 공간) (매장 '호계식' 앞),37.54568481,126.9467697
 서부운전면허시험장,서울 마포구 월드컵로42길 13,37.57892227,126.882164
 마포프레스티지자이 1,서울시 마포구 염리동 30-29,37.55152893,126.9466934
 코오롱아파트사거리,마포구 연남로 42 코오롱아파트사거리,37.56303787,126.9214325
 에스테반,마포구 만리재로 95,37.54891968,126.9595184
 상암한샘빌딩앞,서울시 마포구 성암로 179,37.57649231,126.898674
 아현문화건강센터,서울시 마포구 아현동 645-14,37.55235291,126.9514771
 당인리발전소 공원 앞,서울 마포구 합정동 50-15,37.54529572,126.9176483
 상수역새마을금고,서울 마포구 독막로 8,37.54758835,126.9246445
 서울서부지방법원등기국앞,서울서부지방법원등기국앞,37.55184937,126.9547806
 신촌 교보빌딩,신촌로 134,37.5560112,126.9403458
 마포아트센터 앞,대흥로20길8,37.55034256,126.9458008
아현교회,마포구 신촌로 212,37.55677795,126.9493408
월드컵참누리아파트,마포구 월드컵북로38길 54,37.57212448,126.9059753
아현래미안푸르지오아파트 104동 앞,마포구 아현동 777,37.55515671,126.9529266
성산유수지공원,마포구 성산동 445,37.57402039,126.9010239
 KB국민은행 염창역 지점 앞,서울특별시 양천구 목동 559,37.5468483,126.8727722
 목동사거리 부근,서울특별시 양천구 목동 813,37.53280258,126.8639298
 목4동주민센터 옆,서울특별시 양천구 목동 904-3,37.53254318,126.8687286
 오목교역 7번출구 앞,서울특별시 양천구 목동 451,37.52362823,126.8752441
 남부법원검찰청 교차로,서울특별시 양천구 신정동 1095,37.52325439,126.8649063
 신정네거리역,서울특별시 양천구 신월동 894,37.5218811,126.8517532
 서울출입국관리사무소 앞,서울특별시 양천구 신정동 319-3,37.51897049,126.8699646
 신정3동 현장민원실 앞,서울특별시 양천구 신정동 760-2,37.51158524,126.8415604
 금옥여고보도육교,신정로 213,37.50971222,126.8441696
 신일해피트리아파트 앞,서울특별시 양천구 신월동 1063-4,37.51705933,126.8484879
 강월초교입구 사거리,서울특별시 양천구 신월동 905,37.51699829,126.8383179
 양서중학교 옆,서울특별시 양천구 신월동 790,37.53304672,126.8299561
 한국SGI 양천문화회관 앞,서울특별시 양천구 신월동 790,37.532547,126.8308029
신정6동 주민센터 인근,서울특별시 양천구 목동서로 355,37.51731873,126.8643189
 홍익병원앞 교차로,서울특별시 양천구 등촌로 2,37.5303688,126.8642578
 서울강월초등학교 앞,서울특별시 양천구 신월로 97,37.5161972,126.8348999
 경서농협 버스정류장(우리은행신정동지점방향),서울특별시 양천구 신월로 328,37.52151108,126.8573837
 SBS방송국,서울특별시 양천구 목동서로161,37.52916336,126.8727493
 계남공원 입구 주출입구 좌측,서울특별시 양천구 신정동 621-14,37.51059723,126.8573227
 양강중학교앞 교차로,서울특별시 양천구 남부순환로88길5-16,37.52433395,126.8505478
 목동3단지 시내버스정류장,서울특별시 양천구 목동중앙로 49 ,37.5343895,126.8695984
 서부식자재마트 건너편,서울특별시 양천구 신정동 236 ,37.51037979,126.8667984
 서울시 도로환경관리센터,서울특별시 양천구 목동동로 316-6,37.5298996,126.8765411
 신월중학교,서울특별시 양천구 화곡로 59,37.53955078,126.8283005
 신정이펜하우스314동,서울특별시 양천구 신정이펜1로50 ,37.51409912,126.8310013
 신트리공원 입구,서울특별시 양천구 신정동 310-8 ,37.51395035,126.8560562
 영도초등학교,서울특별시 양천구 목동중앙로 70 ,37.53637695,126.8715134
 오솔길공원,서울특별시 양천구 남부순환로70길11-9,37.52219009,126.8367004
 장수공원,서울특별시 양천구 신월로 894 ,37.52256012,126.8494797
 신월사거리,서울특별시 양천구 신월동 263,37.53620148,126.8277969
 으뜸공원,서울특별시 양천구 가로공원로 133,37.53636932,126.8317108
 화곡로 입구 교차로,서울특별시 양천구 신월동 258,37.53952026,126.8254013
 등촌역 5번 출구 뒤,서울특별시 양천구 등촌로 236,37.55073166,126.8645783
 현대6차아파트 101동 옆,서울특별시 양천구 신정동 735-5,37.50889969,126.8426819
 신목동역 2번 출구,서울특별시 양천구 목동중앙로 212 앞,37.54384232,126.8825455
 강서초등학교,서울특별시 양천구 오목로 31 부근,37.52228165,126.8396988
 목동2단지 상가,서울특별시  양천구 목동 902-5 ,37.53650284,126.8777466
 목동3단지 상가,서울특별시 양천구 목동 903-6,37.53458023,126.8756485
 목동운동장,서울특별시 양천구 안양천로 939,37.53025055,126.879303
 이대목동병원보도육교,서울특별시 양천구 목동 911-10,37.53722763,126.8866119
 연의근린공원 건너편,서울특별시 양천구 신정로7길 92,37.51215744,126.8356247
 성원2차 아파트,서울특별시 양천구 목동중앙남로 100,37.54218292,126.8633041
 목동1단지아파트 118동 앞, 양천구 목동서로 38,37.54114151,126.8766785
 목동1단지아파트 상가 앞,양천구 목동서로 38,37.5378685,126.8814087
 목동주차장,양천구 목동동로 298,37.52667999,126.8761673
 신정이펜하우스 1단지아파트 입구 사거리,양천구 신정이펜1로 99,37.51427841,126.828743
 한사랑교회 앞,양천구 목동동로 33,37.51472092,126.8591995
 보아스아파트 앞,양천구 오목로3길 32,37.52407074,126.8386002
 잣절보도육교 아래, 양천구 남부순환로 699,37.50682068,126.8442993
 오목로 무중력지대 앞, 양천구 신목로 126,37.52474213,126.8776627
 목동11단지 아파트,목동동로 10,37.51065826,126.8591614
 목동청소년수련관,양천구 목동동로 323,37.53102875,126.8758926
 오목교역 3번출구,서울특별시 양천구 목동동로 270,37.52477646,126.8754807
 신목동역 3번출구,양천구 목동 136-1,37.54394913,126.883461
신정숲속마을아파트,양천구 신정로 110,37.50574493,126.8363113
목동5단지아파트 501동,양천구 목동,37.53566742,126.8815842
CBS방송국 앞,양천구 목동 917-1,37.52785492,126.8746719
목동역5번출구 교통정보센터 앞,양천구 목동로 186,37.52571487,126.8648682
목동아파트 703동 앞,양천구 목동로 186 ,37.52820587,126.870163
"염창역 3, 4번 출구 사이",공항대로 630,37.54670715,126.8745728
등촌역 4번 출구,양천구 목동 603-2,37.54950714,126.867218
세종그랑시아 앞(102동),양천구 목동중앙남로3가길 59,37.53837585,126.8638306
목마공원,양평교 하부,37.53874207,126.8856812
신월6차보람아파트 앞,양천구 곰달래로7길 7,37.53012848,126.8347778
 신정1동 주민센터 앞,양천구 중앙로 250,37.51854324,126.8538818
신정교 하부,양천구 신정동 871-37,37.5173378,126.8776474
신정보도육교 아래,양천구 신목로 10,37.51759338,126.8765564
서남병원 후문,양천구 신정이펜1로 20,37.51167297,126.8327408
"양천구청, 보건소 사잇길",양천구 신정동 321-8,37.51747513,126.8663254
목동아파트 8단지 상가동 앞,양천구 목동서로 280,37.52007294,126.8683014
양천아파트 입구,양천구 목동로3길 41,37.50790405,126.862648
양천구청역 2번출구 옆,양천구 목동로3길 57,37.51228714,126.8652802
화곡고가 사거리,양천구 신월동 455-5 ,37.52760696,126.8487549
현대하이페리온,오목로300(205동앞 서쪽방향),37.52490616,126.8697891
목동트라팰리스 웨스턴에비뉴,오목로299(이마트 출입구측),37.52537155,126.8709259
목동5단지아파트 534동,서울특별시 양천구 목동동로 350 목동신시가지아파트5단지,37.53302002,126.8778992
양천문화회관,양천구 신정동 323-1,37.51686478,126.8629608
양천 해누리타운,양천구 신정동 327-4,37.51584244,126.8641129
목동아파트 14단지 B상가 앞,양천구 신정동 330,37.5146637,126.8719406
목동아파트 1422동 1434동 사잇길,양천구 신정동 332-2,37.51515579,126.8724899
 신정제일시장,신월로 308,37.52124786,126.8549576
 유원목동아파트 103동 앞,신목로 77,37.52109528,126.8732071
 서울영상고교 입구,신월로 347,37.52198029,126.8592835
 신정네거리역 교차로,중앙로 280,37.52175903,126.8522873
 목동13_14단지 사거리,목동동로 130,37.5140686,126.8699875
 목동성당 앞,목동서로 271,37.52319717,126.8693008
 동문굿모닝탑,목동동로 53,37.51481247,126.8611755
 성보하이드로빌딩,남부순환로 435,37.52893829,126.8331223
 청기와빌딩,신월로 200,37.52011108,126.8447495
 양원보도육교,화곡로 16,37.53924561,126.8237381
 대성유니드아파트,신월로15길 25,37.52091599,126.8409576
 신곡시장,신월로 160,37.51779556,126.8416138
 구립양천어르신요양센터,신월로 26,37.51351166,126.8268127
 목동아파트2단지 222동 앞,양천구 목동중앙로 125건너편,37.53968811,126.8749847
 목동신시가지아파트6단지,양천구 목동동로 430(6단지 상가동 앞),37.53684616,126.8847504
 양천구청역 1번출구,양천구 신정동 276-7,37.51292038,126.8667984
 방아다리어린이공원,양천구 화곡로 64,37.53936005,126.8288651
 목동아파트 613동 앞,"양천구 목동동로 430
(613동 인근 상가동 앞)",37.53315735,126.8840866
 목동현대아파트 후문 앞,양천구 신정동 1279,37.5221405,126.8780594
 목동12단지 아파트,"양천구 목동동로 50
(관리동 앞)",37.51412201,126.860405
 양천해누리체육공원,"양천구 안양천로 711
(주출입구 좌측)",37.51174164,126.8738327
 서울남부지방검찰청 후문,양천구 신월로 390,37.52164078,126.8655548
 양천공영차고지,서울시 양천구 신정종 836-38,37.50922012,126.8371582
 목동7단지아파트 A상가,양천구 목동로 212,37.52624512,126.8657837
 목동역 3번 출구,양천구 목동 926-3,37.52653122,126.8644562
 갈산문화예술센터,신정동 330-12,37.51097488,126.8698425
 월정초 사거리,양천구 신월동 92-2,37.53642654,126.8334122
 오목교역 6번 출구,양천구 신목로 102,37.5236702,126.8756714
경창시장,양천구 신월동 446-3,37.52399445,126.8421326
청소년음악센터,양천구 신정동 1290-6,37.51061249,126.8426132
목동운동장 주경기장,양천구 안양천로 939,37.53002167,126.8821945
상사마을 버스정류장(아라대교방면),서울특별시 강서구 개화동로5길 3-8,37.58161163,126.7985992
 방화사거리 마을버스 버스정류장,서울특별시 강서구 양천로17길 6,37.57364273,126.8118057
 방화역 4번출구앞,서울특별시 강서구 금낭화로 135,37.57710648,126.8119965
 방화근린공원,서울특별시 강서구 금낭화로 176,37.58162308,126.8126526
 신방화사거리,서울특별시 강서구 방화대로 342,37.57256317,126.8164215
 공항시장역 2번출구 뒤,서울특별시 강서구 방화동로 지하 30,37.56387329,126.8106079
 공항시장역 4번출구,서울특별시 강서구 방화동로 지하 30,37.56334686,126.8104858
 공항중학교앞,서울특별시 강서구 방화대로 241,37.56220245,126.816246
 마곡엠밸리6_7단지 마곡중학교,서울특별시 강서구 마곡중앙5로 58,37.56698227,126.8218002
 마곡엠밸리4단지 정문,서울특별시 강서구 마곡서로 175,37.56857681,126.8247757
 서남환경공원 버스정류장,서울특별시 강서구 양천로 201,37.57312393,126.8223877
 등촌5단지아파트 버스정류장,서울특별시 강서구 공항대로 329,37.55819702,126.8442612
 증미역 3번출구뒤(등촌두산위브센티움오피스텔),서울특별시 강서구 양천로 지하 560,37.55746078,126.8614578
 염창동 한마음아파트 앞,서울특별시 강서구 양천로 637,37.55425262,126.8675613
 대림경동아파트앞,서울특별시 강서구 허준로 121,37.564785,126.8546448
 가양레포츠센터 앞,서울특별시 강서구 양천로61길 101,37.55947876,126.8643799
 황금내근린공원,서울특별시 강서구 허준로 221-40,37.56192398,126.8641663
 발산역 6번 출구 뒤,서울특별시 강서구 공항대로 280,37.55817795,126.8384552
 명덕고교입구(영종빌딩),서울특별시 강서구 강서로 304,37.55291367,126.8365707
 우장산역 1번출구옆(우장산아이파크105동앞),서울특별시 강서구 강서로 지하 262,37.54890823,126.8365631
 화곡역 버스정류장,서울특별시 강서구 화곡로 157,37.54098129,126.8385468
 화곡역 6번출구,서울특별시 강서구 화곡로 지하 168,37.54141235,126.8402252
 화곡역 1번 출구 앞,서울특별시 강서구 화곡로 지하 168,37.542099,126.8402176
 화곡본동시장 버스정류장,서울특별시 강서구 화곡로 196,37.54275131,126.8426209
 등촌역 7번출구,서울특별시 강서구 공항대로 지하 529,37.55110931,126.8637085
 강서구의회,서울특별시 강서구 등촌로 185,37.54653168,126.8625488
 등촌2파출소,서울특별시 강서구 등촌로 167,37.54478836,126.8619995
 등촌2동주민센터,서울특별시 강서구 등촌로 143,37.54126358,126.8633728
 용문사 버스정류장,서울특별시 강서구 등촌로 95,37.53852081,126.8634338
 목동사거리 버스정류장,서울특별시 강서구 등촌로 19,37.53139877,126.8636093
 곰달래 문화복지센터 A,서울특별시 강서구 강서로5길 50,37.52906036,126.8484802
 곰달래 문화복지센터 B,서울특별시 강서구 강서로5길 50,37.52891922,126.8480835
 볏골공원,서울특별시 강서구 까치산로4길 22,37.54146957,126.84478
 신방화역환승주차장,서울특별시 강서구 마곡서1로 111-12,37.56728363,126.8182755
 송정역 1번출구,서울특별시 강서구 공항대로3길 18,37.56153107,126.8106995
 마곡역1번출구,서울특별시 강서구 마곡동 727-716,37.56020737,126.8241425
 마곡역교차로,서울특별시 강서구 마곡동 728-168,37.55831146,126.8265228
" 발산역 1번, 9번 인근 대여소",서울특별시 강서구 공항대로 281,37.55894852,126.8371735
 기쁜우리복지관,서울특별시 강서구 가양동 1458-15 ,37.56925964,126.8484192
 강서구청,서울특별시 강서구 화곡로 302,37.55065918,126.8497696
 가양역 8번출구,서울특별시 강서구 양천로 지하 485,37.56103516,126.8548126
 서서울모터리움 앞,서울특별시 강서구 양천로53길 30,37.56585312,126.8465958
 양천향교역 7번출구앞,서울특별시 강서구 양천로 지하 341,37.56768036,126.8408966
 강서면허시험장 앞,서울특별시 강서구 남부순환로 171,37.54969406,126.819664
 공항초등학교건너편,서울특별시 강서구 마곡서1로 68,37.56267929,126.8204727
 방화동강서기동대앞,서울특별시 강서구 방화대로34길 65,37.57049942,126.8200836
 마곡중학교 후문,서울특별시 강서구 마곡중앙5로 58,37.56844711,126.8216476
 강서구립등빛도서관,서울특별시 강서구 강서로62길 48,37.56256866,126.8424606
 마곡수명산파크3단지 교차로,서울특별시 강서구 수명로 72,37.55350876,126.8258667
 마곡엠밸리10단지 앞,서울특별시 강서구 마곡중앙1로 72,37.56029129,126.8187561
 염창역 1번 출구,강서구 공항대로 625,37.54719925,126.8744888
 강서구보건소,강서구 공항대로 571 ,37.54917908,126.8687973
 염창동 새마을금고 건너편,강서구 양천로 696,37.55004883,126.8731613
 가양3동 주민센터,강서구 허준로 202,37.56124878,126.8605804
 강서구청사거리(SH타워),강서구 공항대로 411 ,37.55673599,126.8530731
 강서구청사거리(부민병원),강서구 공항대로 395 ,37.55661392,126.8511658
 대한항공 인력개발센터,강서구 공항대로 453 ,37.55437851,126.8575363
 수명중?고교,"강서구 수명로1길 16, 401동 앞",37.55010986,126.8236771
 개화산역 2번 출구,강서구 양천로 22,37.57247162,126.8061676
 마곡엠밸리 15단지(1502동) 건너편,강서구 마곡중앙로 36,37.55746841,126.8297195
 농수산식품공사 (강서지사),강서구 발산로 40,37.55104446,126.8184967
 KBS 스포츠월드,강서구 공항대로 376,37.55687714,126.8488083
 KC 대학교,강서구 까치산로 24길 47,37.54832077,126.8534012
 마곡13단지,강서구 공항동 1343,37.55644989,126.815979
 등촌9단지,강서구 화곡로 63가길 92 (등촌동 704),37.56290054,126.8494721
 송정중학교,강서구 공항동 1342,37.55472946,126.8160934
 강서수산물도매시장,강서구 외발산동 424,37.55302048,126.818367
 롯데중앙연구소,강서구 마곡동 301-3,37.57138062,126.8283386
 마곡역 교차로(2번출구),강서구 마곡동 727-747 ,37.5605011,126.8266525
" 마곡역 버스정류장(마곡나루역1번출구, 웰튼병원 방면)",강서구 마곡동 727-925,37.5602417,126.8271637
 마곡수명산파크 209동 건너편,강서구 내발산동 741-8,37.55545044,126.8268967
 마곡센트럴타워 1차,강서구 마곡동 727-1136,37.55947113,126.832077
 코오롱One&Only타워,강서구 마곡동 727-525,37.56412888,126.8343124
 서울식물원(문화센터) 건너편,강서구 마곡동 727-286,37.56824112,126.8358307
 엠펠리체 호텔 건너편,강서구 마곡동 727-1187,37.5602417,126.8358078
 LG 사이언스파크,강서구 마곡동 727-925,37.56254959,126.8274384
 우장산역 3번출구,강서구 화곡동 1006-2,37.54782104,126.8361282
 개화광역환승센터,강서구 개화동 492-22,37.57844925,126.7989731
 마곡나루역 5번출구 뒤편,강서구 마곡동 761-5,37.56520081,126.8273163
 마곡 엠밸리2단지,강서구 마곡동 735-1,37.56917953,126.8194428
서울도시가스 앞,강서구 공항대로 607 ,37.54748535,126.8720245
홈플러스(강서점),강서구 화곡로 398 ,37.55852127,126.8540115
강서공업고등학교 앞,"강서구 방화대로47가길 22, 411동 앞",37.57631683,126.8164978
한강아파트,강서구 허준로 23,37.57036972,126.8444138
강서한강자이타워 앞,강서구 양천로 401 ,37.56468201,126.8489075
강변아파트 310동 앞,강서구 가양동 1459-8 ,37.56458664,126.8569183
라이품 공영주차장 앞,강서구 강서로 515,37.57131958,126.8416672
가로공원공영주차장 1번 출구,강서구 가로공원로 193,37.53736115,126.8374481
화곡터널입구교차로,강서구 가로공원로 238 ,37.53835678,126.8423615
우장초등학교 앞,강서구 화곡로 263,37.54853439,126.8466721
마곡나루역 2번 출구,강서구 마곡중앙5로 6 ,37.56692505,126.8274384
롯데 R&D 센터,강서구 마곡동 301-2 ,37.57094193,126.8283157
LG유플러스 마곡사옥,강서구 마곡중앙8로 71,37.56133652,126.8339005
마곡수명산파크1단지,강서구 마곡동 728-148 ,37.55519104,126.8314667
마곡문화공원,강서구 마곡중앙8로 20,37.56121063,126.8303452
힐스테이트에코,강서구 마곡동 727-1120,37.55965805,126.8296051
등촌1-10단지 교차로,강서구 강서로 419,37.56320572,126.8393631
마곡 필네이처,강서구 마곡동 727-1190,37.56089401,126.8366928
(재)FITI시험연구원,강서구 마곡동 727-211,37.56848526,126.8385696
서울식물원 식물문화센터,강서구 마곡동 727-305,37.56883621,126.8356323
서울식물원 잔디마당 앞,강서구 마곡동 727-558,37.5639267,126.8306427
마곡나루역 3번 출구,강서구 마곡동 372-23,37.56580353,126.8280792
넥센 유니버시티 앞,강서구 마곡동 301-2,37.56948471,126.8280945
마곡메가박스 앞,강서구 마곡동 727-1179,37.55912781,126.8349533
명덕고교,강서구 마곡동 728-46,37.55524063,126.8347168
마곡수명산 1-2단지,강서구 마곡동 728-350,37.5553093,126.8298569
마곡13단지 정문 앞,강서구 마곡동 730-417 ,37.5586319,126.8199158
까치산역 3번 출구,강서로 45,37.53158951,126.8466415
수명산파크1단지교차로,강서로47길 142,37.55363083,126.8286133
마곡레포츠센터,양천로 251,37.57297516,126.8324432
마곡수명산파크5-6단지,강서구 내발산동 751-1,37.55061722,126.8268814
강서구민올림픽체육센터,화곡로65길 62,37.55990601,126.8504257
강서세무서 앞,마곡서1로 60,37.56209183,126.8209686
수명초등학교,수명로1길 84,37.5525589,126.8231125
수명산파크 4단지 411동 앞,내발산동 751-6,37.55134964,126.8249359
 공항중학교 버스정류장,공항동9-12,37.56113434,126.8161011
 신방화역 8번출구,초원로16길3-9,37.5674057,126.8162155
 마곡힐스테이트 정문,마곡중앙3로74,37.56497574,126.8174057
 신방화역 6번출구,방화대로294,37.56692886,126.8168411
 서울남부출입국관리소,마곡동730-280,37.56059265,126.8208466
 이대서울병원,마곡동728-10,37.5586319,126.8355942
 발산역 8번 출구,마곡동727-1222,37.55846024,126.8367615
 나이아가라관광호텔,양천로743,37.5490303,126.8783646
 등촌태영아파트,양천로590,37.55603027,126.864296
 문소빌딩,화곡로229,37.54555511,126.8444977
 강서문화센터,화곡로215,37.54457855,126.8437805
 화곡본동시장 입구,화곡로206,37.54382706,126.843689
 대원빌딩,화곡로228,37.54536819,126.8447037
 길성그랑프리텔아파트,방화대로319,37.5692482,126.8165054
 가양오토갤러리,강서로74길58,37.56644058,126.844307
 더리브골드타워,양천로400-12,37.56557083,126.8462448
 김포공항사거리,방화동651-1,37.5675354,126.8051834
 김포공항입구 교차로,방화동621-6,37.56179428,126.80793
 유광사여성병원,강서로191,37.54323959,126.8386307
 등촌서광아파트,공항대로45길68-6,37.55755234,126.8562546
 강서아동복지센터,금낭화로26가길 130,37.58458328,126.8109207
 겸재정선미술관,강서구 양천로47길 24 ,37.57128906,126.8377762
 마곡금호어울림아파트,강서구 양천로47길 90,37.57410049,126.8371124
 벽산아파트,양천로47길 112 ,37.57531738,126.8366699
 안양천합수부(현대3차아파트),강서구 염창동 222,37.55195236,126.876709
 강서힐스테이트 상가 앞, ,37.54663849,126.8365784
 가양나들목,강서구 가양동 1456-6,37.57386398,126.8434753
 정곡나들목,강서구 방화동 57-5번지,37.5841713,126.8193283
 염창나들목,강서구 염창동 223-4번지,37.55680466,126.8715591
 송정역 3번출구 앞,강서구 공항동 36-16,37.56087875,126.8135452
 마곡수명산파크7단지 710동 앞,강서구 내발산동 755,37.54857254,126.8207626
 그랜드아이파크아파트 앞, ,37.55510712,126.8515472
 관문주유소(GS칼택스) 앞,강서구 공항대로 308,37.55802917,126.841835
 증미역 2번출구,강서구 화곡로 347,37.55713272,126.8631439
 국립항공박물관,국립항공박물관 경내,37.55688477,126.8092651
 남부순환로 205,남부순환로 205,37.54739761,126.8214111
 이랜드글로벌R&D센터,강서구 마곡동 727-356,37.56719208,126.8347549
 마곡9단지 910동 상가앞,강서구 마곡동 730-854,37.56108475,126.8167954
 마곡9단지 907동앞,강서구 마곡동 730-868,37.5606842,126.8191834
 마곡14단지 1408동앞,강서구 마곡동 729-20,37.55737305,126.8233261
 마곡역 7번출구,강서구 마곡동 798,37.55974579,126.8243866
 신마곡벽산블루밍메트로오피스텔앞,강서구 방화동 904,37.57108688,126.8075409
 마곡역5번출구앞,강서구 마곡동 799,37.55905914,126.8270493
 마곡역4번출구,강서구 마곡동 799,37.55931091,126.8274384
 화곡2동주민센터,강서구 곰달래로37길13,37.5318222,126.8546219
 우장산동 가곡어린이공원앞,강서구 내발산동 657-2,37.55545425,126.8375168
마곡 MICE 복합단지,강서구 마곡동 767-6,37.56354141,126.8245544
 양천향교역8번출구,강서구 마곡동 776,37.56902695,126.8398819
 허준박물관삼거리,강서구 가양동 1500-1,37.56724548,126.8503876
 아망떼마곡전시장,강서구 마곡동로 31,37.55791473,126.8329773
 주원 리젠트 앞,강서구 염창동 양천로699,37.55085754,126.8723373
 마곡13단지힐스테이트마스터 후문(1320동 앞),서울시 강서구 마곡중앙1로 71 마곡13단지힐스테이트마스터 후문 인근,37.5567627,126.8186951
 김포공항입구 교통섬,방화동 886-15,37.56154633,126.8070831
 우장산역 헤링턴타워 앞,화곡동 1013-3,37.54661942,126.8362351
" 마곡엠밸리14단지 버스정류장(마곡엠밸리11,12단지상가방면)",강서구 마곡동 798-17,37.55823517,126.8257599
 등촌역 1번출구,강서구 등촌동 649-14,37.5518837,126.8635712
 메이필드호텔앞,강서구 외발산동 276-9,37.549263,126.8167419
 왈도강서캠퍼스 앞,강서구 양천로 660,37.55221558,126.870224
 가양역 1번출구,양천로57길 10-20,37.56250763,126.8527527
 가양역 7번출구,화곡로 416,37.56019592,126.8549118
 강서우체국,등촌동 709,37.56418228,126.8402786
 가양테크노타운,가양동1484-5,37.56035995,126.8627625
 연세강서빌딩,방화동835-7,37.57625198,126.8173447
 등촌역 센터스퀘어,염창동312,37.55064774,126.8661652
 LG사이언스파크 E10동,마곡동 788-5,37.56364822,126.8345413
 대상연구소,마곡동762-4,37.56980896,126.8285751
 보타닉파크타워2,마곡동774-2,37.55948639,126.8313141
원당근린공원,등촌동690-5,37.55947495,126.8414764
가양5단지아파트,강서구 가양동1481,37.56447983,126.8546448
LG사이언스파크 E14동,마곡동 789-2,37.56349564,126.8358307
LG사이언스파크 E2동,마곡동 770-1,37.56381607,126.8320847
LG사이언스파크 W4동,마곡동 770-1,37.56403732,126.8297882
LG사이언스파크 E7동,마곡동 770-1,37.56153488,126.8319397
월드빌딩 앞,화곡동 1066-8,37.54098129,126.8374329
강서도로사업소,마곡동 60-8,37.57331848,126.8300705
 신도림동주민센터 앞,서울특별시 구로구 신도림로 40,37.50733185,126.8797302
 도림천역 1번 출구 앞,서울특별시 구로구 경인로67길 160,37.51424026,126.8828735
 신도림역 1번 출구 앞,서울특별시 구로구 경인로 688,37.50971985,126.8900986
 구일우성(아) 육교 밑,서울특별시 구로구 구일로2길 59,37.48963165,126.8762589
 해원리바파크 육교 밑,서울특별시 구로구 구일로 110,37.49528503,126.8721619
 낙원교회 맞은편,서울특별시 구로구 구로동로42길 43,37.49750519,126.8843765
 구로디지털단지역 앞,서울특별시 구로구 시흥대로 577-2,37.48493958,126.9013214
 한신휴아파트 앞,서울특별시 구로구 디지털로31길 120,37.48880005,126.8906632
 대림역4번출구,서울특별시 구로구 도림천로 351,37.49440384,126.8944473
 구로중학교앞,서울특별시 구로구 구로중앙로 48,37.49414062,126.8899841
 서울미래초등학교 사거리,서울특별시 구로구 새말로 73,37.50437927,126.888298
 삼부르네상스파크빌,서울특별시 구로구 남부순환로 1299,37.47874069,126.8950958
 동양미래대학교 정문 옆,서울특별시 구로구 경인로 445,37.49988937,126.8676987
 고척스카이돔구장 광장,서울특별시 구로구 경인로 430,37.49946976,126.8684006
 고척근린공원 고척도서관 앞,서울특별시 구로구 고척로45길 31,37.5038147,126.8519592
 개봉지구대 개봉치안센터,서울특별시 구로구 경인로 293,37.49768448,126.8537293
 개봉역2번출구 A,서울특별시 구로구 경인로40길 47,37.49499512,126.8582535
 개봉푸르지오아파트 상가,서울특별시 구로구 남부순환로 775,37.50170517,126.8472824
 개봉역 1번 출구 자전거보관서쪽,서울특별시 구로구 경인로40길 47,37.49428177,126.8592148
 한진아파트 입구,서울특별시 구로구 개봉로3길 87,37.4860611,126.8520126
 오류동역 2번출구,서울특별시 구로구 서해안로 2340-10,37.49367142,126.8437042
 온수역 북측,서울특별시 구로구 경인로3길 지하 64,37.49279022,126.8245239
 구로역 광장,서울특별시 구로구 구로중앙로 174,37.50311661,126.8803864
 천왕이펜하우스 4단지 후문,서울특별시 구로구 천왕로 9,37.48070526,126.8389587
 천왕연지타운2단지 앞,서울특별시 구로구 오리로 1102-10,37.48210526,126.845726
 천왕역 4번출구 뒤,서울특별시 구로구 오리로 지하 1154,37.48638535,126.8392105
 디지털입구 교차로,서울특별시 구로구 시흥대로 551,37.48288345,126.9010391
 동아1차APT105동 버스정류장(신도림중학교 방면),서울특별시 구로구 신도림로 67,37.51000977,126.8820496
 구일고등학교 정문,서울특별시 구로구 구일로 90-51,37.49340057,126.8743286
 강서수도사업소민원센터,서울특별시 구로구 가마산로 272,37.49578094,126.8901215
 구로구의회 앞,서울특별시 구로구 가마산로25길 9-24,37.49645615,126.8895874
 구로거리공원 동측(신도림역 방면),서울특별시 구로구 공원로 68,37.50284958,126.8894806
 신도림테크노근린공원,서울특별시 구로구 새말로 121-15,37.50818253,126.8913345
 가리봉동주민센터,서울특별시 구로구 디지털로26길 5,37.48160172,126.8927994
 원메디타운 앞,서울특별시 구로구 경인로 403,37.49789047,126.864502
 삼환로즈빌아파트 105동 옆,서울특별시 구로구 경인로 343,37.49724197,126.8591232
 한마을아파트 정문상가,서울특별시 구로구 경인로 382,37.49649811,126.8630981
 참새공원(백곡경노당),서울특별시 구로구 고척로21길 85,37.5051384,126.8443375
 동인오피스텔 건너편 소공원,서울특별시 구로구 고척로22길 64,37.49848175,126.8475037
 궁동생태공원,서울특별시 구로구 오리로 1352,37.50190353,126.8289642
 오정초교 앞 보도육교,서울특별시 구로구 경인로2길 10,37.49072266,126.8263931
 오리로와 서해안도로 교차로 앞,서울특별시 구로구 오리로 1181,37.48859787,126.8364945
 신도림2차e편한세상아파트 203동 앞,서울특별시 구로구 신도림로 16,37.50518036,126.8825378
 대림역 1번 출입구 밑,서울특별시 구로구 도림천로 351,37.49256516,126.8947525
 남구로역 5번 출입구 앞,서울특별시 구로구 도림로 지하 7,37.48567963,126.8867035
 천왕역 1번 출입구 앞,서울특별시 구로구 오리로 지하 1154,37.48620987,126.8388214
 구로1동우체국 앞,서울특별시 구로구 구일로 64,37.4920311,126.8737717
천왕지구삼거리 앞,서울특별시 구로구 천왕로 10,37.47943115,126.8426971
 구로동롯데아파트,서울특별시 구로구 새말로 31,37.50254822,126.8838806
 구로구청,서울특별시 구로구 가마산로 245,37.49526596,126.8884735
 구로도서관,서울특별시 구로구 공원로 15,37.49851608,126.8919907
 태평양물산빌딩,구로구 구로동 197-21,37.48485947,126.8951874
 개봉아이파크아파트 앞,구로구 개봉동 489-1,37.49034119,126.8609314
 고척LIGA아파트 앞,구로구 고척동 185-10,37.50605011,126.8607864
 오류동역 맞은편, 구로구 오류동 6-2,37.49676132,126.8449631
 구로구배드민턴실내체육관 앞,구로구 오류동 326-1,37.4917984,126.8324204
 금강수목원아파트 앞,구로구 오류동 255-5,37.48937988,126.834198
 삼성전자 물류센터 앞,서울시 구로구 구일로126,37.49699783,126.8717804
 구일역 1번 출입구 앞,구로구 구로동 642-77,37.49539948,126.8710098
 고척교 교차로,구로구 구로동 621-12,37.49856949,126.871521
 수궁동 성당 주변,구로구 궁동 252-17,37.49525833,126.830658
 신도림4차 e편한세상 아파트 1109동 앞,구로구 신도림동 312-16,37.5123291,126.8868332
 대륭포스트타워1차,구로구 디지털로31길 33-1,37.48437119,126.8954239
항동지구 6단지 602동 앞,구로구 항동 216-11 ,37.47737503,126.820015
구로자원순환센터,구로구 항동 216-11 ,37.48250961,126.8257599
항동지구 4단지 입구,구로구 항동 82-9,37.48259735,126.8264542
항동지구 1단지 105동 앞,구로구 항동 100-14,37.48062897,126.8218155
항동지구 2단지 202동 앞,구로구 항동 113-1,37.48080826,126.821907
항동지구 11단지 1103동 앞,구로구 항동 169-1,37.47790527,126.8231125
항동지구 3단지 311동 앞,구로구 항동 169-2,37.47793961,126.8232727
항동프라자,구로구 항동 120-5,37.4798317,126.8227539
항동지구 3단지 302동 앞,구로구 항동 135-26,37.47937012,126.82547
항동지구 10단지 1001동 앞,구로구 항동 135-11,37.47934341,126.8256378
천왕이펜하우스5단지 앞,구로구 천왕동 277-4,37.47989655,126.8403702
천왕이펜하우스3단지 앞,구로구 천왕동 277-4,37.48223877,126.8385315
하늘숲초등학교 앞,구로구 천왕동 산13-1,37.48366547,126.8416138
신세기아파트 앞,구로구 개봉동 412-52,37.49396515,126.8530426
청구아파트 앞,구로구 고척동 50-65,37.50119019,126.863533
제니스스포츠 앞,구로구 고척동 60-42,37.50452042,126.8705521
중앙유통단지 앞,구로구 구로동 635-32,37.49981308,126.8743134
미래사랑어린이공원 앞,구로구 신도림동 314-2,37.51006317,126.8895645
초롱타운 앞,구로구 구로동 467-62,37.49545288,126.880394
가마산지하보도 옆,구로구 구로동 390-157,37.48864746,126.8804703
항동지구 7단지 정문,구로구 항동 207-1,37.47603607,126.8165894
항동지구 8단지 803동옆(주차장입구),구로구 항동 220,37.47473145,126.817009
 항동지구5단지 501동 앞,서울 구로구 항동 140-2,37.47819901,126.8248749
 오류동 다숲오피스텔 앞,서울 구로구 오류동 332-37,37.49267197,126.8416214
 삼호아파트 앞,서울 구로구 개봉동 204-20,37.49385834,126.8564682
 현대아파트 앞,서울 구로구 개봉동 412-43,37.49333954,126.8591766
 신도림7차e편한세상아파트 806동 앞,서울 구로구 신도림동 385-3,37.50862503,126.8835373
 구로역·NC신구로점 버스정류장(구로역 방면),서울 구로구 구로동 496-128,37.50096512,126.88237
 테크노마트 앞,서울 구로구 구로동 1-2,37.50624084,126.8911438
 희훈타워빌 앞,서울 구로구 구로동 50,37.50191498,126.8892441
 천왕차량사업소 입구,서울 구로구 천왕동 63-5,37.47604752,126.8450165
 목양전원교회 앞 로터리,서울 구로구 항동 22-10,37.48389053,126.8221817
 항동하버리안2단지아파트 후문,서울 구로구 항동 22-10,37.48337555,126.8224793
 신도림쌍용플래티넘노블아파트 앞,서울 구로구 구로동 50-7,37.50126266,126.891182
 동선아파트 앞,서울 구로구 오류동 80-2,37.49382782,126.8390732
 성공회대학교,"서울 구로구 연동로 320
(항동, 성공회대학교)",37.48859024,126.8247833
 이좋은집오피스텔 앞,서울 구로구 오류동 44-1,37.4949913,126.8418503
 개봉역2번출구 B,구로구 개봉동 416-99,37.49555206,126.8569794
 서울남부교정시설 앞,구로구 천왕동 272,37.47715378,126.839859
 구로공구상가 앞,구로구 구로동 636-34,37.50075531,126.8770828
 오류동 계림웨스트밸리 앞,구로구 오류동 108-103,37.49090958,126.8296509
 중앙유통단지 앞 B,구로구 구로동 620-4,37.50127029,126.8767853
구로월드아파트 앞,구로구 구로동 610-10,37.50519562,126.8761902
고척아이파크아파트 106동 앞,구로구 고척동 102-2,37.49801254,126.8609848
고척아이파크아파트 205동 앞,구로구 고척동 118-3,37.50108719,126.8604584
온수역 2번 출구 앞,구로구 온수동 50-1,37.49179459,126.8250046
천왕역 3번 출구 뒤,구로구 천왕동 14-41,37.48690414,126.8389435
오류동부골든아파트 후문 옆,구로구 고척로 49,37.49938202,126.8411408
철도교통관제센터 정문 앞,구로구 구로동 685,37.49708176,126.8778839
개봉센트레빌레우스아파트 앞,구로구 개봉동 416-285,37.49752045,126.8529511
고대구로병원 앞,구로구 구로동 416-15,37.49312592,126.8842468
 독산역 2번출구 자전거주차장,서울특별시 금천구 벚꽃로 115,37.46652985,126.8887177
 서울디지털운동장 앞,서울특별시 금천구 가산디지털2로 151,37.48228836,126.8777695
 에이스하이엔드타워9차 앞,서울특별시 금천구 가산디지털1로 233,37.48621368,126.8786392
 에이스하이엔드타워8차 앞,서울특별시 금천구 가산디지털1로 84,37.47320938,126.8849411
 LG전자 별관동(호서대 벤처타워 맞은편),서울특별시 금천구 가산디지털1로 63,37.47077942,126.8851547
 갑을그레이트밸리 앞,서울특별시 금천구 디지털로9길 32,37.47903061,126.8872986
 두산위브아파트 옆 상가건물 앞,서울특별시 금천구 가산로 99,37.47422028,126.8941269
 금천폭포공원 앞,서울특별시 금천구 시흥대로38길 61,37.44686127,126.9038315
 금천구청 앞 자전거거치대,서울특별시 금천구 시흥대로73길 70,37.45647812,126.8959274
 신한은행 시흥대로금융센터지점,서울특별시 금천구 시흥대로 446,37.4433403,126.9033585
 홈플러스 시흥점 맞은편 다비치안경 앞,서울특별시 금천구 시흥대로 198,37.45145798,126.9021149
 서울 시흥동우체국 앞,서울특별시 금천구 시흥대로 217,37.45299149,126.9009094
 상신정비공업 앞,서울특별시 금천구 시흥대로 287,37.4589119,126.8985901
 독산근린공원 입구,서울특별시 금천구 독산동 ,37.46455002,126.883728
 한신아파트 앞 육교 아래,서울특별시 금천구 금하로1길 70,37.45470047,126.8910523
 한신코아 앞,서울특별시 금천구 한내로 62,37.45684052,126.8883438
 독산보도육교 앞 자전거 보관소,서울특별시 금천구 서부샛길 70,37.45672607,126.8930664
 한양수자인아파트 앞,서울특별시 금천구 시흥대로150길 6,37.47531891,126.8988876
 홈플러스 금천점 앞,서울특별시 금천구 시흥대로 391,37.4691391,126.8972015
 빅마켓 금천점 앞,서울특별시 금천구 두산로 71,37.4702301,126.8950729
 메이퀸웨딩컨벤션 앞,서울특별시 금천구 시흥대로 435,37.47249985,126.8979569
독산역 1번출구 A,서울특별시 금천구 벚꽃로 115,37.46654129,126.8902817
 월드메르디앙 벤처센터 2차,서울특별시 금천구 가산디지털2로 123,37.47908401,126.8790436
 STX V타워,서울특별시 금천구 가산디지털1로 128,37.47706985,126.8844299
 금천구립 독산도서관,서울특별시 금천구 독산로54길 114,37.46740341,126.9081421
 수출의 다리 아래,서울특별시 가산동 60-35,37.47743607,126.8861542
 솔브레인이엔지 뒤편,서울특별시 가산동 219-18,37.47555161,126.8884583
 가산동 주민센터,서울특별시 가산동 144-3,37.4769516,126.8918686
 한울중학교,서울특별시 시흥동 1000-3,37.46257401,126.9068604
 독산고등학교,서울특별시 독산동 906-42,37.47709656,126.9111328
 롯데캐슬골드파크1차 서문,서울특별시 금천구 벚꽃로40 ,37.460289,126.892189
 롯데캐슬골드파크1차 동문,서울특별시 금천구 독산동 441-19 ,37.46017075,126.8960419
 독산주공 14단지 버스정류소,서울특별시 금천구 안양천로,37.46093369,126.8871689
 벽산 디지털밸리 5차,서울특별시 금천구 가산동 60-73 ,37.4762764,126.8853912
 대륭포스트타워5차,서울특별시 금천구 디지털로9길 68,37.48135376,126.88694
 코오롱테크노밸리,서울특별시 금천구 디지털로9길 56,37.48015976,126.8863678
가산디지털단지 9번출구 인근,서울특별시 금천구 벚꽃로 309,37.48123169,126.881485
 서울디자인직업전문학교 앞,금천구 가산로70(가산동),37.47248077,126.8958664
 가산아네스트 오피스텔 앞,금천구 남부순환로1314(가산동),37.47817993,126.8974075
 성지아파트 옆 도로변,금천구 시흥대로51길55,37.45132065,126.8976212
 모두의학교,금천구 남부순환로 128길 42,37.47840881,126.9073715
 주공14단지,금천구 한내로 69-54,37.46055984,126.8870926
 500번·507번 버스 종점 앞,금천구 시흥동 1001-34,37.43727112,126.9026871
 대륭테크노타운 18차,금천구 가산동 668,37.4679985,126.8868408
IBK기업은행 석수역 지점 앞,시흥대로46 IBK기업은행 석수역 지점,37.4369812,126.9032974
스타즈호텔독산 빌딩 앞,시흥대로 315,37.46134567,126.897583
위너스 스포츠클럽 골프연습장옆,시흥대로 302 옆,37.46053696,126.8986054
산호시티빌 옆,시흥대로 251 옆,37.45652008,126.8995514
금천구청앞(M빌딩),시흥대로67 옆,37.45633316,126.8964539
서울안천초등학교 옆,한내로 69-16,37.45777893,126.8894272
대륭포스트타워6차 앞,벚꽃로 298,37.48088837,126.8838043
우리은행 시흥남자동화점 앞,시흥대로155,37.44785309,126.9028854
롯데캐슬골드파크3차 301동 앞,"시흥대로291, 롯데캐슬3차 301동 앞",37.45901871,126.8967133
독산3동주민센터 앞,독산로 317,37.47507095,126.9033585
 대륭테크노타운21차 앞,범안로 1126(안양천 연결 엘리베이터),37.46557617,126.8872452
 롯데캐슬2차 마을버스 정류장(18804) 뒤편,시흥동 113-77 자전거도로 시작점 뒤,37.45739746,126.8934174
 시흥사거리(시흥동 994-3 앞),시흥동 1000-48 알레르망 가게 앞,37.45415115,126.9004517
 에이스 하드웨어(시흥대로 396) 앞,독산동 1080-1 에이스하드웨어 정문 앞,37.46865845,126.898262
 독산역1번출구 B,"독산동1081-4(독산역마을버스
정류장 뒤 자전거 거치대 옆)",37.46709442,126.8892059
 혜명양로원 담장 옆(2),금하로29길 36,37.45191956,126.9137573
 독산동 현대홈타운 금천과선교 앞,독산동 산167-9,37.46222305,126.8918152
 독산역 롯데캐슬 104동 앞,독산동 산167-9,37.46239853,126.8917542
 시흥4동주민센터 앞,독산로36길 14,37.45894241,126.9059296
 순흥안씨묘 건너편,"시흥동 808-5,6",37.45838165,126.9080734
 산기슭공원 앞,시흥동 산 138-3,37.46272278,126.9072189
 독산2동주민센터 앞,독산로 179,37.4632225,126.9035721
 안천중학교,한내로69-44,37.45936584,126.8867798
현대시티아울렛 가산,디지털로10길 9,37.47739792,126.8887787
 금천구청역 1번 출구,금천구 시흥동 113-82,37.45703506,126.8943253
 가산롯데아이티캐슬,금천구 가산디지털2로 98,37.47636795,126.8808365
 디폴리스 지식산업센터,금천구 서부샛길 606,37.48017502,126.8768005
 금천현대홈타운 후문 서부샛길,독산동 871-45,37.46139526,126.8900375
청년주택 독산동점,금천구 범안로15길 21,37.46754074,126.8928223
LG전자가산A와 가산테라타워 사이,금천구 가산동 219-14,37.47520447,126.8901291
엘아르베뉴 102동 앞,금천구 가산로9길 109,37.47452545,126.8870773
 국회의원회관,서울특별시 영등포구 의사당대로 1,37.52841568,126.9139175
 진미파라곤 앞,서울특별시 영등포구 국회대로76길 10,37.53123856,126.9213333
 국민일보 앞,서울특별시 영등포구 여의공원로 101,37.52881622,126.92453
 국회의사당역 3번출구 옆,서울특별시 영등포구 국회대로 지하758,37.5280571,126.9187012
 국회의사당역 5번출구 옆,서울특별시 영등포구 의사당대로 8,37.52816391,126.9170227
 산업은행 앞,서울특별시 영등포구 의사당대로 97,37.52626419,126.9205093
 KBS 앞,서울특별시 영등포구 여의공원로 13,37.52466583,126.9180222
 여의나루역 1번출구 앞,서울특별시 영등포구 여의동로 지하343,37.52715683,126.9319
 유진투자증권빌딩 앞,서울특별시 영등포구 국제금융로 24,37.52461243,126.9278336
 여의도역 4번출구 옆,서울특별시 영등포구 국회대로68길 7,37.52222824,126.9246368
 여의도역 1번출구 옆,서울특별시 영등포구 의사당대로 88,37.5213623,126.9234619
 KT앞,서울특별시 영등포구 여의대로 38,37.52190781,126.9189529
 금융감독원 앞,서울특별시 영등포구 여의대로 38,37.5230217,126.9208374
 여의도고교 앞,서울특별시 영등포구 국제금융로7길 37,37.52483749,126.934906
 NH농협은행 앞,서울특별시 영등포구 국제금융로8길 2,37.52207947,126.9303665
 롯데캐슬엠파이어 옆,서울특별시 영등포구 의사당대로 127,37.52069473,126.9258347
 미성아파트 A동 앞,서울특별시 영등포구 의사당대로 110,37.5193634,126.9260483
 여의도초교 앞,서울특별시 영등포구 여의대방로 439,37.52267456,126.9377899
 시범아파트버스정류장 옆,서울특별시 영등포구 63로 45,37.51902008,126.9368897
 진주아파트상가 앞,서울특별시 영등포구 국제금융로 108-6,37.51913071,126.9333725
 롯데캐슬 앞,서울특별시 영등포구 국제금융로 86,37.5200882,126.9323654
 앙카라공원 앞,서울특별시 영등포구 의사당대로 지하166,37.51758575,126.9296188
 샛강역 1번출구 앞,서울특별시 영등포구 의사당대로 지하166,37.51776505,126.9284134
 양평2나들목 보행통로 입구,서울특별시 영등포구 양화동 17-4,37.54466629,126.8883591
 선유도역 3번출구 앞,서울특별시 영등포구 양평동4가 202-1,37.53845978,126.8945084
 양평1 보행육교 앞,서울특별시 영등포구 양평동4가 20-4,37.53587341,126.8921814
 영등포구청역 1번출구,서울특별시 영등포구 당산로 111-2,37.52463531,126.8962174
 남부고용노동지청 남측,서울특별시 영등포구 양평동1가 115-2,37.52450562,126.8918228
 양평우림 이비즈센타 앞,서울특별시 영등포구 양평동3가 14-1,37.52565002,126.8878174
 양평1동 YP센터 앞,서울특별시 영등포구 양평동3가 60-1,37.52848816,126.8916473
 신길동 우리은행 옆,서울특별시 영등포구 신길동 250-4 ,37.50456619,126.9102325
 문래동자이아파트 앞,서울특별시 영등포구 문래동3가 68-1,37.51615524,126.8946152
 제2구민체육센타 앞,서울특별시 영등포구 당산동4가 96-2,37.52638626,126.9027557
 유스호스텔 앞,서울특별시 영등포구 영등포동7가 58-2,37.5258522,126.9032822
 문래역 4번출구 앞,서울특별시 영등포구 문래동3가 55-12 ,37.51873779,126.8955765
 신길우성1차아파트 앞 공원,서울특별시 영등포구 도림동 255-2 ,37.50501633,126.8985367
 신길선원가와인아파트 앞,서울특별시 영등포구 신길동 215-28 ,37.51093292,126.9102249
 이앤씨드림타워 앞,서울특별시 영등포구 양평동3가 48-1,37.52708435,126.8913803
 영등포삼환아파트 앞,서울특별시 영등포구 영등포동8가 82-4 ,37.53007889,126.9057083
 삼성생명 당산사옥 앞,서울특별시 영등포구 당산동4가 35-24 ,37.52826309,126.8966293
 당산역 10번출구 앞,서울특별시 영등포구 당산동5가 14-4,37.53342056,126.9022369
 초원아파트 앞,서울특별시 영등포구 여의도동8-13,37.53105545,126.9242096
 여의도중학교 옆,서울특별시 영등포구 여의도동 8,37.52434921,126.9361191
 대림아파트 사거리,서울특별시 영등포구 신길동 249,37.50764084,126.9230804
 서울지방병무청 버스정류장,서울특별시 영등포구 신길동853,37.50449371,126.9219513
 보라매역4번출구,서울특별시 영등포구 신길동4884,37.49982834,126.9199448
 신풍역 5번출구 인근,서울특별시 영등포구 신길동3596,37.5006485,126.9095154
 도림신협 앞,서울특별시 영등포구 신길동263-76,37.50380325,126.9034195
 도림사거리,서울특별시 영등포구 신길동373-1,37.50657272,126.9011307
 동아에코빌입구,서울특별시 영등포구 도림동 159-70,37.50947571,126.8992996
 신길역3번출구,서울특별시 영등포구 영등포동1가35,37.51769257,126.914299
 대방역6번출구,서울특별시 영등포구 신길동1368,37.51359177,126.9259338
 여의도 마리나선착장 앞,서울특별시 영등포구 여의서로 160,37.53365707,126.9121628
 영문초등학교 사거리,서울특별시 영등포구 문래로 56,37.51992798,126.889183
 근로자회관 사거리,서울특별시 영등포구 선유로 34,37.51715088,126.8886261
 교보생명보험 앞,서울특별시 영등포구 영등포로 96,37.52193069,126.8916168
 영등포유통상가 사거리,서울특별시 영등포구 영등포로 124,37.52113342,126.8965378
 영등포청과시장 사거리,서울특별시 영등포구 영등포로 177,37.52029419,126.9011917
 삼성화재 사옥 옆,서울특별시 영등포구 양평로 76,37.53596115,126.8983002
 그랜드컨벤션센터 앞,서울특별시 영등포구 양평로 58,37.53471756,126.9000015
 증권거래소후문교차로,서울특별시 영등포구 여의나루로 76,37.52234268,126.9271011
 샛강생태공원방문자센터 앞,서울특별시 영등포구 여의동로 48,37.51896286,126.9216156
 당산육갑문,서울특별시 영등포구 당산로52길 3,37.53533936,126.9036789
 신동아아파트,서울특별시 영등포구 선유서로 76,37.52269745,126.8856812
 영등포로터리2,서울특별시 영등포구 경인로112길 1,37.51828384,126.9126358
 쌍용플레티넘오피스텔,서울특별시 영등포구 도영로 18,37.50793076,126.8952332
영등포 푸르지오 아파트 B,서울특별시 영등포구 도신로29길 28,37.51322937,126.9044647
 양평동6차현대아파트 앞,양평동 3가 80-9,37.53210068,126.8944397
대림신동아아파트 앞,가마산로 311 앞 복개천 보도,37.49824142,126.8939819
 신한은행 대림동지점,시흥대로 617,37.48752975,126.9048767
 아크로타워 스퀘어(영등포시장),영등포구 영등포동7가 3-2,37.52251816,126.9072189
 센트럴 푸르지오 시티 앞,문래로 180,37.51821136,126.9022293
콤텍시스템 앞,가마산로 343,37.49985886,126.8972397
 우성아파트 교차로,대림로 153 ,37.49457169,126.8997498
 영등포전화국사거리 (서강어린이공원),영등포동8가 29-1,37.52576828,126.9057388
 쌍용예가(구청별관),당산로31길 32 서측(구청별관 주변),37.52809906,126.8933868
 대림3동사거리,가마산로 352 커피베이 앞,37.49980927,126.8980026
새말소공원,영등포구 당산동4가 89-1,37.5315094,126.8978272
 문래동 하이테크 시티,영등포구 문래동3가 55-21,37.51412964,126.8993912
 영일 어린이공원,영등포구 영등포동 647-3,37.51012039,126.904068
 충북 미래관,영등포구 당산동 121-258,37.52917099,126.9075775
영등포공원 분수대 앞,영등포구 신길로 275,37.51481247,126.911705
KT플라자 영등포점,영등포구 영중로 119,37.52630234,126.9053803
국회3문,영등포구 여의동로 330,37.52863693,126.912674
KBS 연구동 건너편,영등포구 여의도동 1-877,37.52750778,126.914299
여의도 순복음교회,영등포구 여의도동 8,37.53179169,126.9224548
당산skv1센터,영등포구 당산로41길 11,37.53073502,126.8991699
당산롯데캐슬프레스티지,영등포구 영신로 237,37.52869034,126.903862
도림동배드민턴체육관,영등포구 도림동 276-2,37.50611496,126.8985901
도림고가도로 밑,영등포구 도림동 187-68,37.51124191,126.8981857
문래현대2차,영등포구 선유서로13길 6,37.5202179,126.882164
문래동 주민센터,영등포구 문래동3가 55-6,37.51707077,126.899086
양남사거리1,영등포구 양평동1가 19-2,37.5218277,126.8897247
신길 래미안 프레비뉴,영등포구 가마산로 442,37.50438309,126.9080887
신풍역 6번출구,영등포구 신풍로 43,37.50017166,126.9113083
영등포 푸르지오 아파트 A,도신로29길 28,37.51202393,126.9010544
강변삼성래미안,영등포구 버드나루로 130,37.52974319,126.9078293
영등포역 1번출구,청구로 64,37.5148468,126.9077301
래미안에스티움 앞 (신풍로),신풍로77(GS25),37.50013733,126.9139786
서울특별시 남부교육지원청,영등포구 문래로121,37.51933289,126.8953018
 코레일유통본사,영등포구 국회대로 612,37.52617645,126.9019775
 당산삼성2차아파트,영등포구 당산동4가 94-1,37.52762222,126.8986359
 대림우성2차아파트,영등포구 도림로47길 1,37.49519348,126.900177
 리버뷰신안인스빌1차 후문,영등포구 경인로77길 49,37.51374817,126.8885117
 리버뷰신안인스빌2차 후문,영등포구 도림로143길 27,37.51288223,126.8902664
 대영중고 후문,영등포구 가마산로 426,37.50545502,126.9062653
 신길역 2번출구,영등포구 신길동 42-7 ,37.51756287,126.9169846
 양평동성원아파트,영등포구 양평로17길 36,37.53374481,126.8936539
 양평역 1번출구,영등포구 양평동3가 22-1,37.52572632,126.8860016
 여의도 은하아파트,영등포구 여의도동 52,37.51850891,126.9344864
 63스퀘어,영등포구 여의도동 6,37.52070999,126.9396591
 영등포 신세계백화점,영등포구 영등포4가 442-6,37.51803589,126.9036484
 대림성원상떼빌아파트,영등포구 대림로 256,37.5038414,126.8961563
 한림대학교 강남성심병원 신관,영등포구 시흥대로 665,37.49128342,126.90802
 영등포로터리,영등포구 영등포동2가 174-1,37.51874924,126.9122086
 힐스테이트클래시안아파트,영등포구 신길동 242-193,37.50508881,126.9133453
 문래동롯데캐슬아파트,영등포구 선유로9길 30,37.51800156,126.8845978
 두산위브아파트,영등포구 신길로60나길 9,37.51470184,126.9121399
 영등포시장역 포레나영등포,영등포구 영등포동7가 23-4,37.52341461,126.9054031
 대림동 e편한세상영등포아델포레,영등포구 대림동 917-49,37.49582291,126.9083557
보라매sk뷰 108동 앞,여의대방로35가길19(신길동),37.50160599,126.91745
보라매sk뷰,여의대방로35가길19(신길동),37.50400543,126.9202805
 국회의사당 본관,국회의사당 경내,37.5325737,126.9140472
국회제2의원회관,국회의사당 경내,37.52974701,126.9131699
 국회소통관,국회의사당 경내,37.53050232,126.9128952
 국회도서관,국회의사당 경내,37.53054047,126.9181747
 의정관,국회의사당 경내,37.53214645,126.9174728
 국회2문,국회의사당 경내,37.52864075,126.9151077
 국회6문,국회의사당 경내,37.53271866,126.9179916
 KRX한국거래소(1),영등포구 여의나루로 76,37.52347946,126.9271164
 KRX한국거래소(2),영등포구 여의나루로 76,37.52410507,126.9281082
양남사거리2,양평1가 19-2,37.52194977,126.8904953
 신길자이아파트,"영등포구 가마산로79길19
(신길자이@ 104동 쪽)",37.50601196,126.9158859
 신길우성4차아파트,"영등포구 도신로
(신길우성4차 401동 앞)",37.51283264,126.9176331
 양평교 영등포대여소,영등포구 양평동5가 51-1,37.53972626,126.8903656
 오목교 동측 지하보도,영등포구 양평동2가 41-87,37.52364349,126.8818359
 대림우성아파트 사거리,영등포구 양평동2가 41-87,37.49484634,126.9002914
 도림천 건널목 위,영등포구 대림동 646-1,37.50208282,126.8931885
 영등포구 총괄 우체국,영등포구 당산동4가 93-6 앞,37.52915192,126.8944778
양평역2번출구 뒤,영등포로5길 50,37.5255661,126.8858414
 대림동현대2차 201동 앞,영등포구 대림동 640-2,37.50300598,126.8938294
 여의도역2번출구 앞,여의도동 의사당대로 88,37.52260971,126.9230118
 신한금융투자 앞,여의대로 70,37.52508926,126.9240799
 하이투자증권 앞,여의대로 66,37.52464294,126.9234238
 U레지던스 앞,영등포로 383,37.51382446,126.9209366
 영등포역5번출구,경인로 846,37.51669312,126.9080734
 여의도 삼부아파트,여의도동 30-2,37.52539444,126.9304581
어울림병원 앞,영등포로 384-1,37.51350021,126.9208679
보라주유소 앞,신길동 70-23,37.51319885,126.923523
당산역11번출구,당산동5가 14-4,37.53363037,126.9014587
장훈고 앞,신길동 195-3,37.51156998,126.9139786
더리브오피스텔 앞,영등포동1가 94-4,37.51791763,126.9125977
포레나 당산,영등포구 당산동2가 45-5,37.52195358,126.8955078
H타워 앞,영등포구 버드나루로15,37.52024078,126.9124527
로프트시티오피스텔,영등포구 영등포로244,37.51906204,126.9083939
영등포아트홀 앞,국회대로596,37.52668381,126.9001923
LG트윈타워 앞,여의대로 128,37.52834702,126.9300842
건영상가 앞,도림로323,37.50611877,126.9016113
 노들역 1번출구,서울특별시 동작구 노량진로 지하 238,37.51284409,126.9524689
 사육신공원앞,서울특별시 동작구 노량진로 191,37.51335907,126.9480591
 유한양행앞,서울특별시 동작구 노량진로 74,37.51293945,126.9342423
 노량진근린공원 대방공원,서울특별시 동작구 여의대방로44길 20,37.5093689,126.9280701
 보라매역 8번출구,서울특별시 동작구 상도로 지하 2,37.50007629,126.9210815
 대림사거리(동작상떼빌아파트),서울특별시 동작구 시흥대로 634,37.48836136,126.9062271
 장승배기역 5번출구,서울특별시 동작구 상도로 지하 188,37.50585175,126.9393616
 신대방삼거리역 6번출구쪽,서울특별시 동작구 상도로 지하 76,37.49985504,126.9295654
 신대방삼거리역 3번출구쪽,서울특별시 동작구 상도로 지하 76,37.49964523,126.9270935
 장승배기역2번출구뒷편쪽,서울특별시 동작구 상도로 지하 188,37.50449753,126.9389877
 상도역 1번출구,서울특별시 동작구 상도로 지하 272,37.50217819,126.948204
 흑석역 1번출구,서울특별시 동작구 현충로 지하 90,37.50938034,126.9636154
 흑석역 4번출구,서울특별시 동작구 현충로 지하 90,37.50858688,126.9634934
 중앙대학교 정문 1,서울특별시 동작구 흑석로 47,37.50704193,126.9591522
 이수역 11번출구쪽,서울특별시 동작구 사당로 지하 310,37.48550797,126.9816208
 사당동 아르테스 웨딩앞,서울특별시 동작구 동작대로 지하 3,37.48149109,126.9815826
 사당역 7번출구쪽,서울특별시 동작구 동작대로 지하 3,37.47689056,126.9805756
 정금마을 마을버스정류장,서울특별시 동작구 동작대로 66-29,37.49466324,126.9824448
 동작역 5번출구 동작주차공원,서울특별시 동작구 현충로 지하 220,37.50318909,126.97715
 동작역 7번출구,서울특별시 동작구 현충로 지하 220,37.50318146,126.9760895
 비계 버스정류소,서울특별시 동작구 현충로 151,37.5063591,126.9690781
 사당중학교 버스정류소,서울특별시 동작구 사당로 169,37.48683548,126.9680481
 삼일초등학교 인근,서울특별시 동작구 사당로23나길 27,37.48907852,126.9735642
 노량진역 5번출구,서울특별시 동작구 노량진로 지하 130,37.51324844,126.9399719
 삼익아파트,서울특별시 동작구 만양로 84,37.51054764,126.9448471
 동작구민 체육센터,서울특별시 동작구 여의대방로16길 53,37.49449921,126.9165268
 상도 아이파크 아파트,서울특별시 동작구 장승배기로 26,37.5008812,126.9417496
 동작경찰서,서울특별시 동작구 노량진동 113-7 ,37.5135231,126.9435272
 보라매공원 정문,서울특별시 동작구 신대방동 395 ,37.49707794,126.9177933
 남성역3번출구 뒤,서울특별시 동작구 사당동 1131 ,37.48463058,126.97155
 한강 현대아파트 건너편,동작구 흑석동 27-83 ,37.50592804,126.9692307
 사당새마을금고,서울특별시 사당동 211-2 ,37.48665237,126.9678421
 흑석한강푸르지오 106동앞,서울특별시 동작구 흑석한강로 27,37.50535583,126.9661789
 서울시여성가족재단,서울특별시 동작구 여의대방로54길 18,37.51198959,126.9270859
 양문교회 앞,동작구 신대방동 607-8,37.48939896,126.9071121
 보라매역?동작세무서 버스정류장(강남중학교방면),서울특별시 동작구 여의대방로122,37.49766922,126.9198685
 총신대 앞(육교),동작구  사당동 1112,37.48815918,126.9664764
 숭실대 입구역3번 출구 앞,동작구  상도동 514,37.4966011,126.953682
 노량진역 2번 출구 앞,동작구  노량진동 67-3,37.51391983,126.9430695
 대림아파트 후문 상가 옆,동작구 사당로23길 137,37.48886871,126.9719086
 보라매 두산위브 건너편,동작구 여의대방로 74,37.49651337,126.9148026
노들나루공원 입구, 동작구 본동 258-49,37.51357651,126.9555512
노들역 3번출구, 동작구 노량진로 250-1,37.51193619,126.9541626
흑석 아크로리버하임(103동), 동작구 흑석동 143-57,37.51083755,126.9616318
중앙대학교 중앙광장, 동작구 흑석동 221-1,37.50667191,126.9577789
 대방지하보도(대방동경남아너스빌아파트), 동작구 대방동 341-15,37.51213455,126.9254379
7호선 이수역7번출구, 동작구 동작대로 89,37.4846077,126.9817963
흑석롯데캐슬에듀포레(107동), 동작구 흑석동 86-212,37.50470352,126.9607315
e편한세상 상도노빌리티 앞, 동작구 상도동 26-77,37.50456238,126.946785
강남중학교 앞, 동작구 대방동 466-45,37.50274277,126.9215775
삼일수영장 앞, 동작구 사당로27길 103,37.48712158,126.9743576
상도중앙하이츠빌 입구, 동작구 상도동 159-186,37.50024796,126.9497299
사당역10번출구(금강빌딩), 동작구 동작대로 29,37.4791069,126.9815064
기아자동차 사당점 앞, 동작구 사당로 272,37.48377991,126.9779205
 이수역9번출구, 동작구 사당동 147-141,37.48470306,126.9805908
흑석한강푸르지오(110동), 동작구 흑석동 336-7,37.50311279,126.9647141
상도SH빌아파트 입구, 동작구 상도로53길 70,37.50321198,126.9545975
숭실대학교(중문), 동작구 상도동 512-10,37.49550629,126.9563751
경문고등학교 앞, 동작구 동작동 산1-13,37.49150085,126.9824066
서울특별시 동작관악교육지원청,동작구 상도2동175-1,37.50251389,126.9406509
 상도효성해링턴플레이스,상도동25-41(마을버스정류소20803 옆),37.50543213,126.9415131
 흑석동효사정앞,흑석동143-57,37.51120377,126.9612808
 노량진근린공원,여의대방로36길71,37.50680542,126.9285049
 노량진1동 청소년독서실,만양로3길 8,37.50785828,126.9471359
 구로교 아래,신대방동 702-2,37.48500824,126.9035034
 신대방삼거리,보라매로 99,37.49845505,126.9279785
 우성아파트 앞,시흥대로 676,37.49157715,126.9088135
 중대후문 마을버스정류장,양녕로 282,37.50444412,126.9502564
 대방역2번출구,서울특별시 동작구노량진로10,37.51262665,126.9274139
 롯데캐슬 101동 앞,동작구 상도동 159-250,37.50157547,126.9459076
 이수성결교회 옆,동작구 동작동 산 28-4,37.49814987,126.9836884
 보라매공원역 2번출구,동작구 신대방동  385-18,37.49582291,126.9178162
 보라매병원역 1번출구,동작구 신대방동 395-61,37.49322128,126.9234314
 흑석동주민센터 입구,동작구 흑석동 25-21,37.50682831,126.9667358
 봉림교 교통섬,서울특별시 관악구 관천로 52,37.48408508,126.9268875
 신림동 우방아파트,서울특별시 관악구 관천로27길 2,37.4891777,126.9192734
 사당역 5번출구,서울특별시 관악구 남현동 1060-12,37.47608948,126.9813309
 미성동 신림체육센터,서울특별시 관악구 난곡로 295,37.48025131,126.9146042
 세이브마트,서울특별시 관악구 난곡로 210,37.47372818,126.9184036
 은천치안센터,서울특별시 관악구 봉천로 375,37.48334122,126.9431992
 은천로입구 가로공원,서울특별시관악구 봉천동 962,37.48620224,126.9358139
 조원동 미성아파트,서울특별시 관악구 시흥대로 560,37.48319244,126.9020309
 서울대입구역 1번출구,서울특별시 관악구 남부순환로 1830,37.48086929,126.9533157
 서울대입구역 마에스트로,서울특별시 관악구 남부순환로 지하 1822,37.4813385,126.9506455
 관악동작견인차량보관소,서울특별시 관악구 신사로 7,37.4846611,126.9039002
 관악구시설관리공단,서울특별시 관악구 남부순환로 1369,37.47991562,126.9028397
 에이스에이존빌딩,서울특별시 관악구 남부순환로 지하 1822,37.48170471,126.9508286
 중앙동 동진빌딩,서울특별시 관악구 관악로 217,37.48425674,126.9546967
 낙성대로 입구,서울특별시 관악구 남부순환로 1889,37.47805786,126.960495
 난곡종점,서울특별시 관악구 난곡로 99,37.46488571,126.9194794
 관악구청교차로,서울특별시 관악구 관악로 153,37.47916412,126.9525833
 낙성대 과학전시관,서울특별시 관악구 낙성대로 101,37.46905518,126.9581451
 영어마을 관악캠프,서울특별시 관악구 낙성대로 70,37.47198868,126.9584274
 신림역 5번출구,서울특별시 관악구 남부순환로 지하 1614,37.48440933,126.9289093
 신림역 8번출구,서울특별시 관악구 신림로 340,37.48450851,126.930069
 KT&G 관악지점,서울특별시 관악구 남부순환로 1675,37.48490143,126.9365311
 서울신성초등학교,서울특별시 관악구 신림로 114,37.4711647,126.9370194
 신림1교 교차로,서울특별시 관악구 신림로 270,37.47842789,126.9318619
 서울산업정보학교,서울특별시 관악구 신림로 67,37.4706955,126.9421997
 난우길입구,서울특별시 관악구 문성로 115,37.47777557,126.9167557
 은천초등학교 육교,서울특별시 관악구 은천로 69,37.48635864,126.9429245
 낙성대역 3번출구 뒤,서울특별시 관악구 남부순환로 지하 1928,37.47702789,126.9633942
 신림푸르지오아파트,서울특별시 금천구 남부순환로 1428,37.48072052,126.9093247
 인헌초교,서울특별시 관악구 봉천동 244-1 ,37.47509003,126.9592285
 관악우체국,서울특별시 관악구 남부순환로 1641,37.48476791,126.9328766
 JK장평타워,서울특별시 관악구 남부순환로 1943,37.47648239,126.9653626
 낙성대역 1번출구,서울특별시 관악구 남부순환로 1944,37.47629547,126.9649582
 봉천역 2번출구,서울특별시 관악구 남부순환로 1728,37.48218918,126.942131
 조원동 강남힐병원,서울특별시 관악구 남부순환로 1451,37.48152924,126.9120331
 서울대입구역 5번출구,서울특별시 관악구 남부순환로 1817,37.48154831,126.9520035
 나들목공원,서울특별시 관악구 신림로 41,37.46940613,126.9445114
 당곡사거리,서울특별시 관악구 보라매로 3,37.48974991,126.9274674
 삼성디지털프라자관악점,서울특별시 관악구 신림로 386,37.48856354,126.9284821
 신림동걷고싶은문화의거리입구,서울특별시 관악구 신림로 369,37.48730087,126.9287033
 보라매공원 보도육교,서울특별시 관악구 신사로 132,37.48899078,126.9163818
 신대방역 2번 출구,신림동 신대방역 2번출구,37.48712921,126.9130173
 서울대학교 정문,서울특별시 관악구 관악로 1 서울대학교,37.46709442,126.9493256
 양녕로 입구,남부순환로 1761,37.48218918,126.9461594
 동방1교,신림로 144,37.47182846,126.9339218
 구암초등학교 버스정류장,관악구 봉천동 490-9,37.48949051,126.9459229
 대학동 고시촌,서울특별시 관악구 신림로 97 밀라트,37.47046661,126.938652
 낙성대입구삼거리,남부순환로 1889,37.4788208,126.95961
 현대시장사거리,은천로 110,37.4867363,126.9475174
 봉천역 4번출구,남부순환로 1719,37.48275375,126.9414063
도원맨션,남부순환로 1699,37.48368835,126.9391556
대학동주민센터,신림로 115,37.47068787,126.9364853
은천교회,남부순환로 1654,37.48464584,126.9345093
 봉천역 3번출구,남부순환로 1700,37.4833107,126.9390259
사랑의병원,남부순환로 1868,37.47946548,126.9569321
신봉천주유소 A,남부순환로 1884,37.47877121,126.9586945
낙성대역 8번 출구,남부순환로 1939,37.47677612,126.9648666
서울신우초등학교,호암로 498,37.46214676,126.931778
영락고등학교,청룡16길 25,37.47662735,126.9436417
서울대입구역 4번 출구,참숯5길 7,37.48122025,126.9515762
 남서울중학교,남부순환로1537,37.48313141,126.9213562
 낙성대공원,낙성대로70 맞은편,37.47185516,126.9587174
 낙성대 교수아파트,낙성대로101 맞은편,37.46895981,126.9576569
 관악우체국 교차로,남부순환로1653,37.48497391,126.934372
 관악구민체육센터,낙성대로3길37,37.47288132,126.9600372
 신봉천주유소 B,남부순환로 1880,37.47888184,126.9584198
신사로입구,관천로91,37.48675156,126.9227219
 KT관악지점,남부순환로1774,37.48163223,126.9471893
 낙성대역 5번출구,남부순환로1921,37.47752762,126.9627686
 난곡사거리,남부순환로1483,37.48204803,126.9152451
 광일빌딩,남부순환로 2054,37.47639847,126.9768372
 관악 GSfresh,서울 관악구 쑥고개로 111,37.47909164,126.9494171
 은천교회 앞,서울 관악구 신림동 458,37.48857117,126.9213867
 서울대벤처타운역,신림동 110-10,37.4722023,126.9339066
 은천삼거리,관악로 227-1,37.48506546,126.9554596
"신림4,5동교",관천로72,37.48531723,126.9246597
 본마을 정류소 앞,서울특별시 서초구 본마을2길 2,37.4532814,127.0514832
청계산입구역 1번출구,서울특별시 서초구 청계산로 지하 179,37.44893646,127.0543747
 청계산입구역 2번출구,서울특별시 서초구 청계산로 지하 179,37.44765854,127.0550156
 내곡3단지 어린이공원 앞,서울특별시 서초구 청계산로9길 76,37.45375061,127.0593796
 언남초등학교 앞,서울특별시 서초구 헌릉로8길 42,37.45435715,127.0621033
 내곡파출소 뒤 정자,서울특별시 서초구 헌릉로 226,37.45440674,127.0649262
 반포1동 주민센터 앞,서울특별시 서초구 사평대로 지하 285,37.50509644,127.0131073
 서초구립반포도서관 앞,서울특별시 서초구 고무래로 34,37.50263596,127.0123138
서초현대4차아파트 201동 맞은편,서울특별시 서초구 고무래로 94,37.50065231,127.0186157
 고속터미널역 5번출구 앞,서울특별시 서초구 신반포로 지하 188,37.5022316,127.0022583
 신반포역 2번출구 앞,서울특별시 서초구 신반포로 지하 105,37.50411606,126.9974899
 반포종합운동장 입구,서울특별시 서초구 신반포로16길 30,37.5017128,126.9954758
아크로리버뷰 부지 앞,서초구 잠원동 78,37.51304626,127.0059586
" 고속터미널역 8-1번, 8-2번 출구 사이",서울특별시 서초구 신반포로 지하 188,37.50619888,127.0039444
 방일초교 마을버스 정류장,서울특별시 서초구 방배로 110,37.48561096,126.9946823
사당역 12번출구 뒤,서울특별시 동작구 동작대로 지하 3,37.47806931,126.9820328
 방배래미안 정문 앞,서울특별시 서초구 남부순환로 2183,37.47261047,126.9830093
백석예술대학교 제3캠퍼스 앞,서울특별시 서초구 방배로9길 23,37.4737587,126.9952469
 신동아럭스빌아파트 앞,서울특별시 서초구 방배로1길 9,37.47518158,127.0013886
방배열린문화센터 앞,서울특별시 서초구 서초대로 지하 103,37.48905182,126.9925232
뒷벌공원 옆,서울특별시 서초구 방배중앙로 131,37.48976898,126.986763
로고스교회 맞은 편,서울특별시 서초구 방배천로 126,37.48701096,126.9849625
이수역 4번 출구,서울특별시 동작구 사당로 지하 310,37.4858284,126.9826279
 삼성타운(삼성생명) A동 맞은편,서울특별시 서초구 서초대로 405,37.49691391,127.0249634
 서초신동아1차아파트 옆,서울특별시 서초구 효령로36길 22,37.49111176,127.0229569
KT 서초지사 앞,서울특별시 서초구 사평대로 73,37.48215866,127.0027008
서울남부터미널 대합실 입구,서울특별시 서초구 서초중앙로 지하 31,37.48455811,127.0148697
교대역 6번출구,서울특별시 서초구 서초대로 지하 294,37.49421692,127.0137863
양재전화국 사거리,서울특별시 강남구 논현로 201,37.48537827,127.0417023
양재역 11번 출구 앞,서울특별시 서초구 남부순환로 지하 2585,37.48398972,127.0341797
서울가정법원,서울특별시 서초구 강남대로 193,37.48149109,127.0367279
교육개발원입구 교차로,서울특별시 서초구 바우뫼로1길 35,37.47785187,127.0389099
양재초등학교 맞은편,서울특별시 서초구 바우뫼로18길 14,37.47361374,127.03051
 서울시 품질시험소 앞,서울특별시 서초구 태봉로 131,37.46920013,127.029007
섬들근린공원,서울특별시 서초구 태봉로2길 24,37.46263885,127.026619
 서초리슈빌S 글로벌 앞,서울특별시 서초구 양재대로2길 8,37.45995331,127.0247421
 우솔초등학교 맞은편,서울특별시 서초구 양재대로2길 74,37.45623398,127.0193481
 서초유치원 맞은편,서울특별시 서초구 양재대로2길 74,37.4557991,127.0162888
 더케이호텔 입구(양재2),서울특별시 서초구 바우뫼로12길 70,37.46750641,127.0344772
 잔디마을 마을버스 정류장,서울특별시 서초구 매헌로 16,37.46332169,127.0360413
양재시민의숲역(매헌) 1번출구,서울특별시 서초구 매헌로 지하 116,37.47016525,127.03862
양재동 꽃시장 입구,서울특별시 서초구 강남대로 27,37.46768951,127.0403595
 청계산 입구 삼거리,서울특별시 서초구 청계산로 10,37.46268845,127.0461121
구룡사 삼거리,서울특별시 강남구 논현로2길 22,37.47153854,127.0505905
 잠원역 3번-4번 출구사이,서울특별시 서초구 잠원로4길 지하 46,37.51298904,127.0111771
 바우뫼문화복지회관,서울특별시 서초구 바우뫼로 43,37.47192764,127.0268402
 이수역 1번출구,서울특별시 서초구 동작대로 134,37.48897171,126.9827194
 이수고가차도 남단,서울특별시 서초구 동작대로 204 청남빌딩,37.49474335,126.9830627
 서초역 3번출구,서울특별시 서초동 1748-14,37.49053955,127.0081635
 서초4동주민센터,서울특별시 서초동 1389,37.50231934,127.0222702
 주홍교 하부,서울특별시 잠원동 91-29,37.51034927,127.0160523
 서초포레스타 7단지,서울특별시 신원동 266,37.44896698,127.0577393
 내방역 8번출구 앞,서울특별시 서초구 방배로 162,37.48802185,126.9941177
 교대입구 교차로,서울특별시 서초동 1748-33,37.4873085,127.010582
 일동제약 사거리,서울특별시 양재동 67-12,37.47782898,127.038269
 양재시민의숲역 3번출구,서울특별시 양재동 316-11,37.4692421,127.0398254
 염곡치안센터 건너편,서울특별시 염곡동 260-1,37.46149445,127.0490723
 영동1교 (양재천근린공원),서울특별시 양재동 261-23,37.47438812,127.0389023
 길마중4교 하부,서울특별시 잠원동 84-3,37.51483917,127.0156021
 교대역 5번출구뒤,서울특별시 서초구 서초중앙로 130,37.49361801,127.014183
 서울서초고용센터앞,서울특별시 서초구 반포대로 43,37.48416138,127.0109711
 연세사랑병원신관앞,서울특별시 서초구 효령로 10,37.47597885,126.9862824
 방배래미안아트힐 101동앞,서울특별시 서초구 남부순환로 2311-12,37.47720337,127.0058365
 그룹한빌딩옆,서울특별시 서초구 서초대로 62,37.48652649,126.9891663
 CJ오쇼핑앞,서울특별시 서초구 과천대로 870-13,37.4681015,126.9868012
 LH서초3단지 301동 맞은편,서울특별시 서초구 양재대로2길 33,37.45742416,127.0226517
 탑성마을입구,서울특별시 서초구 탑성말길 2,37.4585495,127.0558853
 능안마을입구,서울특별시 서초구 능안말길 1-2,37.45561981,127.0671005
 안골마을입구,서울특별시 서초구 안골2길 3,37.45560837,127.0644531
 남태령역 2번출구,서울특별시 서초구 과천대로 810,37.46429825,126.9885254
 SPC 앞,서울특별시 서초구 남부순환로 2620,37.48479843,127.0369949
 두상빌딩 앞,서울특별시 서초구 언남길 87,37.47590637,127.0462418
 남부터미널역 1번출구,서울특별시 서초구 서초중앙로 38,37.485672,127.0159226
 래미안서초스위트앞,서울특별시 서초구 서운로 221,37.50241089,127.0216065
 한전아트센터 앞,서울특별시 서초구 효령로72길 60,37.48646927,127.0280609
 서초 포레스타5단지,신원동 347-6,37.45066071,127.0570602
 서초역1번출구 앞,서초동 1553-21,37.49195099,127.0085526
 반포1동 서초빌딩 앞,반포동 749-35,37.50381088,127.0213623
 신사역 4번출구 뒤,잠원동 88,37.51588058,127.0193024
 우성아파트사거리 (기업은행앞),서초동 1374,37.49325943,127.0295334
 LG유플러스 (방배사옥),방배동 980-53,37.47909164,126.9906769
 양재이스타빌 앞,양재동 4(양재동 3-14 앞),37.48297882,127.0422592
 심산기념문화센터,서초구 반포동 128-13,37.49836349,126.9911499
 JW타워,서초구 서초동 1748-45,37.48303986,127.0214615
 이수역 6번출구 앞,서초구 방배동 438-35,37.48366165,126.9823227
사평역 2번출구,서울시 서초구 반포동 30-5 ,37.50364304,127.0160217
서초초등학교 후문,서울시 서초구 서운로 178,37.49892807,127.0247269
본마을 노인복지센터 앞,서울특별시 서초구 본마을2길 2,37.45441818,127.052742
서초그랑자이 앞,서울특별시 서초구 효령로69길,37.48768234,127.0247879
서초동 현대아파트 앞,서울특별시 서초구 효령로70길,37.48731613,127.0248947
서초2교(사임당로 방면),서울특별시 서초구 사임당로137,37.49100876,127.0235214
서초1교 (진흥아파트 방면),서초구 서초동 1323-13,37.49593353,127.0217743
서초 크로바타워 앞,서초구 서초대로 347,37.49556351,127.0191803
뉴코아 킴스클럽 앞,서초구 잠원로 51,37.51019287,127.0072556
반포쇼핑타운 8동 앞,서초구 신반포로 219 반포쇼핑타운,37.50735092,127.0080185
반포쇼핑타운 2동 앞,서초구 신반포로 165 ,37.5056076,127.0021591
반포경남쇼핑 앞,서초구 신반포로 143 ,37.50478745,126.9999237
반포중학교 앞(세화여고 맞은편),서초구 신반포로67,37.50296021,126.9935989
우리은행 방배동지점 앞,서초구 방배로 183,37.48991776,126.9920807
삼호3차아파트 앞,서초구 방배동 757-3,37.4977951,126.9870682
멤피스아파트 앞,서초구 방배로 245,37.49420547,126.989357
국립국악원 앞,서초구 남부순환로 2364,37.47820282,127.0087814
한가람미술관 앞,서초구 남부순환로 2406,37.48087692,127.0145264
신반포역 3번출구 뒤,서초구 신반포로 ,37.50362396,126.9973221
서초종합체육관 입구,서초구 원지동 28,37.45899582,127.0413208
양재역 8번출구 앞,서초구 양재동,37.48257065,127.036438
사평리근린공원,서초구 잠원동 51,37.52026749,127.0152512
대한무역투자진흥공사 KOTRA 앞,서초구 헌릉로 13,37.46540833,127.0437775
반포천 앞,서초구 사평대로 108 ,37.49905014,126.996254
옛골 입구,청계산로 434,37.43097687,127.0703354
신논현타워 앞,서초구 강남대로 479,37.50508881,127.0239105
국립중앙도서관(국제회의장옆),반포동 산60-1,37.49721146,127.0042725
 반포래미안 리오센트,서초구 잠원로 104-2 구두수선대,37.51832199,127.0148087
반포1동 자율방범초소 옆,반포동 28-4,37.50847626,127.0167618
LH 서초 4단지 403동,우면동 788,37.45924759,127.0239029
양재동 꽃시장 건너편,양재동 351,37.46738434,127.0414581
 매헌역 2번출구앞광역버스 정류장앞(22-297),강남대로18길25(삼덕빌딩) 앞,37.47171783,127.038887
 서울고앞,서초동1526-1,37.48339462,127.0073624
 서일스포츠센터,서초동 1313-12,37.49801636,127.0222244
 서래공원 앞,반포동63-6,37.50150681,127.003479
 고투몰 gate 15옆,반포동20-45,37.50723267,127.0094528
 서초케이타운앞,신원동 산63,37.45766449,127.0593185
 염곡동(염통골) 입구,서울특별시 서초구 헌릉로 73 서초경찰서 염곡치안센터,37.46220779,127.0486755
 반포미도2차아파트 옆,반포동60-1,37.50320435,127.0065308
 반포종합운동장,반포동15-2,37.49979782,126.9964676
 탑성마을 버스정거장 옆,염곡동 189-19,37.45916748,127.0554428
 이투스교육 앞,서초동 1354-3,37.48389053,127.0290527
 고속터미널역 3번출구,반포동 118-3,37.50365829,127.0059433
 양재근린공원,양재동 310-6,37.47039795,127.0424118
 방배역 2번 출구,방배동 981-16,37.48116684,126.9975891
 삼성전자R&D어린이집 뒤,서초구 성촌 1길 20,37.46559143,127.021843
 신영체르니 아파트,서울 서초구 논현로27길 57,37.47901154,127.0414429
 내곡도서관,신원동 328,37.45199966,127.0539169
서울추모공원 입구,서초구 원지동 산83-9(추모공원내),37.45429993,127.0428314
 세화고등학교,서초구 반포동 753,37.50209427,126.9914703
 몽마르뜨공원입구,서초구 동광로 몽마르뜨공원 입구,37.4928894,127.0026474
 SC제일은행 양재동지점 앞,강남대로 251 해동빌딩앞,37.48573685,127.0331574
 이수교차로,서초구 방배동 752-37,37.49817276,126.9844818
 서울고등학교 건너편,서초구 서초동 1487-1,37.48285294,127.0059738
 인재개발원 데이터센터,서초구 서초동 391,37.4801178,127.0218048
서울교육청 교육연수원 앞,서초구 방배동 490-4,37.473423,126.9977722
우면산등산로입구,서초구 방배동 산 33-2,37.47691727,127.0061112
새정이마을 버스정류장 앞,서초구 새정길 4,37.43474579,127.0659485
방배래미안아트힐아파트 앞,서초구 남부순환로 2311-12,37.47730637,127.0059204
영동1교 북단,서초구 양재동 105-20,37.47555923,127.0382614
헌인릉 입구,서초구 내곡동 1-3244,37.46066284,127.0812988
 현대고등학교 건너편,서울특별시 강남구 압구정로 134,37.52407074,127.0217896
 교보타워 버스정류장(신논현역 3번출구 후면),서울특별시 강남구 봉은사로 지하 102,37.5055809,127.0242767
 논현역 10번출구,서울특별시 강남구 학동로 지하 102,37.51137161,127.0214615
 대현그린타워,서울특별시 강남구 언주로 626,37.5116272,127.0356522
 MCM 본사 직영점 앞,서울특별시 강남구 언주로 734,37.52064133,127.0345078
 압구정역 2번 출구 옆,서울특별시 강남구 압구정로 지하 172,37.5271225,127.028717
 압구정 한양 3차 아파트,서울특별시 강남구 압구정로 321,37.52838135,127.0390167
 압구정파출소 앞,서울특별시 강남구 압구정로 311,37.52930069,127.0355988
 청담역(우리들병원 앞),서울특별시 강남구 학동로 443,37.51890182,127.0493851
 청담동 맥도날드 옆(위치),서울특별시 강남구 학동로 지하 508,37.52361298,127.0401764
 학동로 래미안 아파트 앞,서울특별시 강남구 학동로 지하 508,37.51777267,127.0430222
 청담역 13번 출구 앞,서울특별시 강남구 영동대로 703,37.52058029,127.0563278
 금원빌딩 앞,서울특별시 강남구 도산대로 539,37.52511597,127.0524674
 청담나들목입구,서울특별시 강남구 영동대로128길 59,37.52101517,127.0601502
 봉은사역 5번출구 옆,서울특별시 강남구 봉은사로 지하 601,37.51424789,127.0611191
 삼성역 8번출구,서울특별시 강남구 영동대로 502,37.50957489,127.0634079
 삼성도로공원,서울특별시 강남구 영동대로112길 66,37.51588821,127.0662003
 삼성중앙역4번출구(문화센터더 리빌),서울특별시 강남구 봉은사로 531,37.51357651,127.0550308
 포스코사거리 서측(수협 삼성동 지점),서울특별시 강남구 테헤란로 435,37.50660706,127.0546799
 도곡역 대치지구대 방향,서울특별시 강남구 남부순환로 지하 2814,37.4919281,127.0569687
 학여울역 사거리,서울특별시 강남구 남부순환로 지하 3104,37.49611664,127.0694428
 삼성역 3번 출구,서울특별시 강남구 테헤란로 534,37.50809097,127.0631027
 주식회사 오뚜기 정문 앞,서울특별시 강남구 영동대로 308,37.50221252,127.0672073
 천주교 대치 2동 교회 옆,서울특별시 강남구 도곡로 540,37.50043869,127.0662231
 대치삼성아파트 앞 교차로,서울특별시 강남구 도곡로 447,37.4986496,127.0593185
 대치동 삼성로,서울특별시 강남구 삼성로 350,37.50239563,127.0587997
 뱅뱅사거리 랜드마크타워 앞,서울특별시 강남구 강남대로 308,37.49055099,127.0314636
 르네상스 호텔 사거리 역삼지하보도 7번출구 앞,서울특별시 강남구 언주로 506,37.50321198,127.0427322
 르네상스호텔사거리 역삼지하보도 2번출구,서울특별시 강남구 테헤란로 지하 156,37.50235748,127.04319
 역삼월드메르디앙아파트 앞,서울특별시 강남구 도곡로 183,37.49219894,127.0394592
 동영문화센터앞,서울특별시 강남구 언주로 337,37.49805069,127.0446014
 선릉역3번출구,서울특별시 강남구 선릉로 435,37.50400925,127.0490799
 양재역 3번출구 주변,서울특별시 강남구 강남대로 240,37.48515701,127.0340729
 삼호아파트 2동 ( 간선도로),서울특별시 강남구 선릉로 지하 228,37.49375916,127.0458984
 3호선 매봉역 3번출구앞,서울특별시 강남구 남부순환로 2748,37.48676682,127.0467606
 강남세브란스교차로 래미안그레이튼 104동 앞,서울특별시 강남구 선릉로 지하 228,37.49423599,127.0474625
 대모산입구역 2번출구 앞,서울특별시 강남구 영동대로 101,37.49207687,127.0719757
 현대아파트 정문 앞,서울특별시 강남구 언주로 107,37.48326111,127.0522995
 삼호물산버스정류장(23370) 옆,서울특별시 강남구 논현로 82,37.47750854,127.0451737
 일원역 4~5번 출구 사이,서울특별시 강남구 일원로 127,37.4833107,127.0849381
 대청역 1번출구 뒤,서울특별시 강남구 개포로 623,37.49400711,127.0795136
 세곡사거리 대왕파출소 앞,서울특별시 강남구 헌릉로 623,37.46531677,127.1077271
 리엔파크 2단지 앞,서울특별시 강남구 헌릉로590길 10,37.46506119,127.1011963
 두산건설 본사,서울특별시 강남구 언주로 726,37.51863861,127.0354004
 포스코사거리(기업은행),서울특별시 강남구 테헤란로 501,37.50723267,127.0568543
 역삼빌딩 앞(하나은행 옆),서울특별시 강남구 테헤란로 지하 156,37.50154495,127.0385666
 래미안그레이튼102동앞,서울특별시 강남구 선릉로69길 19,37.49482346,127.047905
 청소년수련관(수영장)앞,서울특별시 강남구 광평로 144,37.48387909,127.0890274
 서울본부세관(건설회관 앞),서울특별시 강남구 언주로 721,37.51758957,127.0350266
 강남구청역 2번출구 뒤,서울특별시 강남구 학동로 342,37.51681137,127.0404739
 청담역 2번출구,서울특별시 강남구 영동대로 647,37.51978683,127.0567627
 삼성역 5~6번 출구 사이,서울특별시 강남구 봉은사로 524,37.50912094,127.0623093
 강남구청,서울특별시 강남구 학동로 지하 346,37.51807022,127.0471191
 르네상스호텔사거리 역삼지하보도 3번출구 앞 (더 오번 빌딩 명동칼국수 앞),서울특별시 강남구 언주로89길 7,37.50166321,127.0429764
 구룡초사거리 (현대아파트10동 앞 ),서울특별시 강남구 개포로 303,37.48138428,127.0539169
" 국립국악중,고교 정문 맞은편",서울특별시 강남구 논현로10길 29,37.47560501,127.0503769
 도곡1동 주민센터 교차로,서울특별시 강남구 도곡로 205,37.4928093,127.0413895
 신사동 가로수길 입구,서울특별시 강남구 신사동 501-5,37.51763535,127.0224533
 강남 을지병원 교차로,서울특별시 강남구 도산대로 172 ,37.51913834,127.0275192
 도산공원교차로,서울특별시 강남구 도산대로 229 ,37.52124023,127.0318985
 K+ 타워 앞,서울특별시 강남구 도산대로 333 ,37.52330017,127.038475
 도곡동 경남아파트 건너편,서울특별시 강남구 도곡동 874-1,37.48934174,127.0412979
 KT선릉타워,서울특별시 강남구 대치동 1011,37.50542831,127.0528717
 한티역 3번출구,서울특별시 강남구 대치동 1026,37.49655151,127.0542984
 한국우편사업진흥원,서울특별시 강남구 언주로 651,37.51474762,127.0351334
 대치역 사거리,서울특별시 강남구 삼성로 156 ,37.49449921,127.063797
 개포동역 사거리,서울특별시 강남구 개포동 181-3,37.48927689,127.0655747
 수서역 1번출구 앞,서울특별시 강남구 수서동 728,37.48735046,127.1009979
 수서역 6번출구 앞,서울특별시 강남구 수서동 740,37.48677826,127.1005173
 수서역 5번출구,서울특별시 강남구 수서동 724-4,37.48735046,127.1023254
 삼성동베이직하우스앞,서울특별시 강남구 봉은사로 456,37.51169586,127.0493469
 언주역 6번출구앞,서울특별시 강남구 논현로 566,37.50636673,127.034523
 역삼동 sk뷰 501동앞,서울특별시 강남구 역삼로 315-1,37.50122833,127.0503616
 보금자리정원,서울특별시 강남구 헌릉로569길 39-6,37.46632767,127.0948868
 자곡사거리,서울특별시 강남구 밤고개로 206,37.47602844,127.1059418
 학동역,서울특별시 강남구 학동로 지하 180,37.51395035,127.0301514
 크린랩 본사,논현동 279-166,37.50958633,127.0409088
 래미안강남힐즈 사거리,서울특별시 강남구 자곡로 101,37.47245407,127.096077
 강남구 도시관리공단,강남구 삼성동 111-61,37.51678467,127.0516129
 경기여자고등학교 후문 (삼성로3길 입구),강남구 개포동 198,37.48616028,127.0672379
 구룡마을 입구 (래미안블레스티지 아파트),강남구 개포동 146-1,37.48088074,127.0630417
 구룡터널 입구(개포1단지아파트),강남구 개포동 146-1,37.47598648,127.0596237
 구룡산 입구 (구룡산 서울둘레길 입구),강남구 개포동 1277,37.47447205,127.0554504
 구룡사 앞 교차로 (보도육교),강남구 개포동 1277,37.47200012,127.0513382
 개포래미안포레스트아파트 107동 앞,강남구 개포로 264,37.48025131,127.0541916
 영동3교 북단(우성캐릭터 앞 보도),강남구 도곡동 466,37.48574066,127.0510483
 더라움,강남구 역삼동 801-7,37.50811005,127.0394516
 밀알학교 입구 (삼성서울병원 입구),강남구 일원동 128-10,37.48656082,127.0826721
 공무원연금매점 교차로 (개포주공9단지 입구),강남구 일원동 703-2,37.48871994,127.0745392
 대모산입구역 4번 출구 앞,강남구 일원동 700-1,37.49180984,127.0731583
 청담공원앞 교차로,강남구 삼성동 111-44,37.51871109,127.0508499
 논현동 광명빌딩 앞,강남구 논현동 279,37.5175705,127.0236435
 역삼서초삼성 세무서 앞 (역삼빌딩 앞,강남구 역삼동 804,37.49847031,127.0301132
 강남한양수자인아파트,강남구 자곡로 260,37.4773407,127.1132736
 역삼동 디오슈페리움 (우성아파트 사거리),강남구 역삼동 858(강남대로 342 앞 도로),37.49206161,127.0307465
 포스코피앤에스타워 (역삼역 3번출구 부근),강남구 역삼동 804(강남구 테헤란로 134 앞 보도),37.49959946,127.0337524
 세곡동 성당,강남구 율현동 165-2(강남구 밤고개로21길 50),37.47296906,127.1122284
 일원1동 주민센터,강남구 일원동 712-5 ,37.49170303,127.0882263
도곡역 1번 출구,남부순환로 2814,37.49095917,127.0549851
 도곡역 아카데미스위트 앞,언주로30길 21,37.48897171,127.0518265
한티역 롯데백화점 앞,선릉로 228,37.49667358,127.0534287
한티역 6번 출구,선릉로 227,37.4958992,127.0521927
선정릉 디캠프(D.CAMP)앞,선릉로 551,37.50799942,127.0452499
봉은사역 7번 출구,봉은사로 601,37.51393509,127.0598221
"봉은사역 1,2번 출구",봉은사로 601,37.51430893,127.0597
학여울역 사거리(LG베스트샵 앞),영동대로 202,37.49689484,127.070137
 신논현역 4번출구,봉은사로 110,37.504673,127.025795
수서동 성당 맞은편,광평로34길 202,37.48416901,127.0948486
영희초교 사거리(래미안개포루체하임),개포로110길 50,37.4908371,127.0806503
세곡동 사거리(대왕초등학교 정류장),헌릉로618길 8,37.46461868,127.1068497
강남한신휴플러스 6단지,강남구 율현동 333-1,37.46829605,127.1046982
개포고등학교 정문앞,강남구 개포로402,37.48485184,127.0583725
압구정로데오역 6번출구,선릉로845,37.52745438,127.0404282
강남파이낸스센터앞(역삼역2번출구),테헤란로152,37.50024414,127.0360565
대치역 7번출구,남부순환로155,37.49411774,127.0629044
 삼성역 2번출구,영동대로606앞,37.5082016,127.0639648
 삼성중앙역 5번출구,삼성동145-1,37.51296234,127.0538635
 봉은사역6번출구(현대아이파크타워앞),삼성동160,37.51390839,127.06073
 신사동주민센터 옆,압구정로 130,37.52422714,127.02285
 언주초등학교 입구,남부순환로2641,37.48536682,127.0384979
 윗반마을 입구,세곡동 97-3,37.46534729,127.1088028
 방죽마을 입구,율현동 264-5,37.47123337,127.1072159
 은곡마을,세곡동 548(도담공원~행복공원 사이),37.46726227,127.0980148
 은마아파트 입구 사거리,삼성로237(정성한줄 대치점 앞),37.49840164,127.060936
 서울 논현동우체국 앞,학동로212,37.51446152,127.0326004
 역삼중학교 앞(체육관 방향),도곡로43길 10,37.49526215,127.0495071
 서울율현초교 삼거리,밤고개로 231,37.47364044,127.1070252
 청담역 11번 출구,학동로87길 7,37.51925659,127.0515976
 휘문고교 사거리,영동대로 319,37.50286484,127.0659409
 은마아파트입구 사거리(1),삼성로 312,37.49986649,127.0605011
 일원에코파크 앞(개포로 방면),개포로 670,37.49587631,127.0865021
 대모산입구역 7번 출구 앞,개포로 522(사진참고),37.49017715,127.0730591
 압구정나들목,압구정동 507,37.53075027,127.0416031
 한국지역난방공사강남지사,양재대로 781,37.49229431,127.0943375
 역삼1동 주민센터,역삼로 7길 16,37.49521255,127.0330277
 청담사거리(신한오피스텔빌딩 앞),도산대로 510,37.52416229,127.0489502
 개포우성6차아파트 정문 앞,언주로 3,37.47685623,127.0553665
 국악고교 앞 교차로,논현로 34,37.47402191,127.0484467
 삼성중앙역·플래티넘아파트 정류소,봉은사로 471,37.51264191,127.0515671
 세곡데이케어센터,헌릉로 590길 68,37.46072388,127.1028748
 신청담나들목,강변오솔길,37.52796173,127.0516281
 일원1동주민센터앞 사거리,강남구 일원동 645-13,37.4909668,127.0883637
 대청역,강남구 일원로 7,37.49370575,127.0799942
 LH강남힐스테이트아파트,자곡로3길 21,37.47092819,127.0897064
 더시그넘하우스 앞,자곡로 174-14,37.47267914,127.1037598
 상록수아파트,광평로10길 15,37.48276138,127.0804215
 선정릉역 4번 출구,강남구 봉은사로 326,37.5097847,127.0427704
 구룡역 1번 출구,개포동 175-3,37.48642349,127.0593185
 구룡역 4번 출구,개포동 156-17,37.48670578,127.0605011
 구룡역 5번 출구,개포동 181-1,37.48607635,127.0592194
 개포동역 4번출구,"강남구 개포동 182-4
(개포동역 4번출구)",37.48929596,127.0661697
KT&G타워 옆(상상마당 대치아트홀),강남구 대치동 1002,37.50687408,127.0647354
 구역삼세무서 교차로,강남구 논현로 337,37.49524307,127.0393753
 신사스퀘어,신사동 504-11,37.51916885,127.0189743
 강남경찰서,강남구 대치동 998,37.50971985,127.0667954
 섬유센터 앞,강남구 대치동 944-1,37.50767136,127.060173
 극동스포츠 앞,강남구 신사동 575,37.5257225,127.0258865
 SB타워 앞,강남구 도산대로 318,37.52210999,127.0364609
 노보텔 앰배서더 앞,강남구 봉은사로 130,37.50570297,127.0291977
 도곡동 골프 로데오거리,강남구 도곡로 149,37.49107361,127.0361939
 레베쌍트 빌딩 앞,봉은사로86길 6,37.51292038,127.056427
 도심공항타워 앞,삼성동 159-9,37.50999069,127.0584717
 영동중앙교회 버스정류장,강남구 논현로 420,37.49775314,127.0385742
 청담역 1번출구,강남구 영동대로 648,37.51973724,127.0576782
일원에코파크 주차장,강남구 일원동 701-2,37.49404526,127.0867844
매봉역 1번출구,강남구 도곡동 180-26,37.48661041,127.0455093
학여울역사거리(은마아파트),강남구 대치동 398,37.49665833,127.0693817
수협대치동지점,서울특별시 강남구 영동대로 214-2,37.49861526,127.0683136
논현동가구거리,강남구 논현동 56-21,37.51280975,127.0263672
대치우성아파트 사거리,강남구 영동대로 230,37.50099564,127.0680389
청담백영빌딩 앞,강남구 도산대로 456,37.52390289,127.046608
교수마을 입구,강남구 자곡동 203-1,37.4818573,127.1045609
파스쿠찌 청담사거리점 앞,강남구 도산대로 509,37.52464676,127.0491486
학여울역 1번 출구,강남구 대치동 13-9,37.49662018,127.0709992
 가락시장역 3번 출구,서울특별시 송파구 송파대로 지하 257,37.49317932,127.1185455
 밀리아나2빌딩 앞,서울특별시 송파구 송파대로28길 24,37.49372864,127.1206207
 거여역 3번출구,서울특별시 송파구 오금로 지하 499,37.49334335,127.1447296
 종합운동장역 4번출구,서울특별시 송파구 올림픽로 8,37.51042938,127.071373
 9호선종합운동장역 9번출구,서울특별시 송파구 올림픽로 지하 23,37.51128006,127.0782394
 마천중앙시장,서울특별시 송파구 성내천로 233,37.49975586,127.152504
 풍납현대아파트쉼터,서울특별시 송파구 풍성로14길 19,37.52974701,127.1199646
 잠실나루역 (2번 출구 쪽),서울특별시 송파구 오금로 20,37.52045059,127.1042023
 롯데월드타워(잠실역2번출구 쪽),서울특별시 송파구 올림픽로 293-19,37.51312637,127.1009598
 송파역 2번 출구앞,서울특별시 송파구 송파대로 지하 354,37.49941254,127.1128693
 백토공원 앞,서울특별시 송파구 양재대로72길 47-8,37.50831985,127.1332169
 오금역 7번 출구 인근,서울특별시 송파구 오금로 지하 321,37.50259399,127.1276474
 올림픽공원역 1번출구 앞,서울특별시 송파구 양재대로 지하 1233,37.51657104,127.1315384
 송파파인타운 7단지,서울특별시 송파구 충민로4길 19,37.47930527,127.1297989
 방이역 4번출구,서울특별시 송파구 양재대로 지하 1127,37.50896835,127.1258392
 잠실근린공원,서울특별시 송파구 백제고분로15길 7,37.50569153,127.0840378
 삼전역 4번출구,서울특별시 송파구 백제고분로 188,37.50419998,127.087532
 잠실새내역 5번 출구 뒤,서울특별시 송파구 백제고분로 95,37.51198196,127.0850525
 아시아지하보도 2번 출구,서울특별시 송파구 올림픽로 74,37.51216888,127.0789337
 잠실4동 주민센터 옆,서울특별시 송파구 올림픽로35길 16,37.52007675,127.1123657
 거여역 8번출구 뒤,서울특별시 송파구 오금로 지하 499,37.49312592,127.1438217
 마천사거리,서울특별시 송파구 거마로 51,37.49769974,127.1462021
 송파체육문화회관 앞,서울특별시 송파구 양산로 15,37.49068832,127.1431274
 송파중학교 정문,서울특별시 송파구 동남로 203,37.49567032,127.1305924
 잠실역 6번출구,서울특별시 송파구 석촌호수로12길 3-5,37.51408768,127.0990295
 잠실주공 521동 건너편,서울특별시 송파구 석촌호수로12길 3-19,37.51184082,127.0956879
 잠실3거리(갤러리아팰리스),서울특별시 송파구 석촌호수로12길 3-17,37.51050949,127.0933685
 잠실트리지움310동 옆,서울특별시 송파구 잠실로 62,37.50887299,127.0871658
 문정 법조단지3,서울특별시 송파구 정의로 30,37.48084259,127.1180115
 문정 법조단지4,서울특별시 송파구 새말로 62,37.48057556,127.1185684
 문정 법조단지5,서울특별시 송파구 새말로 62,37.48123932,127.1197968
 문정 법조단지6,서울특별시 송파구 법원로 101,37.48163223,127.1191635
 문정 법조단지7,서울특별시 송파구 법원로 101,37.4845314,127.120163
 문정 법조단지8,서울특별시 송파구 법원로 101,37.48153687,127.1221237
 문정 법조단지9,서울특별시 송파구 법원로 101,37.47946548,127.1253281
 문정 법조단지10,서울특별시 송파구 송파대로 지하 82,37.47750854,127.1263275
 문정 법조단지11,서울특별시 송파구 법원로 101,37.4788208,127.1235123
 방이초등학교,서울특별시 송파구 위례성대로 114,37.51396179,127.1216736
문정2동 주민센터,서울특별시 송파구 중대로 16,37.48987198,127.1108398
 석촌역 2번출구,서울특별시 송파구 송파동 68 ,37.50593185,127.1077499
 오금역 3번 출구 뒤,서울특별시  송파구 가락동 10-15 ,37.50165176,127.1281815
 문정현대아파트 교차로,서울특별시 송파구 문정동 3-2 ,37.49113083,127.1258087
 가락시장역 사거리,서울특별시 송파구 가락동 214-15 ,37.49209976,127.1177521
 가락미륭아파트 앞,서울특별시 서울 송파구 가락동 195-4,37.49319839,127.1289978
 방이역 1번출구,서울특별시 송파구 오금동 17-20,37.50898361,127.1265945
 방이동 한양3차아파트 옆,서울특별시 송파구 방이동 225-1,37.50630188,127.1213989
 송파여성문화회관 앞,서울특별시 송파구 송파동 2-3 ,37.50580215,127.1097183
 장지공영차고지,서울특별시 송파구 장지동 861-6,37.48054123,127.1370163
 천호역 10번 출구 앞,서울특별시 송파구 풍납동 490-16,37.53858185,127.1228027
 문정동 근린공원,서울특별시 송파구 문정동 38-3,37.48598862,127.1247635
 문정동 글샘 공원,서울특별시 송파구 문정동 627,37.47880936,127.1200028
 올림픽공원 남2문 앞,서울특별시 송파구 올림픽로 424,37.51424026,127.1230698
 몽촌토성역 1번출구 옆,서울특별시 송파구 방이동 88-21 ,37.51728821,127.1141968
 리센츠아파트,서울특별시 송파구 올림픽로 135,37.51194382,127.091217
 송파도서관,서울특별시 송파구 동남로 263,37.49998474,127.1353912
 영파여고 앞,서울특별시 송파구 올림픽로 565,37.53284836,127.121048
 거여초등학교 옆,서울특별시 송파구 마천로25길 18,37.50458908,127.1393662
성내7교,서울특별시 송파구 마천로 164,37.50562668,127.1364212
 송파구청 교차로,서울특별시 송파구 올림픽로 336,37.51579666,127.1068192
 마천금호어울림 1차아파트 건너편,서울특별시 송파구 성내천로39길 4,37.49751663,127.1546783
 송파파크데일 2단지입구 앞 주차장,서울특별시 송파구 성내천로47길 23,37.49565887,127.1571732
 송파소방서 맞은편(성내4교),서울특별시 송파구 오금로51길 56,37.49987411,127.1414795
 오금공원 사거리,서울특별시 송파구 오금로 363,37.50541306,127.131691
 위례별 유치원 뒤,서울특별시 송파구 위례광장로 136,37.4774704,127.1445923
 위례중앙푸르지오 1단지 앞,서울특별시 송파구 위례광장로 120,37.47437668,127.1406708
 위례아이파크 101동 맞은편,서울특별시 송파구 위례순환로 419,37.47746658,127.14151
 문정중교 사거리,서울특별시 송파구 송이로 238,37.48799896,127.1310883
 풍납토성 서성벽터B,서울특별시 송파구 토성로 2,37.53147125,127.1110916
 위례송파꿈에그린아파트24단지 앞 성벽 다리 밑,송파구 위례광장로 121,37.47458267,127.1375427
 서울체육고등학교 앞,송파구 강동대로 232,37.52193832,127.1318665
 석촌호수 서호 사거리,송파구 삼전동 152,37.50656128,127.0965576
 잠실역 8번출구,송파구 신천동 8,37.51396179,127.1003037
 석촌호수교차로 (송파나루근린공원 앞),송파구 잠실동 48,37.50867844,127.1034317
 석촌호수교차로(동호 팔각정 앞),송파구 잠실동 48,37.50920105,127.1041184
 송파소방서 (방이119안전센터),송파구 방이동 89-29 ,37.51987839,127.1367111
 오륜사거리,송파구 방이동 452-17 ,37.50693893,127.1392212
 석촌호수 아뜰리에,송파구 삼학사로 136,37.5067482,127.0988312
 송파 글마루 도서관,송파구 충민로 1206,37.48095322,127.1301041
 풍납토성 서성벽터A,송파구 풍납동 307-4,37.53131104,127.1112824
 복정역 1번 출구 앞,송파구 장지동 602-18,37.47129822,127.1270905
 위례동주민센터 맞은편 근린공원,송파구 거여동 497,37.48173904,127.1432266
 송파구청,송파구 올림픽로 326,37.5150528,127.1062698
 보성중고등학교 후문 앞,송파구 양재대로 1278,37.52048874,127.1352005
 송파지역자활센터 뒤,송파구 풍성로 5길 16,37.53641891,127.1161652
 문정·가락 대여소 앞,송파구 중대로 2길 6,37.48871994,127.1098251
 잠실나들목,서울 송파구 잠실동 1,37.51678085,127.0904923
 가락고등학교 앞,서울 송파구 송이로 42,37.50186157,127.1172333
 테라타워2,송파대로 201,37.48834991,127.1207809
 거여동 사거리,송파구 문정로 196,37.49704742,127.1403503
 가락삼환아파트 앞,송파구 가락동 165-2,37.49618149,127.138031
 삼전역 1번출구,송파구 잠실동 289,37.50471115,127.0875626
 석촌고분역 4번출구,송파구 삼전동 90,37.50233841,127.0964432
 송파나루역 4번 출구옆,송파구 송파동 3-15,37.50997925,127.1123123
 한성백제역 2번 출구,송파구 방이동 11,37.51665878,127.1162567
 올림픽공원역 3번출구,송파구 방이동 89-28,37.51625824,127.1305924
석촌동 주민센터,송파구 석촌동 312,37.50362396,127.1035538
가락종합 사회복지관,양재대로 925,37.4955368,127.1072006
"경찰병원역 1,2번 출구 사이",가락동 59,37.49569321,127.1238556
문정시영아파트 5동 앞 공원,송이로 31길 56,37.4911232,127.135109
문정역 1번출구,문정동 55-13,37.48669815,127.1224442
서울방이동 고분군,방이동 17,37.50786591,127.1169891
배명고등학교,삼학사 11,37.49741364,127.0963059
석촌고분역 2번 출구,백제고분로 275,37.50264359,127.0973969
송파학사 옆,위례순환로 364,37.47817993,127.1471024
위례포레샤인아파트 2318동,장지동 390-4,37.477211,127.1371765
잠실새내역 1번출구,올림픽로 지하 140,37.51129532,127.0867386
 아시아지하보도 14번 출구,올림픽로 74,37.51146317,127.0788117
석촌역 8번출구,송파구 석촌동 209,37.50550461,127.106575
송파역 4번출구,송파대로 345,37.50004959,127.1115112
마천동 성내천 쉼터,성내천로 179,37.50149536,127.1477814
풍납중학교 측면,풍납동460,37.52515793,127.1169434
 성내5교,동남로298,37.50166702,127.1377411
잠실나들목2(엘스아파트136동),송파구 잠실동 18-1,37.51621246,127.084343
레이크펠리스101동앞,잠실로88,37.50775909,127.0912933
잠실 자전거 수리센터 앞,송파구 잠실동 41,37.51156998,127.1010742
헬리오시티 112동 앞,송파구 가락동 509-11,37.49469757,127.1046448
오금공원사거리2,마천로103,37.50544357,127.1323319
위례22단지 2208동 다리앞,위례광장로163,37.47854996,127.1381378
경찰병원역 3번출구 앞,송파구 가락동 123,37.49612427,127.1248016
송파 레미니스1단지 102동 앞,오금동 96,37.50883102,127.1342621
올림픽공원사거리(선수촌아파트),양재대로 1218,37.51202011,127.1286469
올림픽선수촌아파트 136동 앞,양재대로 1218,37.50997543,127.1336975
송이공원,송파동 169,37.50057983,127.1188431
풍납동 아이파크 107동 앞,올림픽로43길 34,37.52480316,127.1146393
송파 파인타운 11단지,장지동 854-3,37.47916031,127.1321945
가락몰 업무동,가락동 600,37.49535751,127.1156921
서울친환경유통센터,가락동 600,37.49416733,127.1045303
 가락2동주민센터 인근,중대로191,37.49917603,127.1258926
 올림픽훼미리아파트 112동 앞,중대로24,37.48807144,127.1186371
 한양3차아파트 3동 앞,방이동225,37.50585175,127.1219406
 가락중학교 앞,송파동166-2,37.50223541,127.1172867
 방이역 2번 출구,오금동43,37.50801468,127.125946
 올림픽공원 북2문 A,방이동88-16,37.52357483,127.1280441
 건영아파트앞 사거리,문정동 72,37.48245621,127.1246033
 가락1동주민센터,양재대로 925,37.49650955,127.1103287
 가락쌍용2차아파트 103동,가락동22-7,37.50226974,127.1219559
 거여동 어울림아파트 102동앞,오금로56길28,37.49198532,127.1437302
 송파파크데일 1단지 115동 건너편,마천동588,37.49763107,127.159668
 마천금호어울림 1차 102동앞,성내천로245,37.49808884,127.1542969
 가락현대 1차 11동 앞,문정동 3,37.49146652,127.1266403
 송파파인타운 4단지 403동,새말로12길 16,37.48174286,127.1287842
 문정근린공원2,문정동90,37.4861145,127.1266708
 문정중학교,문정로73,37.48827362,127.1306839
 가락시장 남1문 사거리,중대로70-2,37.49201584,127.1174545
 올림픽공원 북2문 B,방이동88-16,37.52397537,127.1275101
 잠실나들목4,잠실동24,37.5161171,127.0846634
 삼성SDS,올림픽로35길 125,37.51633835,127.0998535
 잠실나루역4번출구뒤,신천동15,37.52080917,127.1036224
 잠실나루역 고가하부,오금로20,37.51988602,127.1043396
 홈플러스 잠실점,올림픽로35가길 16,37.51613998,127.103508
 문현중고등학교 사이,장지동838-2,37.48051071,127.128624
 송파파인타운 10단지 1005동,송파대로8길 20,37.4777832,127.1320572
 장지역 1번출구,충민로2길 8,37.47953415,127.1267853
 마천사거리 2,마천동 36,37.49900436,127.1469421
 잠실 파크리오 120동 앞,올림픽로 435,37.51921082,127.1079407
 아시아선수촌아파트 교차로,올림픽로4길 15,37.50679016,127.0792694
 세양청마루 101동 앞,송이로31길 66,37.49236679,127.1365509
 서울복합물류 게이트 1,장지동 662,37.47600174,127.1231003
 가락시장역 2번 출구,가락동 184-23,37.492733,127.1179886
 거여5단지 503동 앞,양산로4길 16,37.48933029,127.1460495
 올림픽공원 서1문 앞,올림픽로 424,37.5202179,127.1145706
 올림픽공원 장미광장,방이동 88-18,37.51275635,127.126297
 위례중앙푸르지오 201동 앞,위례광장로 290,37.47434616,127.1432648
 위례 포레샤인 1809동 부근,거여동 274,37.48687744,127.1526947
 아산병원 기숙사 부근,올림픽로43길 88,37.52478027,127.1091309
 잠실나루 나들목,신천동 6,37.52148438,127.1002808
 성내교 남단,마천동 307-1,37.52301788,127.1158829
 잠실나들목5,송파구 잠실동 19-4,37.5164032,127.0776138
 송파사거리,송파구 송파동 97-2,37.50205612,127.1105499
 한성백제역 1번출구 뒤,송파구 방이동 45-4,37.51647949,127.1149826
 가락대림아파트 앞,송파구 가락동 94-9,37.5000267,127.1184311
 석촌호수 서호 남단,송파구 석촌동 158,37.50717163,127.1012421
 몽촌토성역 3번 출구,송파구 방이동 40-6,37.5170784,127.1123276
 오금동 대림아파트 정문,송파구 오금동 2,37.51072693,127.1304016
 개롱역 3번 출구 뒤,송파구 가락동 166-1,37.49806213,127.134613
 개롱역사거리 2번 출구,송파구 오금동 166,37.49827194,127.1348648
 탄천1교 하부보도,송파구 잠실동 348,37.50117111,127.0851669
 위례포레샤인13단지,송파구 거여동 657,37.4826355,127.1399231
 마천청소년센터,송파구 마천동 325-29,37.49222183,127.1565933
 송파청소년센터,송파구 문정동 150,37.48995972,127.1119614
 거여동사거리 송파둘레길 입구,송파구 거여동 산23-34,37.49535751,127.139473
 위례포레샤인18단지 1802동,송파구 거여동 산60-1,37.48868561,127.1522675
 위례포레샤인18단지 1812동,송파구 거여동 657-12,37.48714828,127.1532822
 H비즈니스파크,송파구 문정동 373,37.48352432,127.1168366
 가든파이브 리빙관,송파구 문정동 634,37.47709656,127.123703
 배명고등학교 건너편,송파구 석촌동 302-1,37.49793243,127.096756
 호돌이상가,송파구 문정동 150,37.48633575,127.1137466
 둔촌오륜역 2번출구,방이동 89-29,37.51869202,127.139061
 마천역 1번 출구 인근②,거여동 694,37.49459076,127.1510925
 위례포레나송파,송파구 거여동 657-12,37.48455429,127.1491928
 성내유수지 체육공원,송파구 방이동 88-13,37.52597046,127.1182098
 문정법조단지12,송파구 문정동 500-1,37.48639297,127.1148377
 위례포레샤인15단지 상가,송파구 거여동 604,37.48641586,127.1420593
 위례포레샤인15단지,송파구 거여동 603,37.48688889,127.1416931
 잠실주공5단지1,송파구잠실동27,37.51633453,127.0938034
 송파여성축구장,방이동 88-9,37.52471542,127.1174393
 풍납백제문화공원 옆 인근,풍납동 219-3,37.53488159,127.1152268
 호반써밋,송파구 거여동 607-1,37.48294449,127.1404419
 풍납사거리 성내유수지,풍납동 413-1,37.52765274,127.1193008
 극동아파트,송파구 풍납동 436,37.52618027,127.1167603
 올림픽선수기자촌아파트 123동 근처,송파구 방이동 89-2,37.51064301,127.1316757
 풍납근린공원,송파구 풍납동 70-18,37.53913879,127.1216202
 버섯분수대,송파구 가락동 95-3,37.49755478,127.1149445
 세륜초등학교 건너편,송파구 방이동 89-28,37.51919556,127.1326218
 한국체육대학교,송파구 방이동 89-28,37.51795959,127.1317825
 삼전동주민센터 건너편,송파구 삼전동 86,37.50301743,127.0921402
북위례1,송파구 거여동 657-12,37.48693085,127.1536484
북위례2,송파구 거여동 657-12,37.48483276,127.1499176
방이삼거리,송파구 방이동 66-3,37.51229095,127.1082535
송파시그니처롯데캐슬,송파구 거여동 695,37.49714279,127.1464157
가락본동주민센터 인근,송파구 가락동 100-2,37.49428558,127.1217041
가락시장역 5번출구,송파구 가락동 100-2,37.49253845,127.1194458
호반써밋12단지,송파구 거여동 657,37.48448563,127.1406784
북위례3,송파구 거여동 657-12,37.48884964,127.1569977
 광진교 남단 사거리(천호공원 방면),서울특별시 강동구 구천면로 171,37.54179382,127.1247482
 해공공원(천호동),서울특별시 강동구 올림픽로 702,37.5452652,127.1259384
 해공도서관앞,서울특별시 강동구 올림픽로 702,37.54395676,127.1254883
 삼성광나루아파트 버스정류장,서울특별시 강동구 상암로3길 77,37.55332947,127.1288681
 롯데캐슬 115동앞,서울특별시 강동구 양재대로 1665,37.55486679,127.1427994
암사동 선사유적지,서울특별시 강동구 올림픽로 875,37.55955887,127.1308746
 암사역 3번출구(국민은행앞),서울특별시 강동구 올림픽로 지하 776,37.54935455,127.1270828
 천호역4번출구(현대백화점),서울특별시 강동구 천호대로 지하 997,37.53866577,127.1242447
 강동세무서,서울특별시 강동구 천호대로 1139,37.53450775,127.1384049
 LIGA 아파트 앞,서울특별시 강동구 천호대로 1120,37.53474426,127.1352844
천호역효성해링턴타워 앞,서울특별시 강동구 올림픽로 610,37.53600693,127.1227264
 강동구청역 1번 출입구,서울특별시 강동구 올림픽로 지하 550,37.53071594,127.1209869
 샛마을 근린공원,서울특별시 강동구 구천면로 431-2,37.55003738,127.1469116
 해뜨는 주유소옆 리엔파크 109동앞,서울특별시 강동구 상일로 152,37.55939865,127.1711807
 둔촌고교입구 교차로(길동주민센터 방면),서울특별시 강동구 천호대로 1207,37.53544617,127.1451874
 둔촌 주공 GS 맞은편,서울특별시 강동구 양재대로 1330,37.52458954,127.1354218
 다성이즈빌아파트(호원대 대각선 맞은편),서울특별시 강동구 성내로 91,37.52679443,127.1300583
 강동경찰서,서울특별시 강동구 성내로 57,37.52825165,127.1268005
 강일동 리슈빌 빌딩앞,서울특별시 강동구 아리수로 419,37.56427383,127.1739731
 길동 사거리(초소앞),서울특별시 강동구 양재대로 1441,37.53377914,127.1379929
 한국종합기술사옥 앞,서울특별시 강동구 상일동 504 ,37.54998398,127.1747055
 강동구청 앞,서울특별시 성내동 546-3 ,37.52929688,127.1231537
 상일초등학교,서울특별시  상일동 440-3,37.54684067,127.1725159
 대명초교 입구 교차로,서울특별시 명일동 59,37.54653549,127.155838
 프라자 아파트 앞,서울특별시 길동 176-3,37.53596115,127.1478195
 포레스 주상복합 빌딩,서울특별시 성내동 119-2,37.53310776,127.1227722
 성내어울터,서울특별시 성내동  44-1,37.53655624,127.1255341
 미호 플랜트 앞,서울특별시 성내동 478,37.52703094,127.1220627
 올림픽로 836(아리수로),서울특별시 암사동 440-13,37.55582047,127.1299133
 선사고등학교,서울특별시 암사동 445,37.55672836,127.136261
 고덕동 아남아파트,서울특별시 고덕동 673,37.55793381,127.1447678
 고덕동 래미안 힐스테이트,서울특별시 고덕동 603,37.5618782,127.1507874
 고덕역 4번출구,서울특별시 명일동 46-5,37.55509567,127.1552811
 고덕동 주양쇼핑,서울특별시 명일동 48-2,37.55199051,127.1533127
 강일리버파크 6단지,서울특별시 강일동 448-2,37.56256485,127.1776123
 강일 다솜 어린이 공원,서울특별시 강일동 333-2,37.56863785,127.1748047
 고덕초등학교,서울특별시 고덕동 215,37.56129837,127.1678467
 묘곡초등학교,서울특별시 고덕동 499-2,37.55916214,127.1533203
 강일리버파크 2~5단지,서울특별시 강일동 63-20,37.5685463,127.1770096
 굽은다리역,서울특별시  양재대로 1572,37.54540634,127.1426773
 둔촌어린이공원,서울특별시 강동구 진황도로 172,37.53099442,127.1423721
 강일리버파크 10단지,서울특별시 강동구 고덕로97길 20,37.561203,127.1802673
 둔촌역 3번 출입구,서울특별시 강동구 양재대로 1355,37.52678299,127.1355743
" 강일중,선사고 버스정류장(신암중학교 방면)",서울특별시 강동구 고덕로 109,37.55483627,127.1373215
 동명근린공원 진입로 (아리수로),고덕동 230,37.56254578,127.1644821
 말우물 어린이 공원,상일로 27길 14-7,37.56002808,127.1696777
 강일리버파크 7~11단지,강일동 435-2,37.56335449,127.1790543
 능골근린공원,상일동 482,37.55580902,127.1737442
 고덕숲 아이파크 1,상일동 133,37.55348206,127.1650543
 래미안 강동팰리스(102동),강동구 천호동 166-56,37.53822708,127.1317444
 천일초교 사거리,강동구 천호동 217-18,37.5446701,127.1326752
 천호초교 입구 사거리(일주빌딩), 강동구 천호동 234-2,37.54689789,127.1346664
 고덕숲 아이파크 2,강동구 상일동 163,37.5510788,127.1625977
 서원마을,암사동 117-3,37.56379318,127.1328354
강동롯데캐슬퍼스트 아파트(관리동),강동구 고덕로 131,37.55666351,127.1427383
중앙보훈병원역 1번출구,둔촌동 산17-4 ,37.52779388,127.147644
보훈병원 후문옆(더 원커피),동남로 635,37.53120804,127.1492691
생태공원앞 교차로(조명탑),강동구 둔촌동 564,37.5377655,127.1520157
한영중고앞사거리, 명일동 59 ,37.54903412,127.1560516
명일파출소,동남로 895,37.5536499,127.1562271
(시립)고덕평생학습관,고덕로 295,37.55570221,127.1579208
고덕역 5번출구,강동구 명일동 46-5,37.55486298,127.1537247
 SSTS 몰 앞,양재대로 1517,37.54114532,127.1410523
대명초교입구 사거리,명일동 59 ,37.54683685,127.1491623
천동초교 삼거리,천호동 114-2 (정자 쉼터),37.54136276,127.1371841
 천동초교입구사거리 버스정류장(십자성마을 방면),양재대로 1504,37.5398941,127.141037
강동역 1번출구 앞,천호동 571-2 ,37.53627014,127.1324692
둔촌사거리,성내동 449-22 ,37.52197647,127.1336212
강일동입구교차로,강일동 607-7,37.56184387,127.170845
엘웨딩,천호대로 1052,37.5368309,127.128418
트레빌빌딩,천호동451-20,37.53699875,127.1295319
중앙보훈병원역3번출구,둔촌동6-14,37.52956009,127.1490097
광문고교사거리(아이파크),고덕동302,37.56036758,127.1565933
 윤선생빌딩(JYP사옥),강남대로207(윤선생빌딩),37.5239296,127.1291275
래미안 솔베뉴(고덕로),양재대로1650,37.55456924,127.145874
래미안 솔베뉴(구천면로),양재대로1650,37.55059814,127.1454544
풍납사거리(강동),성내동451-3,37.52812195,127.1195221
고덕 래미안힐스테이트(201동),고덕동 675,37.56060028,127.146698
상일동역 2번출구 앞,고덕로 333,37.5567894,127.1661453
 서울천호동우체국,강동구 구천면로 192,37.54074097,127.1257629
 프라이어팰리스아파트,강동구 고덕로 130,37.5546875,127.1394043
 명일초등학교 옆,강동구 고덕로38길 8,37.55464554,127.1425324
 명일동신동아아파트 앞,강동구 고덕로 240,37.55483246,127.1517334
 암사정수센터교차로(강동롯데캐슬퍼스트아파트),"암사동 414-22
(강동롯데캐슬퍼스트아파트 107동 뒤편)",37.55845642,127.1441574
 맥도날드 서울둔촌DT점 앞,양재대로 1382,37.52938843,127.1371841
 둔촌신성미소지움아파트,명일로 102,37.52726364,127.142334
 고덕센트럴 아이파크상가 앞,고덕로80길 123,37.55058289,127.1654205
 둔촌푸르지오아파트,명일로 172,37.53407288,127.1450043
 한영외국어고등학교,서울 강동구 상일동 168,37.54709244,127.1562195
 강동리버스트4단지아파트 404동 앞,아리수로93가길 110(강일동 115),37.57201385,127.1717072
 강동리버스트4단지아파트 405동 앞,아리수로93가길 110(강일동 115),37.57201767,127.1729507
 성내삼성아파트,풍성로 136,37.53137589,127.1270752
 둔촌동역교차로,양재대로 1377,37.52926254,127.1364975
 강동리버스트6단지,아리수로93가길 77,37.57095337,127.1717453
 강동리버스트7단지,아리수로93가길 70,37.57073975,127.1721573
 강동리버스트8단지,강일동 80번지 일대,37.57180405,127.174469
 강동리엔파크9단지,강일동 475-2,37.55736542,127.1801376
 강동역3번출구,강동구 성내동 192-8,37.53541565,127.1330948
 길동 마루빌딩,양재대로 1465,37.53685379,127.1394882
 길동 동호빌딩,양재대로 1522,37.54154587,127.1414795
 KT&G강동지사,양재대로 1544,37.5437088,127.1422806
 고덕자이(105동 앞),강동구 상일로 55,37.55361176,127.1720352
 강동리엔파크14단지(1401동 앞),강동구 상일동 25-1,37.55212402,127.1806412
 고덕 래미안 힐스테이트(101동),강동구 아리수로50길 50,37.55885696,127.1514893
 상일동산(동아아파트앞 교차로),강동구 상일동 183-4,37.54581833,127.1668854
 강일역 3번출구,강동구 강일동 469-9,37.55740356,127.1765366
 강일역 4번출구,강동구 강일동 736,37.55707169,127.1751404
 둔촌역 2번출구,방이동 89-29,37.52722931,127.1363525
 둔촌오륜역 1번 출구,강동구 강동대로 303,37.51960373,127.13871
강동리엔파크 13단지(1303동 앞),강동구 상일동 34,37.55302811,127.1807556
 명일역 3번출구 옆,강동구 명일동 303-7,37.55142593,127.1442108
 상일파출소 옆,강동구 상일동 520-1,37.55655289,127.1658783
 강변그대가리버뷰 입구 맞은편,강동구 천호동 250-7,37.54816437,127.1225739
 방아삼거리,강동구 둔촌동 118-2,37.5232811,127.1461334
 강동농협 버스정류소 앞(광채빌라),강동구 암사동 488-21,37.547966,127.1351624
천호시장 버스정류소 옆,강동구 천호동 397-465,37.54146576,127.1302567
세양청마루 아파트 앞,강동구 천호대로 1162,37.53346634,127.1405029
힐스테이트 신도림역,구로구 신도림동 431-30,37.50683594,126.8847885
양재대로(구룡지하차도 앞),서초구 양재동 385-14,37.46949005,127.0478821
천주교 보문동 성당,성북구 보문로 75,37.58204651,127.0209961
목동역 2번출구,양천구 목동로 201,37.52649689,126.8640671
디에이치퍼스티어아이파크 124동 앞,강남구 개포동 660-4,37.48131943,127.0543518
개포래미안포레스트 130동 맞은편,강남구 개포동 656 맞은편,37.47748566,127.0574341
디에이치퍼스티어아이파크 159동 앞,강남구 개포동 660-4,37.47954941,127.0640564
도곡삼성래미안,강남구 남부순환로 2803,37.48920441,127.0510635
공릉동 풍림아파트 112동 앞,노원구 섬밭로 139,37.6281929,127.0678787
마들역 4번 출구,노원구 동일로 1449,37.66401672,127.0581741
노원역 9번-10번 출구 앞,노원구 상계로 76-2,37.65655518,127.063591
화랑대역 3번 출구,노원구 화랑로 510,37.62081528,127.083992
하계역 1번 출구,노원구 하계동 273-5,37.63789749,127.0676041
월계 고등학교 앞,노원구 초안산로5길 66,37.63233185,127.0494995
태강릉 앞,노원구 화랑로 681,37.62966537,127.0972366
상계초교 입구 교차로,노원구 상계동 368-10,37.65703583,127.0659332
은빛1단지 아파트 앞,노원구 동일로 245길 162,37.68120956,127.0551682
나래교,송파구 장지동 431-8,37.48009491,127.1384964
송파세무서,송파구 풍납동 388-6,37.52646255,127.1136932
올림픽공원 수영장,송파구 올림픽로 424,37.52157211,127.1268845
서경팰리스 앞,영등포구 가마산로 468,37.50576401,126.9086609
을지로5가(방산시장),중구 동호로 369,37.56739807,127.0020142
서울도시건축전시관 옆,중구 세종대로 101,37.56653976,126.9768448
덕수중학교,중구 인현동2가 240-2,37.56439209,126.9972992
서울자동차운전전문학원,강서구 남부순환로 216,37.54613495,126.8210602
