정류소명,경도,위도
종로2가사거리,126.9877523,37.56980554
창경궁.서울대학교병원,126.9965206,37.57943293
명륜3가.성대입구,126.9982508,37.58258001
종로2가.삼일교,126.9876131,37.56857927
혜화동로터리.여운형활동터,127.001744,37.586243
서대문역사거리,126.966893,37.566137
서울역사박물관.경희궁앞,126.97038,37.569135
서울역사박물관.경희궁앞,126.970759,37.56951198
광화문,126.9763534,37.57014168
광화문,126.9778803,37.57023966
종로1가,126.9810661,37.57014825
종로1가,126.9816283,37.57027101
종로2가,126.9849903,37.57017238
종로2가,126.9865354,37.57023789
종로3가.탑골공원,126.9893256,37.57020889
종로3가.탑골공원,126.9899878,37.57036054
종로4가.종묘,126.9947219,37.570507
종로4가.종묘,126.9953957,37.570635
종로5가.광장시장,126.9990605,37.570786
종로5가.광장시장,126.9996038,37.57093017
종로6가.동대문종합시장,127.0044628,37.57101117
종로6가.동대문종합시장,127.0057137,37.57112723
동대문역.흥인지문,127.0138159,37.57244754
동대문역.흥인지문,127.0124518,37.57210531
동묘앞,127.0186103,37.57383216
동묘앞,127.0195528,37.57424646
경기상고,126.9693635,37.58755022
신교동,126.9702627,37.58329552
경기상고,126.9697701,37.58719079
경복고교,126.9708802,37.58516003
청운중학교,126.9726741,37.58781058
자하문고개.윤동주문학관,126.9671262,37.59218662
자하문고개.윤동주문학관,126.9671907,37.59233532
청운중학교,126.9722631,37.58842196
경복고교,126.9714039,37.5850633
통인시장종로구보건소,126.97105,37.5803257
통인시장종로구보건소,126.9713851,37.58051321
효자동,126.970621,37.58309104
사직단.어린이도서관,126.9679907,37.57513553
경복궁역1번출구,126.9714158,37.57616149
경복궁역2번출구,126.9721994,37.57704014
경복궁역3번출구,126.9722829,37.57767139
경복궁,126.9787471,37.57557679
KT광화문지사,126.9774163,37.57232093
국립고궁박물관,126.9739818,37.57893039
광화문역6번출구,126.9764072,37.57004483
서울역사박물관.강북삼성병원,126.971248,37.570023
광화문.금호아시아나본관앞,126.9728386,37.57033689
광화문역7번출구,126.975837,37.570365
세종문화회관,126.9769976,37.57364893
서울경찰청.경복궁역,126.9714843,37.57574466
사직단,126.968189,37.57485535
광화문.광화문빌딩,126.9768637,37.56950355
덕성여중고,126.9819722,37.57576939
안국역.서울공예박물관,126.9839958,37.57606956
국민은행세검정지점,126.960888,37.60466298
세검정초등학교,126.9612198,37.60250228
세검정.상명대,126.9582921,37.60047709
상명대입구.석파랑,126.9585702,37.59941335
하림각,126.9617068,37.59813307
자하문터널입구.석파정,126.9636435,37.59559351
부암동주민센터.무계원,126.9642222,37.59276708
부암동주민센터.무계원,126.9651419,37.59278617
자하문터널입구.석파정,126.9639776,37.59555757
하림각,126.9622153,37.59814765
상명대입구.세검정교회,126.9592406,37.59961633
세검정.상명대,126.9591558,37.6006471
세검정초등학교,126.9614329,37.60226807
국민은행세검정지점,126.9611927,37.60484616
승가사입구,126.956306,37.61158441
구기동현대빌라,126.9564576,37.6100355
구기터널.삼성출판박물관,126.9562103,37.60860989
구기터널.삼성출판박물관,126.9564167,37.6083054
구기동,126.9585298,37.60696445
구기동,126.9591017,37.6070088
승가사입구,126.956482,37.61148
갑을씨티텔앞,126.963535,37.60437097
평창파출소,126.9660433,37.60532237
평창동주민센터,126.9695663,37.60660737
일성아파트,126.9729237,37.60887236
롯데아파트,126.9763156,37.61038972
롯데아파트,126.976652,37.610248
벽산평창힐스아파트,126.972797,37.60819
예능교회,126.97,37.606517
서울예술고등학교.평창동주민센터,126.9676276,37.60577876
화정박물관,126.9648103,37.60450382
강북삼성병원.경교장,126.9686005,37.56814593
독립문역.서대문형무소역사관,126.959322,37.573395
서대문.서울시교육청,126.9645273,37.56825381
서대문역사거리.적십자병원,126.9675878,37.56710815
독립문,126.9614303,37.57134302
창덕궁.서울돈화문국악당,126.9885394,37.57754057
서린동.SK서린빌딩,126.9800948,37.5692639
청계1가.광교,126.9849267,37.56868439
청계2가.수표교,126.9908172,37.56844532
청계4가.세운교,126.9965617,37.5689254
청계5가.광장시장,126.9997974,37.56945128
원남동,126.9973383,37.57453251
창덕궁.우리소리박물관,126.9889539,37.57727265
안국역6번출구.인사동,126.9841344,37.57579898
조계사.종로경찰서,126.9831556,37.57252231
조계사.종로경찰서,126.9828259,37.57248581
안국동,126.9827201,37.57461057
종로5가.효제동.김상옥의거터,127.00223,37.5745
종로5가.효제초등학교,127.0021442,37.57287901
창덕궁.돈화문국악당,126.991235,37.57743277
종로5가역6번출구,127.0021827,37.5705596
청계6가.동대문시장,127.0028494,37.56983511
동대문,127.0084126,37.57172624
충신동,127.0062788,37.57402235
충신동,127.0063434,37.57446028
현대그룹빌딩,127.0008066,37.57591041
방송통신대.이화장,127.002437,37.578043
혜화역2번출구.마로니에공원,127.0022769,37.58111949
혜화역3번출구.서울대병원입구,127.0018482,37.58095597
방송통신대.이화장,127.0019783,37.57778897
이화동(이화장),127.0006951,37.57611936
창경궁.서울대학교병원,126.9968717,37.57882799
이화동(이화장),127.0032708,37.57593729
혜화동로터리,127.0006878,37.58558033
명륜동2가.성균관대입구,126.9993413,37.58341708
혜화역.서울연극센터(장면총리가옥),127.0014609,37.58403069
혜화역.동성중고(장면총리가옥),127.0015562,37.58453294
종로구민회관.창신동두산아파트,127.0155555,37.57409268
동묘앞역6번출구,127.0156014,37.57168496
동묘앞역5번출구,127.015945,37.57192215
청계2가교차로,126.9878779,37.5684809
창신3동주민센터,127.015178,37.578413
숭인1동주민센터.창신역4번출구,127.0154558,37.57862816
동묘앞역.롯데캐슬천지인,127.0158024,37.57418005
신설동로터리,127.0228414,37.57569473
동묘앞역2번출구,127.0175235,37.57364311
구기동현대빌라,126.956622,37.609682
광장시장,126.9977438,37.56949631
혜화경찰서,126.9974788,37.57258074
서울역사박물관,126.9721318,37.56990034
청계3가.관수교,126.9937794,37.56868879
청계6가.버들다리,127.0080377,37.56993039
청계7가.맑은내다리,127.0130967,37.57004196
청계8가.영도교,127.0181256,37.57089499
원남동사거리,126.9981123,37.57576174
숭인동,127.0204373,37.57427215
조계사,126.9831609,37.57280034
세종문화회관,126.9770167,37.57336557
이화동(이화장),127.002955,37.576257
상명대정문,126.955143,37.601417
이북오도청,126.955973,37.61272348
경복궁역(효자로입구),126.9743023,37.57670951
상명대입구.세검정교회,126.9597922,37.59944351
상명대입구.석파랑,126.9581941,37.59957181
종로중부새마을금고,127.0065911,37.57241749
신설동로터리.신한은행앞.서울풍물시장,127.0231951,37.57425481
청계2가.삼일교,126.9869891,37.56834543
청계8가.황학교,127.022787,37.57213073
평창동삼성아파트,126.9787981,37.61118009
안국역.인사동,126.9855365,37.57633293
안국역.서울공예박물관,126.9848871,37.57641401
창덕궁,126.9890031,37.57722809
남인사마당,126.9874286,37.57131917
평창파출소,126.9668167,37.60568122
삼청공원,126.9816469,37.58822768
수성동계곡,126.9644679,37.58208138
명륜3가종점,126.9928637,37.59094838
명륜새마을금고,126.9967901,37.58778547
서대문역3번출구,126.9663939,37.56633706
낙산공원,127.0087216,37.58040372
인사미술공간.세탁소,126.9893671,37.58141098
화정박물관,126.9648837,37.6048012
금융연수원,126.9816583,37.58663983
박노수미술관,126.9666035,37.58099674
샘미용실.종로구청소년상담복지센터,126.9932227,37.59030953
서울국제고등학교,126.9972903,37.58907159
화정박물관,126.9652008,37.60498061
적십자병원후문앞,126.9652273,37.56752954
서울성곽.성대후문,126.9895694,37.58936638
빨래터.고희동미술관,126.9890634,37.58298722
세검초등학교,126.9614908,37.60425228
삼청동주민센터,126.9819072,37.58426383
통인시장,126.9684957,37.58044175
양현관,126.9936044,37.58979142
국민생활관,126.998862,37.58974563
오거리,126.9622629,37.60706212
경희궁자이2.3단지,126.9640686,37.56878711
창신쌍용2단지.한성대후문,127.0127581,37.5812648
통일부,126.9859477,37.58759481
원서고개,126.9878088,37.58308055
종로5가입구.혜화경찰서,126.9976709,37.57179285
삼청파출소,126.981251,37.58181366
오거리.한옥마을입구,126.9696089,37.57940462
명륜시장.성대후문,126.9952543,37.58851105
혜화초등학교,126.9998517,37.58725323
청련사입구,126.9624312,37.60798038
영천시장,126.9627389,37.57008186
명신초.삼선푸르지오.힐스테이트,127.0145563,37.58210621
감사원,126.9852901,37.58621065
중앙중고,126.9869653,37.58309218
인왕빌딩,126.9577443,37.60792833
종로4가.종묘공원,126.9946203,37.57068903
국립민속박물관,126.9795534,37.57925518
광화문새마을금고,126.9711466,37.57936877
새마을금고,126.9965181,37.58773706
혜화우체국,127.0006137,37.58603766
언덕앞,126.9637922,37.60895398
경희궁자이4단지,126.9621148,37.57070222
종로센트레빌후문.e편한세상보문아파트,127.0161855,37.58177439
사우디대사관앞.경남빌라,126.9850312,37.58410567
안국선원.삼거리,126.9849941,37.58279098
구기터널입구,126.9567769,37.60820461
종로3가.1.3.5호선,126.9920932,37.57108758
경복궁,126.9793378,37.57695016
소나무집,126.9641105,37.61127707
독립문역3번출구,126.9597453,37.57287848
청룡사.보문파크뷰자이아파트,127.0170071,37.58001895
북촌한옥마을입구.정세권활동터,126.9849422,37.58159973
종로1.2.3.4가동주민센터,126.9911314,37.57438371
창덕궁,126.99062,37.57608925
아름다운실버,126.9654637,37.61201006
독립문초등학교,126.9606775,37.57386997
종로센트레빌아파트,127.0156927,37.58035344
가회동주민센터,126.9849543,37.57997294
구기빌라,126.9579797,37.60626861
원남로터리,126.9975115,37.57623737
보현산신각,126.9657791,37.61348252
린덴바움숲유치원,126.961804,37.57466928
쌍용아파트입구.창신역,127.0149636,37.58051123
아름다운가게.정독도서관,126.9851272,37.57894808
산정빌라,126.9574922,37.60515199
이화사거리,127.0020915,37.57650956
박종화고택입구,126.9676873,37.61431026
무악현대아파트후문,126.9619412,37.57633723
헌법재판소.안국역,126.9858152,37.5773872
청구빌라,126.956984,37.60461026
서울대어린이병원응급실.갑상선센터,126.999503,37.57811888
화인빌라,126.9685386,37.61293453
넓은마당,126.962888,37.57527281
창신초등학교,127.0153886,37.5769032
수운회관,126.9866693,37.57521894
상명대후문,126.9573354,37.60402558
힐탑,126.9690206,37.61160556
신학대학교총회본부,126.9634446,37.57397631
낙원상가,126.9874149,37.57375637
완성빌라,126.9575011,37.60340209
서울대병원장례식장,126.997431,37.5805554
혜화역1번출구,127.0017633,37.58347299
감나무골공원,126.9699479,37.61240596
한국사회과학자료원.이회영기념관,126.9641239,37.57366701
동묘역,127.0142454,37.57269435
금강제화,126.9875484,37.57057137
경진빌라,126.9578304,37.60200372
성대입구,126.9992849,37.58335331
청와대,126.9737681,37.5829713
춘추문,126.9796554,37.58312761
경복궁.국립민속박물관,126.9795911,37.57941352
효자로입구(가상),126.9744666,37.57628833
EN갤러리,126.9706087,37.6134218
유림회관앞,126.9969805,37.5858956
성균관대정문,126.9966204,37.58495635
600주년기념관,126.9939426,37.5873281
성균관대운동장,126.99237,37.587863
학생회관,126.9936746,37.58742039
종로문화센터,126.9645321,37.57469356
동대문역.2번출구,127.0117218,37.57204945
종각역YMCA,126.9850893,37.57039764
서교빌라,126.9571554,37.60198906
경복궁역,126.9724733,37.57707221
성대입구,126.998853,37.5832668
무애사,126.9718458,37.61390043
단군성전앞,126.9653175,37.57556009
동대문종합시장,127.004958,37.57121613
상명초등학교,126.9567154,37.60092381
법련사,126.9796651,37.57658798
광화문새마을금고,126.9710277,37.57949309
성균관대학교,126.996646,37.584886
참샘골공원,126.9742525,37.6146097
활터앞,126.9653294,37.57681261
종로5가역.중부교육지원청,127.0020898,37.57141925
인사동들머리.3.1독립선언터,126.983297,37.57194702
정독도서관,126.9800805,37.58026054
오거리.한옥마을입구,126.9697393,37.57946844
평창공원지킴터입구,126.9757439,37.6163964
창경궁.고궁호텔.메이플레이스호텔,126.9974492,37.57655816
광화문,126.9755695,37.57033749
종로1가,126.980129,37.57037
종로2가,126.9864618,37.57008246
종로3가역11번출구,126.9932082,37.5706349
종로3가,126.9909932,37.57010243
종로4가,126.9962507,37.57046926
동대문종합시장종로6가,127.0032912,37.5708648
종로도서관,126.9671252,37.57648423
경복궁역,126.9715056,37.57617809
경복궁역7번출구,126.971682,37.57581917
안국역,126.9852296,37.57661375
안국역,126.985506,37.57631851
창덕궁,126.9889001,37.57752042
성대입구,126.9992358,37.5832828
종로사우나,126.9877504,37.57380111
엄마분식,126.9557163,37.60124243
삼청파출소,126.9813258,37.58164517
통인시장.종로구보건소,126.9687505,37.58033503
종로5가역.광장시장,127.000039,37.57077247
평창동산림제3초소,126.9771031,37.61735605
배화여중고,126.9676986,37.57677876
대학로입구.이화사거리,127.0025802,37.57598417
운현궁,126.9869814,37.57527161
상명대입구,126.9569583,37.60002101
삼청동주민센터,126.9822105,37.58468468
박노수미술관,126.9668945,37.58102656
김창열.윤명로화실,126.9783685,37.616305
사직공원.경복궁역입구,126.9689039,37.57622069
충신시장,127.0054049,37.57497665
안국역2번출구앞,126.9861183,37.57717282
금융연수원,126.9818479,37.58587767
감람산기도원,126.979873,37.61594393
카센터.터널앞,126.9658895,37.57409862
재동초등학교,126.9853617,37.57879109
삼청공원삼거리.옥호정터,126.9817445,37.58741852
이화사거리,127.0022813,37.57532007
연화정사,126.9794938,37.614649
대신중고,126.9616893,37.57261781
현대사거리,126.9866354,37.57924178
교남동주민센터,126.9613278,37.57218198
부암동주민센터.무계원,126.9637682,37.59293534
형제봉입구,126.9816862,37.61286432
교남동새마을금고,126.9623375,37.57149436
창신초교,127.0157201,37.57603721
가회동주민센터,126.9851294,37.57994265
볼링장,126.9879589,37.57925544
석파정.서울미술관,126.9637824,37.59476432
지구촌교회,126.9792421,37.61310603
월암공원,126.9646919,37.57122609
숭인1동주민센터,127.0155607,37.577415
북촌한옥마을입구.정세권활동터,126.9851687,37.58128077
하림각,126.9629664,37.59768473
보현빌라,126.9784206,37.61538226
스위스대사관,126.9656961,37.57014132
안국선원.삼거리,126.9852205,37.58274325
세검정교회,126.9600292,37.59938802
혜화동로터리,127.0010032,37.58591961
김종영미술관,126.9781123,37.61326379
서울시교육청,126.9666999,37.56938168
창신쌍용1단지.종로센트레빌아파트,127.0155693,37.58032282
사우디대사관,126.9852486,37.58386331
상명대입구,126.9574023,37.59985447
혜화초등학교,126.9999909,37.58738929
강북삼성병원,126.9683377,37.56853152
청룡사.보문파크뷰자이아파트,127.0171509,37.57978465
감사원,126.9855618,37.58626565
국민생활관,126.9993138,37.5896276
종로센트레빌후문.e편한세상보문아파트,127.0162354,37.58189784
통일부,126.9861073,37.58753085
서울국제고등학교,126.9971408,37.58907429
성대후문.와룡공원,126.989734,37.58915228
상명초등학교,126.9568174,37.60090493
새마을금고,126.996569,37.58784069
경진빌라,126.9579482,37.60186409
명륜시장.성대후문,126.9952305,37.58872461
완성빌라,126.9576665,37.60333997
양현관,126.9937686,37.589768
상명대후문,126.9574634,37.60407158
샘미용실.종로구청소년상담복지센터,126.9934084,37.59025457
산정빌라,126.9575782,37.60528358
구기빌라,126.9579809,37.60613345
마트앞,126.9587565,37.60669871
국민은행.세검정지점,126.9608727,37.60495417
혜화역4번출구,127.0015539,37.58350804
방송통신대앞,127.0019927,37.57869736
서울대치과대학,126.997801,37.5774083
효제초교.연동교회.김마리아활동터,127.0022088,37.57364134
성균관대학교,126.9900036,37.58846387
서울대치과대학,126.9978632,37.57757273
이화사거리,127.0020085,37.57694834
서울대학교병원현관.암병원현관,126.9981632,37.57908728
종각.공평유적전시관,126.9832427,37.57159379
조계사,126.9831364,37.57360211
동대문역JW메리어트동대문호텔,127.0092821,37.57063698
대학로,127.0021204,37.58189612
창경궁,126.9964163,37.57915963
창덕궁,126.9901776,37.57753017
인사동.북촌,126.9837978,37.57589502
경복궁.국립민속박물관,126.9795487,37.57933918
세종문화회관,126.976912,37.57313885
통인시장,126.9713316,37.57911876
세종문화회관,126.9770139,37.57315586
종각역,126.9828944,37.56937996
인사동.탑골공원,126.9888006,37.57011554
종묘.세운상가,126.9934997,37.57037362
광장시장,126.9996789,37.57075214
동묘.숭인동도깨비시장,127.0180439,37.5734766
서울풍물시장,127.0231781,37.57334003
청와대,126.97376,37.58268481
남대문세무서,126.9875299,37.56498481
국가인권위.안중근활동터,126.9878515,37.56435047
서울역버스환승센터,126.9722571,37.55514602
서울역버스환승센터,126.9725925,37.55540298
서울역버스환승센터,126.9727238,37.55538899
서울역버스환승센터,126.9728548,37.55547941
서울역버스환승센터.강우규의거터,126.9729403,37.55541416
숭례문,126.9737784,37.55863886
숭례문(가상),126.9743556,37.55979677
서울시청,126.9806321,37.56613826
만리동고개,126.9626582,37.55178706
손기정체육공원입구,126.9662339,37.55444595
서울의료보건고등학교.서울역서부,126.9689026,37.5558479
서울역서부,126.9691514,37.55623764
서울역서부,126.969293,37.555855
중림동교차로,126.9691354,37.55838363
종근당.충정로역,126.9645408,37.55964888
한국경제신문사.서소문역사공원,126.967868,37.56021115
한국경제신문사.서소문역사공원,126.9681135,37.56062347
경찰청.동북아역사재단,126.9691267,37.56304949
장충동써미트호텔,127.006675,37.56227366
서대문경찰서.농협은행.유관순활동터,126.9677868,37.56490628
염천교,126.9731141,37.55986963
숭례문,126.9733579,37.55840106
숭례문.한국일보,126.9737376,37.55877131
후암삼거리,126.9759938,37.5534056
숭례문,126.9743627,37.55876338
숭례문,126.9740437,37.55841953
숭례문,126.9736279,37.55800065
남대문시장악세사리전문상가,126.9759977,37.5588724
숭례문남산방향,126.9756721,37.55855816
남대문시장,126.9800598,37.56119108
북창동.남대문시장,126.9786225,37.5612915
시청앞,126.9764437,37.56219717
삼성본관앞,126.9759075,37.56205175
시청서소문2청사,126.9761487,37.56276421
시청서소문2청사,126.9746522,37.56319014
시청.서소문청사,126.9749539,37.56352484
광교,126.9828444,37.56810692
서울신문사,126.9773647,37.56836329
명동성당,126.9874194,37.56497416
우리은행종로지점,126.9828659,37.56783904
롯데백화점,126.982207,37.56450698
해운센터.롯데영플라자,126.9815478,37.56289078
롯데영프라자,126.982008,37.562885
명동입구B,126.9823981,37.56442477
신세계백화점,126.9814315,37.56112734
남대문시장.회현역,126.9777651,37.55826752
남대문시장.회현역,126.9784645,37.55849203
남산3호터널,126.9827404,37.55831045
남산3호터널.서울애니메이션센터,126.9826359,37.55952609
명동역4번출구,126.9849158,37.56065785
퇴계로2가.명동역5번출구,126.9843583,37.56093258
퇴계로3가.한옥마을.한국의집,126.9917772,37.56125082
퇴계로3가.한옥마을.한국의집,126.9924098,37.56090197
충무로역2번출구.대한극장앞,126.9947285,37.56123759
충무로역8번출구.대한극장앞,126.9964922,37.56203716
초동,126.993112,37.56334618
을지로입구.로얄호텔,126.9853903,37.56587574
을지로입구.시청입구,126.9811712,37.56613826
을지로2가.기업은행본점.서울노동청,126.9865234,37.56624623
을지로2가.파인에비뉴,126.9886708,37.56607271
을지로3가,126.99026,37.56637298
을지로3가,126.9913276,37.56612052
을지로4가,126.9959336,37.56668416
을지로4가.베스트웨스턴국도,126.9968473,37.56640104
중구청앞.덕수중학교,126.9981401,37.5647746
방산시장.을지로4가역6번출구,126.9992585,37.56681829
을지로5가.중부시장,127.001115,37.56662004
방산시장.훈련원종합체육관,127.0024045,37.56796085
을지로5가,127.0025946,37.56582435
을지로6가.국립중앙의료원,127.0062316,37.56616983
광희동,127.0072097,37.56505283
광희동,127.0077223,37.56517255
을지로6가.국립중앙의료원,127.0058435,37.56646311
동대문역사문화공원,127.0083555,37.56735414
동대문역사문화공원,127.0091685,37.5674835
충무아트센터.스포츠센터.중부소방서,127.0135231,37.56516753
충무아트센터.스포츠센터.중부소방서,127.0147409,37.56501789
성동공업고등학교(무궁화회관),127.0157558,37.56834819
성동공업고등학교앞,127.0161295,37.56869506
신당역1번출구.서울중앙시장,127.0187427,37.56572828
신당역4번출구.서울중앙시장,127.0194795,37.56549207
성동고등학교,127.0221822,37.56559419
성동고등학교,127.0223979,37.56524109
신당동떡볶이타운.중구여성플라자,127.015096,37.56279546
신당동떡볶이타운.중구여성플라자,127.0151909,37.56231004
청구초등학교.청구역,127.0132161,37.5589483
장충초등학교.청구역,127.0130317,37.5592574
약수역2번출구.가온도서관,127.0110429,37.55579291
약수역3번출구.약수하이츠,127.0113797,37.55574961
약수역4번출구.금호터널입구,127.012012,37.553399
약수역5번출구.금호터널입구,127.0118693,37.55292373
약수역8번출구.신당사회복지관,127.0099567,37.55386465
약수역7번출구.약수동주민센터,127.0092978,37.55285097
송도병원앞,127.0077187,37.55026765
송도병원앞,127.0073984,37.55022712
약수역1번출구,127.0097556,37.55625253
장충체육관앞,127.0080611,37.55833622
장충체육관앞,127.0078282,37.55800173
장충동.동국대입구,127.0059098,37.56062132
장충동.동국대입구,127.0056291,37.56066639
퇴계로6가,127.0039011,37.56340113
퇴계로6가,127.0033758,37.56352844
퇴계로5가,126.999966,37.56238041
퇴계로5가,126.9997252,37.56278042
국립극장.반얀트리호텔,127.0010947,37.55148182
국립극장.반얀트리호텔,127.0007526,37.55153396
청구역2번출구,127.0146561,37.55996006
청구역3번출구,127.0142192,37.55993038
동화동,127.0181258,37.56002447
동화동,127.0182737,37.55981268
백범광장,126.980093,37.555737
남대문경찰서,126.9738404,37.55412819
남대문시장앞.이회영활동터,126.9785804,37.56093942
남산케이블카.남산산책로입구,126.9839798,37.55526518
동대입구역.장충동,127.005445,37.558362
약수역10번출구,127.009322,37.556256
청계1가.광교,126.9833922,37.56857079
청계2가.삼일교,126.9885302,37.56784047
청계4가.배오개다리,126.9971755,37.56848437
청계5가.방산시장,127.0008266,37.56921496
청계6가.평화시장,127.0043806,37.56944119
청계7가.동평화.청평화시장,127.0138508,37.56951354
청계8가.영도교,127.0189972,37.57072592
신한은행본점,126.9755852,37.56119655
퇴계로2가.명동역7번출구,126.985336,37.560988
동대문역사문화공원,127.0091092,37.56541133
버티고개,127.0060242,37.54780415
버티고개,127.0061899,37.54765049
청계3가.관수교,126.9929651,37.56821346
청계6가.오간수교,127.0090361,37.56948518
충무로역.매일경제,126.9933889,37.56169057
을지로입구역.광교,126.9825656,37.56764926
신당파인힐하나유보라,127.024856,37.56498098
명동입구,126.9824744,37.56472274
남산북측순환로입구,126.9988218,37.55069862
신당동삼성아파트.금호여중,127.0187299,37.5585545
신당동대우푸르지오.금호여중,127.0192882,37.55780783
황학동주민센터,127.0234024,37.56685562
신당초등학교앞,127.0239173,37.56448134
금호베스트빌.래미안하이베르,127.0240513,37.56164521
금호베스트빌.래미안하이베르,127.0243472,37.56225445
신당초등학교,127.0242404,37.56450284
방산종합시장,127.0019301,37.56780587
황학동롯데캐슬,127.022034,37.57166017
광희문.광희동사거리,127.008611,37.56454992
광희문.광희동사거리,127.0096779,37.56440161
황학동롯데캐슬,127.0232959,37.57081975
한국은행.신세계앞,126.97929,37.56140811
서울기동대.광희초등학교,127.0144829,37.56792221
동대문디자인플라자,127.0119962,37.56770075
서대문역사거리.농협중앙회,126.9679803,37.56688486
서울스퀘어앞,126.9732317,37.55534163
북창동.남대문시장,126.9769187,37.56084629
힐튼호텔,126.9765672,37.55636774
힐튼호텔,126.9767113,37.55662674
시청앞.덕수궁,126.9768356,37.56621228
남대문세무서.국가인권위원회,126.9878661,37.56508396
장충문화체육센터.권기옥활동터,127.0025921,37.5601745
남산1호터널,126.9921666,37.55740518
남산예장버스환승주차장,126.989289,37.55974
약수역.3.6호선,127.0117056,37.55330466
조선일보,126.9768831,37.56873398
시청역,126.97701,37.566031
서울역,126.9713291,37.55820126
숭례문앞,126.9762361,37.56151644
프레스센터,126.9773391,37.56739609
신당역하나은행,127.0215879,37.56542311
염천교,126.9711137,37.55979257
한국경제신문사,126.9679526,37.56093341
응봉근린공원.금호산,127.016919,37.5535217
서울방송고등학교.남산타운아파트,127.0124098,37.54958602
서울방송고등학교.남산타운아파트,127.0122784,37.54961194
중구청소년센터.남산타운2상가,127.0127512,37.55165491
중구청소년센터.남산타운2상가,127.0121656,37.55190274
약수시장.남산타운동문,127.01085,37.55173322
약수지구대,127.0119578,37.5528411
남대문시장,126.9793973,37.56142846
을지로입구역롯데호텔,126.9803053,37.56580472
소공동웨스틴조선호텔,126.9796461,37.56451783
서울광장,126.978885,37.565352
광화문코리아나호텔,126.9769075,37.56840139
서소문KAL빌딩,126.9743183,37.56333874
동국대입구앰배서더호텔,127.0026102,37.55977171
광화문,126.9769068,37.568799
시청덕수궁,126.976921,37.566254
바비엥스위트,126.9676373,37.56510899
서울역,126.9728596,37.55781956
명동역.세종호텔,126.9864493,37.56108601
충무로역.호텔피제이,126.9955605,37.56171802
남대문시장,126.9787309,37.56096738
이비스엠버서더호텔,126.9823877,37.56435343
프레이저플레이스,126.9692683,37.56284768
서울역,126.971336,37.55816
아카시아호텔.웨스턴코업레지던스,127.0034787,37.56655061
을지로코업레지던스,127.0053975,37.56623336
토요코인호텔.이비스버젯호텔,127.0089473,37.56459135
약수역,127.0098978,37.55378896
남산밀레니엄힐튼호텔,126.9759753,37.55546657
서울역,126.9720457,37.5580158
숭례문라마다&스위트호텔,126.9720685,37.56061096
시청역더플라자호텔,126.9779059,37.5641562
시청.서울신문사,126.9773647,37.56829932
프레이저플레이스남대문,126.9762666,37.561376
프레이저플레이스남대문,126.9755366,37.56106678
동대문역사문화공원,127.0092451,37.56538519
광희동더스프라지르서울동대문,127.0075553,37.56473333
동대문디자인플라자DDP,127.0092138,37.56785291
베이튼호텔,127.0026364,37.56499932
광화문,126.9768853,37.56894357
덕수궁,126.976925,37.566106
남대문시장,126.9753967,37.56092315
명동,126.9856195,37.56075833
남산골한옥마을,126.9924384,37.56099506
앰버서더호텔,127.0026254,37.5604635
신라호텔,127.0054272,37.5583034
동대문디자인플라자.동대문시장,127.0085549,37.5668754
동대문디자인프라자,127.0091304,37.56776256
방산.중부시장,126.9994423,37.56685688
을지로3가,126.9923256,37.56653491
을지로입구,126.9810013,37.56613096
명동입구,126.9823016,37.56415262
신당동중앙시장,127.0194166,37.56575532
남산오르미,126.9831349,37.55819405
한강대교북단.LG유플러스,126.963121,37.52404994
한강대교북단.LG유플러스,126.9631848,37.52430606
신용산역,126.966207,37.527293
신용산역,126.9666192,37.52792049
용산우체국,126.970235,37.53149701
용산우체국,126.9705641,37.53205037
삼각지역,126.9736858,37.53518014
삼각지역,126.9741609,37.5359845
숙대입구역,126.9725378,37.54329563
숙대입구역,126.9722321,37.54375602
갈월동,126.9722373,37.5509756
갈월동,126.9717082,37.54953372
남영역,126.9719272,37.54200692
남영역,126.972069,37.541823
신용산역3번출구,126.9673498,37.52888957
서울드래곤시티,126.9630604,37.53215669
용산역3번출구.용산차고지,126.9642146,37.53180791
한강대교북단,126.9635707,37.52496899
서계동,126.9693405,37.5524743
서계동,126.969222,37.5516705
청파동,126.970122,37.54899162
청파시장,126.9698626,37.54867903
숙대입구역.청파동주민센터,126.9707772,37.54538125
숙대입구역.청파동주민센터,126.9704189,37.54548616
남영역,126.971032,37.540813
남영역,126.9706761,37.54057027
용산전자상가17동,126.9660271,37.53377926
용산전자상가19동,126.9657072,37.53351349
용산전자상가10동,126.9619641,37.5332725
용산전자상가12동,126.962169,37.53305741
용산전자상가.전자랜드,126.9583252,37.53277906
용산전자상가.전자랜드,126.9583364,37.53305612
원효대교북단,126.956111,37.53198537
용산경찰서,126.9691858,37.54050321
용산경찰서,126.9690615,37.53999946
용산꿈나무종합타운.원효로우체국,126.9669291,37.5386139
용산e편한세상,126.9654678,37.53746206
남정초등학교,126.9636632,37.53631875
원효로2가,126.9629911,37.53623744
원효로2가사거리,126.9610704,37.53493384
원효로3가,126.9581798,37.53404076
원효로3가,126.9583248,37.53379572
용암초등학교입구.이태원주공아파트,126.9886646,37.54411594
이태원동남산대림아파트.용산동아파트,126.98748,37.53987437
용산한신아파트,126.9871086,37.53980547
해방촌,126.9866091,37.53781774
국군재정관리단,126.9868496,37.53731771
용산구청,126.991163,37.530303
용산구청,126.9911699,37.52940958
한강중학교,126.9921715,37.52545875
한강중학교앞,126.9924288,37.52450259
서빙고역1번출구,126.9899502,37.52004642
장충단로입구,127.002202,37.545795
남산예술원,127.00204,37.544437
서울중부기술교육원.블루스퀘어,127.0035398,37.54157768
서울시중부기술교육원.블루스퀘어,127.0031776,37.5411749
순천향대학병원,127.0057302,37.53644224
순천향대학병원,127.0062994,37.5356114
순천향대학병원,127.0054994,37.53579346
순천향대학병원.한남오거리,127.005729,37.53549068
한남5거리,127.0083126,37.53284782
남산도서관.용산도서관,126.980835,37.552282
남산도서관.용산도서관,126.981134,37.55204425
후암약수터,126.98432,37.54869
후암약수터,126.9841669,37.54839526
보성여중고입구,126.98584,37.54639685
보성여중고입구,126.9856318,37.54625985
남산체육관,126.9927902,37.54270388
남산체육관,126.992917,37.54250475
하얏트호텔,126.9961358,37.54175355
하얏트호텔,126.9974258,37.5408661
용마루고개(서울자동차고등학교),126.9584647,37.54063689
용마루고개.효창파크푸르지오아파트,126.958552,37.54029991
효창공원앞역.이봉창역사울림관,126.9618971,37.53927197
효창공원앞역.이봉창역사울림관,126.9626979,37.53882848
용산꿈나무종합타운.보건분소,126.9649998,37.53842682
용산꿈나무종합타운.보건분소,126.964648,37.538295
원효로제1동주민센터,126.9669923,37.53766072
전쟁기념관,126.9768578,37.53475867
전쟁기념관,126.9753831,37.53465117
녹사평역,126.9851183,37.53510696
녹사평역,126.9853047,37.53475822
용산구청.이태원시장,126.9904707,37.53438305
용산구청.이태원시장,126.9900096,37.53411271
이태원역1번출구.해밀턴호텔,126.993043,37.534552
이태원역4번출구.해밀턴호텔,126.9934293,37.53435397
이태원119안전센터,126.996387,37.53479
이태원119안전센터,126.9971799,37.53460415
한남동주민센터,127.0004667,37.53704589
한남동주민센터,127.0006043,37.5367073
한강진역.블루스퀘어,127.001695,37.540805
한강진역.블루스퀘어,127.0020254,37.54092918
서울역,126.9738944,37.55361688
후암3거리,126.9765772,37.55254084
후암시장,126.9770645,37.55068919
후암시장,126.9775446,37.54974673
용산중고,126.9781856,37.54665979
용산중고,126.978225,37.547205
후암동종점,126.9809588,37.54669893
용산중고,126.977563,37.54574
남영동주민센터,126.9768703,37.54581261
남영동주민센터,126.9750573,37.5453624
남영우체국,126.9732354,37.54512412
남영우체국,126.9734814,37.54536815
한남시범아파트,127.0122608,37.53794297
한남시범아파트,127.0126715,37.53770414
한남동,127.0084446,37.5339127
한남동,127.0087003,37.53375499
이촌동동부센트레빌,126.9660096,37.52155954
이촌동두산위브트레지움.한강대우아파트,126.9675283,37.52157348
이촌1동충신교회앞,126.9684808,37.52128315
이촌동한가람아파트.이촌역,126.9718843,37.5206563
이촌동한강맨션.이촌역,126.9727098,37.52018049
신용산초등학교,126.9745085,37.51984977
신용산초등학교.중경고등학교,126.976248,37.51907753
중경고등학교.이촌동강촌아파트,126.9775234,37.51891785
이촌동점보아파트,126.9784409,37.5183828
이촌동현대아파트,126.978712,37.51853368
금강병원.반도아파트,126.9811234,37.51770433
서빙고신동아아파트,126.9851054,37.51793695
서빙고신동아아파트,126.9853714,37.51748597
만리동고개,126.9628216,37.55167001
손기정체육공원,126.966423,37.55421533
숙대입구역,126.970799,37.544479
남영역,126.9709245,37.54222024
숙명여대도서관앞,126.9672217,37.54484687
숙명여대도서관앞,126.9664465,37.54484124
숙명여대정문,126.9641095,37.5449595
숙명여대정문,126.9643097,37.54513077
숙명여대후문.이봉창활동터,126.9632996,37.54608397
효창공원후문,126.9625779,37.54679103
한겨레신문사입구,126.9591929,37.54588062
대한노인회중앙회,126.9576684,37.54378904
효창운동장.효창동주민센터,126.9617671,37.54220952
효창동주민센터.금양초등학교,126.9622337,37.54162396
금양초등학교,126.9620007,37.54129925
효창공원역,126.9610379,37.53878602
도원삼성래미안아파트,126.9574339,37.5397768
도원삼성래미안아파트,126.9572103,37.53962541
중앙하이츠빌라앞,126.9600336,37.53801446
중앙하이츠빌라앞,126.9598809,37.53797386
용문시장,126.960968,37.53634792
용문시장,126.9613596,37.5359792
용산전자상가입구,126.9622225,37.53457017
용산전자상가입구,126.9619447,37.53466112
신용산.지하차도,126.9636682,37.53283488
신용산.지하차도,126.963882,37.53259
신용산역5번출구,126.9676785,37.53003386
용산역,126.9658225,37.52886661
용산푸르지오써밋,126.9647596,37.52757562
용산푸르지오써밋,126.9645788,37.52723093
용산역광장앞,126.965617,37.528333
용산역사박물관.용산철도고등학교,126.966015,37.52559728
용산역사박물관.용산철도고등학교,126.9671194,37.52530577
용산세무서,126.969244,37.52373184
용산세무서,126.9701544,37.52362139
이촌역,126.9739086,37.52266892
이촌역,126.9740269,37.52236347
국립중앙박물관용산가족공원,126.9786512,37.52089801
국립중앙박물관용산가족공원,126.9799562,37.52087549
서빙고역교차로,126.9899,37.520427
서빙고초등학교,126.9908894,37.52117112
한강중학교,126.9913627,37.52511406
금호베스트빌앞,126.9907182,37.52263626
서빙고동,126.9934203,37.51980432
서빙고동주민센터,126.9948813,37.520384
동빙고동,126.9966907,37.52081836
동빙고동,126.997039,37.52126256
보광신동아아파트삼성리버빌아파트,127.0020297,37.524738
보광동신동아아파트,127.0015149,37.52562379
보광동주민센터,127.0005046,37.52645912
기업은행보광동지점,126.9993071,37.52800885
기업은행보광동지점,126.9988968,37.52818201
한국폴리텍1대학,126.9967926,37.53019599
한국폴리텍1대학,126.9965748,37.53052935
이태원역.보광동입구,126.994213,37.5334
이태원역.보광동입구,126.994227,37.53382242
한남역.용산노인종합복지관,127.0067957,37.53122393
한남역.용산노인종합복지관,127.0077699,37.53066879
이촌119안전센터.성촌공원,126.9529475,37.53007998
성촌공원.포르쉐센터용산,126.9546065,37.53017103
성촌공원.포르쉐센터용산,126.9543511,37.52974742
이촌2동주민센터,126.955064,37.52773644
이촌2동주민센터,126.9548606,37.52770289
이촌2동대림아파트.새남터성지,126.9563231,37.52617531
이촌2동대림아파트.새남터성지,126.9561659,37.52602927
서부이촌동입구,126.9594954,37.52386405
이촌2동강변아파트,126.959781,37.52344621
원효2동산호아파트후문,126.9500127,37.53226001
청암동강변삼성아파트,126.9482435,37.53461443
청암동강변삼성아파트,126.949323,37.534015
원효2동산호아파트,126.9505416,37.53301777
원효2동산호아파트,126.9508278,37.5331089
원효로풍전아파트,126.9535225,37.53212865
원효로풍전아파트,126.9545136,37.53236877
원효풍전아파트,126.9559182,37.53274214
원효2동주민센터,126.9513962,37.5344941
산천동리버힐삼성아파트,126.9511923,37.53450034
산천동,126.9536425,37.53532039
산천동,126.9533822,37.53540813
신창동세방아파트,126.9549576,37.53570832
신창동세방아파트,126.9549471,37.53583005
남이장군사당,126.9579938,37.53665907
남이장군사당,126.9575932,37.53675446
새마을금고,126.9595338,37.53707162
새마을금고,126.9591968,37.53714921
순천향병원입구,127.0067506,37.53263055
남산서울타워,126.9911948,37.55101447
청심경로당,126.9506907,37.53388792
삼성테마트,126.9503849,37.53374669
서빙고동금호베스트빌,126.990991,37.52261379
한남동하이페리온,127.0055474,37.52784398
서빙고역1번출구,126.9894855,37.52003451
문배동이안아파트앞,126.9710604,37.53887
갈월동4호선숙대입구,126.9716592,37.54638586
삼각지역11번출구,126.974548,37.536204
숙대입구,126.9705229,37.54453055
원효대교북단,126.9556103,37.53213836
문배동이안아파트앞,126.9707995,37.5383645
순천향병원입구,127.0069961,37.53269451
숙명여대입구,126.9696435,37.54488446
서빙고초등학교,126.99061,37.52084129
한강대교전망카페,126.9608162,37.52133077
한강대교전망카페,126.9613435,37.521236
노들섬,126.9586052,37.51751618
노들섬,126.9590377,37.51736384
용암초등학교.이태원2동주민센터,126.990733,37.544673
용암초등학교.이태원2동주민센터,126.9909321,37.54484967
효창공원삼거리.윤봉길의사등묘역,126.9638369,37.54460709
서울역공항철도15번출구.국립극단,126.9688468,37.55307791
용산꿈나무종합타운,126.9672403,37.53848693
남산도서관,126.9818462,37.55234367
하얏트호텔,126.9969933,37.54066038
한신아파트,126.9866957,37.53898273
순천향병원,127.0048157,37.5332488
용암경로당입구,126.9869184,37.54059662
한남오거리,127.0066567,37.53309011
가야랑앞,126.9936041,37.54019528
용암한신아파트,126.9874353,37.54207717
효창공원후문,126.9608921,37.54706884
디지텍고등학교앞,126.991626,37.53980318
우리들가정의원,126.987795,37.54323151
도원삼성래미안아파트101동앞,126.9562321,37.53906859
성도약국,126.9895541,37.53945068
남산교회입구,126.9866472,37.54467134
신애교회,126.9584869,37.54551904
시장,126.9885516,37.53892255
해방촌오거리,126.9851475,37.54572995
보광동주민센터,127.0000973,37.52614734
대한노인회중앙회,126.9576287,37.54403681
도원삼성래미안아파트101동앞,126.9562966,37.53902226
신흥교회앞,126.9833868,37.54474572
군인아파트,126.9963177,37.52600406
원효사.백범김구기념관,126.9585663,37.54314017
녹사평역,126.9858713,37.53501104
큰빛의집앞,126.9819982,37.54454818
몬드리안서울이태원,126.9926264,37.52853051
도원삼성래미안아파트,126.9576859,37.53968795
후암동종점,126.9813662,37.54670079
용산구청,126.9914495,37.53031911
용산고등학교,126.9795092,37.5461364
외빈차고,126.9921712,37.53172938
효창공원앞역.이봉창역사울림관,126.9614323,37.53967102
갈월동사회복지회관,126.9740852,37.54539013
청화아파트,126.9951323,37.53141679
동작대로(가상),126.9829602,37.51590858
용산경찰서,126.9698057,37.5410233
숙대역7번출구,126.9722968,37.54347578
보광동삼거리,126.9968251,37.53073299
중앙하이츠빌라,126.9594786,37.53856833
원효우체국,126.9673538,37.53896727
보광초등학교,126.9967764,37.53134303
용문동시장.새마을금고,126.9596343,37.5373483
수미용실,126.9984023,37.5313728
용문동주민센터,126.959119,37.53814739
문배어린이공원,126.9697251,37.53693839
문배어린이공원,126.96959,37.53714312
영동김밥,127.0007739,37.53103579
한강대교(가상),126.9606612,37.52172772
도깨비시장,127.002246,37.53085466
리버힐빌라앞,127.0008837,37.53172603
신용산역,126.9674545,37.52991665
보광교회,126.9991865,37.532273
용산우체국,126.9703154,37.53137629
숙대역5번출구,126.9725115,37.54403813
이슬람사원,126.9979655,37.53298846
삼각지역,126.9732731,37.53450655
갈월동,126.9720931,37.54632411
보광초등학교후문앞,126.995698,37.53309022
반포대교(가상),126.9940056,37.5188785
동자경로당,126.9741955,37.55028671
이태원역앞,126.9957002,37.53418055
녹사평역.용산구청,126.9871838,37.53513958
후암시장,126.9768044,37.55006648
후암동주민센터앞,126.9777058,37.54836448
제일기획,126.9984396,37.53487086
대성교회,126.988452,37.53869997
용산고,126.9789525,37.54590833
성도약국,126.9894308,37.53927766
후암동종점,126.9813595,37.54650165
디지텍고등학교앞,126.9918569,37.53971398
큰빛의집앞,126.9819077,37.54448328
가야랑앞,126.9937523,37.54008896
신흥교회앞,126.9833879,37.54462317
해방촌오거리,126.9853965,37.54570295
남산교회입구,126.9866223,37.54455059
우리들가정의원,126.9876592,37.54324231
용암한신아파트,126.9874137,37.54238805
용암경로당입구,126.9869602,37.54109853
한신아파트,126.9865577,37.53898812
갑을빌딩,126.9720388,37.54909587
리버힐삼성아파트후문,126.9487208,37.53494624
만리시장입구,126.9630413,37.5515678
배문중고등학교,126.9636168,37.55037493
청파초등학교,126.9633755,37.54858348
동부이촌동,126.972673,37.52013925
강촌APT,126.9761942,37.51910004
남산그랜드하얏트호텔,126.9973679,37.53982597
청파초등학교,126.9635057,37.54846998
배문중고교,126.9637289,37.55038127
만리시장입구,126.9631453,37.55177599
청암자이아파트,126.9486032,37.53481193
신동아APT,126.9853624,37.5175986
한남동,127.005237,37.53716
한남동,127.005492,37.535854
신동아APT,126.9853035,37.51792209
강촌APT,126.9773129,37.51890573
동부이촌동,126.9718175,37.52067791
이촌동두산위브트레지움,126.9659919,37.52149367
이촌동두산위브트레지움,126.9675735,37.52152836
이촌현대아파트.금강병원,126.9810408,37.51771874
이촌현대아파트.금강병원,126.978748,37.51850812
한남역,127.0067323,37.53120681
도원삼성래미안아파트단지내,126.9553881,37.5381983
IP부띠끄호텔,126.9984792,37.53488978
IP부띠끄호텔,126.998386,37.53516
한남동주민센터,127.0006053,37.53411538
용산CJ나인파크,126.969553,37.53587066
용산e편한세상,126.9672212,37.5344622
이집트대사관.한남더힐아파트,127.0112747,37.53525687
이집트대사관.한남더힐아파트,127.011431,37.53624088
한남역,127.0077438,37.53058499
한남동,127.0085732,37.53375693
한남동,127.0085657,37.53396315
필리핀대사관,126.9950933,37.54069996
필리핀대사관,126.99516,37.54057021
서울드래곤시티용산,126.961552,37.532097
전쟁기념관,126.9734852,37.53840147
용산역,126.9658972,37.52907676
국립중앙박물관,126.9785496,37.52084762
이태원,126.9904417,37.53433859
남산서울타워,126.9909862,37.55114199
하얏트호텔,126.9972013,37.54089188
답십리역사거리,127.0543962,37.56544961
청년회의소.서울새활용플라자,127.0604823,37.56203536
장한평역,127.0660927,37.56118992
상왕십리역,127.0290749,37.5643358
상왕십리역,127.0286813,37.56469363
왕십리센트라스아파트,127.0248052,37.565213
왕십리교회,127.0236794,37.56663004
뉴타운아파트,127.0269698,37.5648724
청계벽산아파트.텐즈힐아파트,127.0303755,37.56885848
청계벽산아파트.텐즈힐아파트,127.0300384,37.56795982
왕십리도선동주민센터,127.0246447,37.56761644
왕십리2동주민센터,127.0332626,37.56244961
코스모타워.서울신용보증재단성동지점,127.0329029,37.56298226
성동구청,127.0359164,37.56312659
상왕십리역,127.0302446,37.56487166
상왕십리역.센트라스아파트,127.0299768,37.56586011
신금호역4번출구,127.0205311,37.55414281
마장동주민센터,127.0445738,37.5673235
마장역,127.0422829,37.56559873
성동노인복지관,127.0415861,37.56493759
마장축산물시장,127.0380207,37.57095053
마장축산물시장,127.0375114,37.57025901
도선사거리,127.036954,37.56702082
도선사거리,127.0364846,37.56664878
마장동금호아파트,127.041859,37.56307133
마장동금호아파트,127.0415812,37.56215772
한양대부속고등학교,127.0414132,37.5609241
한양대부속고등학교,127.0411546,37.56038812
한양대앞.한양시장,127.0409668,37.5585824
한양대앞,127.0406535,37.55852546
한양대정문,127.0431286,37.55638837
한양대정문앞,127.0431384,37.5569939
무학여고앞,127.0342332,37.557854
무학여고,127.0338673,37.55789531
왕십리역,127.036192,37.55994731
왕십리역,127.0362669,37.56033656
왕십리역,127.0346873,37.56072354
행당1동주민센터.성동소방서,127.038404,37.55826718
서울숲삼부아파트,127.0379493,37.55872308
응봉동주민센터,127.0335008,37.55339896
응봉동주민센터,127.0334387,37.55376121
응봉사거리,127.034458,37.55529188
응봉동현대아파트,127.0305745,37.54973246
응봉동현대아파트,127.0309,37.550222
대현산배수지공원입구,127.0200357,37.556474
신금호역,127.0201176,37.55560517
신금호역,127.0199214,37.55567687
금호고등학교,127.0219551,37.55347807
금호고등학교.금호자이1차아파트입구,127.0229329,37.55310773
금호동벽산아파트,127.0256791,37.5511644
래미안하이리버아파트,127.0254234,37.55145821
금호사거리,127.0260631,37.54887914
금호사거리,127.0259773,37.54946397
금남시장앞.백범학원터,127.0218686,37.54808522
금남시장앞.백범학원터,127.0224878,37.54828876
금호역,127.016267,37.54772837
금호역,127.0154795,37.54854771
금옥초등학교앞,127.0198923,37.54696731
금옥초등학교앞,127.0182356,37.5462572
힐스테이트서울숲리버아파트,127.0270576,37.54788771
삼성래미안아파트앞,127.0275127,37.54834987
옥수삼성아파트.래미안옥수리버젠,127.0148476,37.54362049
옥수삼성아파트.래미안옥수리버젠,127.0146552,37.54380343
미타사입구,127.0168373,37.54485562
래미안옥수리버젠.옥수중앙교회,127.0148446,37.54591558
래미안옥수리버젠.옥수중앙교회,127.014698,37.545782
옥수파크힐스아파트앞,127.0130389,37.54711609
옥수파크힐스아파트앞,127.013016,37.54702043
옥수동종점,127.0125833,37.54933748
옥정중학교입구,127.0113027,37.54090407
옥정중학교입구,127.0109995,37.54087707
성수1가1동새마을금고,127.0495477,37.53822046
성수1가새마을금고,127.0495105,37.5383307
천주교성수동성당앞,127.0461394,37.53937047
천주교성수동성당앞,127.046074,37.53930553
뚝도아리수정수센터수도박물관,127.0442026,37.54097724
뚝도아리수정수센터수도박물관,127.04399,37.541407
서울숲역2번출구,127.0447086,37.54293173
서울숲역3번출구,127.0444981,37.54306294
성동구민종합체육센터,127.0448961,37.54607197
성동구민종합체육센터,127.044534,37.54649799
성수공고앞,127.050315,37.53997243
성수공고앞,127.0507596,37.54003883
경일초등학교입구,127.0463724,37.54108002
경일초등학교입구,127.0460161,37.54137975
성동교남단,127.0444566,37.54951636
성동교남단,127.0439628,37.55050752
상원,127.0460506,37.55143713
상원,127.0466619,37.55174774
영동대교북단,127.0607393,37.53694242
경수중학교,127.0624289,37.53976026
성수119안전센터,127.0601321,37.53734169
성수119안전센터,127.059997,37.537532
경수중학교,127.0570118,37.53816503
경수중학교,127.0572982,37.53828654
뚝도시장,127.0553996,37.53858661
뚝도시장,127.0552588,37.53885073
성원중성수동이마트앞,127.0534265,37.53909394
성원중성수동이마트앞,127.052845,37.539511
서울숲지구대앞,127.0523417,37.53786772
서울숲지구대앞,127.0522589,37.53805092
뚝도시장구길,127.05527,37.537192
뚝도시장구길,127.0549268,37.53755207
성수동진주타운,127.0574889,37.53661744
성수동진주타운,127.0574923,37.53675909
영동대교,127.059982,37.536356
영동대교,127.0600657,37.53643821
화양사거리,127.0666629,37.54727767
성수사거리.성수초등학교,127.0641613,37.54282189
서울효사랑병원,127.0632745,37.54126364
성수2가3동주민센터,127.0553884,37.54962437
제인병원,127.0568367,37.54935113
성동세무서앞,127.0621854,37.54799468
성동세무서,127.0643373,37.54823913
송정동서울숲아이파크,127.0692473,37.55182548
송정동건영아파트,127.07115,37.555205
군자교남단,127.0724415,37.55753716
신답역,127.0475026,37.57021108
용답동.로데오거리.답십리역,127.0539458,37.56570333
서울교통공사.서울새활용플라자,127.0569134,37.5620495
뚝섬서울숲,127.0366012,37.54461804
뚝섬서울숲,127.0363946,37.54567186
사근동하이츠아파트앞,127.048606,37.56119842
사근동하이츠아파트앞,127.0486882,37.56130618
사근동주민센터,127.0456489,37.56081442
사근동주민센터,127.0457112,37.56093153
사근고개,127.0445909,37.56116171
사근고개,127.0445102,37.56125556
한양지구대,127.0420211,37.56021435
한양지구대,127.0419242,37.56024458
사근동벽산아파트,127.0499269,37.5601892
뚝섬역8번출구,127.0455095,37.54769283
뚝섬역2번출구,127.046846,37.547575
뚝섬역5번출구,127.0492754,37.54648034
뚝섬역4번출구,127.0492756,37.54680019
성수역1번출구,127.0538294,37.54541968
SK테크노빌딩앞,127.050228,37.545888
SK테크노빌딩앞,127.0500259,37.54576985
경동초등학교입구,127.0494809,37.54377243
경동초등학교입구,127.0492129,37.5433913
경일초등학교앞,127.0482363,37.54076843
경일초등학교앞,127.0481685,37.54091938
한양여대앞,127.0503,37.55951
도선고등학교.꽃재교회,127.0277828,37.56709321
성수역4번출구,127.0545807,37.54478786
리버하우스,127.0510061,37.55090026
리버하우스,127.0506905,37.5512302
성수사거리,127.062352,37.542562
성수사거리,127.0623621,37.54279808
성동제일새마을금고,127.0471033,37.5608116
성동제일새마을금고,127.0473013,37.56088413
청계9가.텐즈힐2단지 정문앞,127.0255654,37.57074945
뚝섬서울숲,127.0375619,37.54345278
서울숲1번출입구,127.0426959,37.54222306
서울숲1번출입구,127.0429744,37.54197811
용답휴식공원,127.0480538,37.56931211
용답휴식공원,127.0479373,37.56955418
성수2가3동주민센터,127.0542376,37.55042513
극동그린아파트앞,127.0113917,37.54200084
마장역,127.0430338,37.56634697
행당신동아.행당푸르지오아파트,127.0340193,37.55614084
숭신초등학교,127.0281959,37.56716762
극동아파트,127.0239338,37.55809745
풍림아파트,127.0239062,37.55914272
벽산아파트,127.0256886,37.55560229
대림아파트,127.024926,37.55657383
행당역,127.0290983,37.5570009
행당역,127.0287644,37.55707937
무학여고,127.0330163,37.55839115
극동그린아파트,127.011905,37.54206463
성수동차고지,127.055682,37.535793
제민약국,127.0585185,37.53659215
왕십리자이.신당현대아파트,127.02363,37.560847
왕십리자이.신당현대아파트,127.0241021,37.5611519
제민약국,127.058488,37.536507
우리은행화양동지점,127.0661377,37.54811642
황학교.텐즈힐몰,127.0236037,37.57005175
마장동주민센터,127.0446425,37.56706321
왕십리광장.왕십리역7번출구,127.0368888,37.56112833
왕십리광장.왕십리역4번출구,127.0371334,37.56136444
한양대동문앞,127.049676,37.55564329
왕십리도선동주민센터,127.0244127,37.56781696
한양여대앞,127.0506193,37.55922439
행당중학교,127.0430247,37.55378087
살곶이체육공원앞,127.0510192,37.55635904
송정동현대아이파크아파트,127.0686201,37.55218712
극동아파트5동,127.011079,37.54315954
대우아파트관리실,127.0199839,37.54621412
신금호역,127.0204908,37.55459318
옥수역,127.0168166,37.54148275
송정동자치회관,127.0687628,37.55088549
대우아파트후문,127.0216589,37.54693907
금호1가동주민센터,127.0221955,37.55512902
왕십리민자역사,127.0378535,37.56184269
무쇠막,127.0246948,37.54527775
송정어린이집,127.0677474,37.54900258
대경생활과학고등학교,127.017537,37.55597143
금북초등학교.e편한세상금호105동,127.0237361,37.55553782
무학여고,127.0339124,37.55749161
힐스테이트서울숲리버,127.0253856,37.54674459
성수SKV1센터1동,127.0655812,37.54581693
극동아파트상가,127.0121009,37.54291975
금호4가동주민센터.대도빌딩,127.0225635,37.54805265
화단삼거리,127.0198767,37.54841742
금호어린이집,127.0186202,37.5567335
논골.금호벽산아파트.성동공유센터,127.0253044,37.55553949
행당서울숲푸르지오상가앞,127.0338927,37.55561737
법학학술정보관,127.048575,37.55704033
성수이비즈센터,127.0630584,37.5465774
한남하이츠아파트,127.0115923,37.54005431
금호사거리,127.0252691,37.54800159
금호산입구,127.0195737,37.55672209
한진아파트후문,127.0269971,37.5560183
신동아아파트후문,127.0326937,37.55489468
올림픽체육관맞은편,127.0492908,37.55693416
경수중학교입구,127.0600883,37.54351104
제일감리교회,127.0269037,37.54786612
신금호역,127.0196369,37.55438062
제3법학관,127.0486368,37.55623391
행당서울숲푸르지오109동앞,127.0317164,37.55445344
벽산아파트정문,127.0252792,37.5526575
성수역2번출구,127.0576391,37.5442691
옥수종합사회복지관,127.0128519,37.54088049
응봉동현대아파트,127.0307682,37.54980253
행당2동주민센터,127.0306538,37.5577376
응봉경로당앞,127.0316422,37.55262793
금호119안전센터,127.0247308,37.55418706
경동초등학교입구,127.0511563,37.54589389
옥수삼성아파트,127.0139485,37.54063526
현대공업사앞,127.0325678,37.54995073
두산상가후문.106동,127.0167387,37.5491854
중앙병원,127.0193176,37.55196128
무학중학교.무학여고,127.0331283,37.55821
만물상회앞,127.0312234,37.55282727
논골사거리,127.0248124,37.55531503
응봉초등학교.대림아파트,127.0334307,37.55106784
한신아파트,127.0192957,37.55075381
올림픽체육관앞,127.0496304,37.55701511
상봉노인정앞,127.0302832,37.55287394
논골신협.대림아파트후문,127.0245744,37.55770298
옥수삼성아파트,127.0143208,37.54075326
응봉역.광희중,127.0344339,37.55204254
우리은행.백범학원터,127.0211726,37.54800691
금호공원,127.019575,37.54967696
대현산체육관입구,127.0298542,37.5530799
한양대학교경영대학,127.0485298,37.5570854
지하철2호선성수역,127.0546618,37.54477028
옥수종합사회복지관,127.0132276,37.54088675
대우아파트입구,127.0191632,37.54598344
원형화단,127.0194898,37.54859296
성동구청,127.0364064,37.56413555
금봉어린이집.또또와마트,127.0288091,37.55290619
한양대병원후문,127.0419652,37.56000511
경수중학교입구,127.0596206,37.54336298
옥정중학교,127.0113322,37.54133299
응봉사거리,127.0345427,37.55486744
천은교회.성동청소년상담복지센터,127.0267907,37.55469568
극동아파트상가,127.0123679,37.54291161
무학여고,127.0342554,37.55771859
한전입구,127.0351185,37.5662652
논골입구.성동공유센터,127.0255716,37.55554964
극동아파트7동,127.012754,37.54361893
성동보건소,127.0331863,37.56649464
행당역.대림아파트정문,127.0286716,37.55704966
청계벽산아파트,127.0303705,37.56826244
논골.e편한세상금호114동,127.0246041,37.55519162
코스모타워,127.0332904,37.56279399
화단앞,127.019654,37.54862447
성동사회복지관.청계천박물관,127.0334778,37.57030347
금호119안전센터,127.0245724,37.55426368
왕약국,127.0655473,37.54834119
상왕십리역,127.0302514,37.5647437
금호공원,127.0197742,37.5496508
성동구도시관리공단.서울시시설관리공단,127.0368612,37.57182891
e편한세상금호117동,127.0246822,37.55265763
왕십리자이.신당현대아파트,127.0236902,37.56084707
중앙슈퍼,127.0665318,37.54951566
한신아파트,127.0194078,37.5507583
금호고등학교,127.023553,37.55309839
극동.풍림아파트,127.023641,37.55904489
GS25,127.0671618,37.55030467
중앙병원앞,127.0194715,37.55212796
도선동사거리,127.0365327,37.56676758
논골신협.대림아파트후문,127.0245189,37.55751195
송정동자치회관입구,127.0678257,37.5511351
성동구청,127.036041,37.56335405
논골사거리,127.0247742,37.55612602
신금호역,127.0197856,37.55433559
성동중앙교회.벽산아파트정문,127.0248775,37.55300672
무학중학교.무학여고,127.0332891,37.55842262
천은교회.성동청소년상담복지센터,127.0266661,37.55459194
금호어린이집,127.0182315,37.556743
행당2동주민센터,127.0304206,37.55782957
금봉어린이집.또또와마트,127.0287944,37.55264238
대경생활과학고등학교,127.0175178,37.55606875
대현산체육관입구,127.0297135,37.55296294
GS주유소,127.0251254,37.54681133
대림아파트후문,127.0269327,37.5561715
상봉노인정앞,127.0302182,37.55267311
서울숲푸르지오아파트정문,127.0243938,37.54525619
대림상가,127.0344662,37.55387828
충북상회,127.0310094,37.5527923
서울숲푸르지오아파트후문,127.0228036,37.5435444
무학여고,127.0338768,37.5581244
무학여고,127.0342446,37.55809952
응봉사거리,127.0340902,37.5553019
응봉사거리,127.0344919,37.55508011
응봉역.광희중,127.0344034,37.55220114
응봉경로당앞,127.031694,37.55238843
금호초등학교,127.0194943,37.55268843
응봉초등학교.대림아파트,127.033168,37.5508021
행당서울숲푸르지오109동앞,127.0318012,37.55438612
현대공업사앞,127.0324417,37.55010593
신동아아파트후문,127.0328358,37.55468771
신동아아파트,127.0300982,37.54976756
행당서울숲푸르지오상가앞,127.0340187,37.55557299
삼성래미안아파트,127.0275591,37.54837509
금호사거리,127.0250613,37.5481765
금남시장앞.백범학원터,127.021648,37.54827449
왕십리광장.왕십리역7번출구,127.0365163,37.56104655
두산상가후문.106동,127.0166851,37.54933842
극동아파트7동,127.0126657,37.54372076
두산아파트113동,127.0160758,37.5505885
두산아파트109동,127.0166307,37.54988947
극동아파트4동,127.0115883,37.54353164
극동아파트4동,127.0116845,37.5435055
두산아파트109동,127.016797,37.54991499
두산아파트115동,127.0159607,37.55105588
금호역,127.0169909,37.54854922
금호역.두산상가경비실,127.0166208,37.54861301
금호역,127.0164273,37.54842402
금호역.3호선,127.0166253,37.54829423
화단삼거리,127.0196278,37.54821898
두산아파트113동,127.0162396,37.55078794
벽산아파트501동앞,127.0254385,37.5548867
벽산아파트505동앞,127.0262518,37.55440101
벽산아파트111동앞,127.0267898,37.55306308
벽산아파트206동앞,127.0272674,37.55215254
벽산아파트202동앞,127.0273469,37.55149025
벽산하이피아상가앞,127.0256433,37.55219616
우리은행.백범학원터,127.0211246,37.54826595
행당푸르지오아파트,127.0340035,37.55623906
왕십리역,127.0369827,37.56105361
옥정중학교,127.0113005,37.54124739
옥정중학교,127.0109935,37.54097445
옥수삼성아파트,127.0148091,37.54360878
옥수삼성아파트,127.0146145,37.54379082
금옥초등학교.금호대우아파트,127.0189291,37.54647457
금옥초등학교.금호대우아파트,127.0186519,37.54658996
금호사거리,127.0241853,37.54797844
금호사거리,127.0250025,37.54817651
금호삼성래미안,127.0269818,37.54787691
금호삼성래미안,127.0275354,37.54836158
응봉현대아파트,127.0307014,37.5497629
응봉현대아파트,127.0309019,37.55013049
응봉주민센터,127.0335212,37.55344401
응봉주민센터,127.0336018,37.55399906
래미안옥수리버젠아파트상가,127.015727,37.54437279
옥수동주민센터.옥수동성당,127.0140192,37.54360617
국민은행,127.0122219,37.54269716
국민은행,127.0127561,37.5427782
옥수동주민센터.옥수동성당,127.0136717,37.54323766
삼성아파트정문,127.0152935,37.54382678
성동노인종합복지관,127.0414403,37.56520977
중앙하이츠아파트,127.0389001,37.56525269
민자역사후문,127.0383643,37.56354928
금호1가동주민센터,127.0208123,37.55472829
금호정형외과,127.0204579,37.55408677
금호고등학교앞,127.0233929,37.55297995
벽산하이피아상가,127.0260018,37.55196713
벽산노인정,127.0268505,37.55105871
벽산아파트107동,127.0274313,37.55168754
벽산아파트109동,127.0274448,37.55261144
벽산아파트505동,127.0263706,37.55432168
벽산아파트501동,127.0255888,37.5550079
광희중학교.응봉역,127.0350585,37.55191103
한신아파트후문,127.037073,37.5537403
한신아파트정문,127.0353825,37.55483475
민자역사후문,127.0386951,37.56308291
중앙하이츠아파트,127.0384487,37.5650543
삼성래미안아파트,127.0402756,37.56549402
금북초등학교입구,127.0236162,37.55565589
대현산배수지공원앞,127.0220575,37.55517771
선영약국,127.0306172,37.56677218
텐즈힐아파트101동.115동,127.0292796,37.56698243
숭신초등학교.도선고등학교앞,127.0271676,37.56732969
왕십리도선동주민센터,127.0259157,37.56770843
텐즈힐아파트120동.213동앞,127.0260063,37.56912306
왕십리중앙교회,127.0267072,37.57000156
청계현대아파트,127.0430257,37.57016549
청계장원아파트,127.0447486,37.56932918
마장2교사거리,127.0454637,37.56797516
마장2교사거리,127.0456033,37.56818275
청계장원아파트,127.0448455,37.56934274
옥수교회,127.016009,37.54523715
텐즈힐아파트107동앞,127.0285145,37.56956858
응봉동현대아파트,127.030938,37.54986196
논골.대림아파트107동.금호동벽산아파트,127.0249544,37.5558964
옥수역5.6번출구,127.0169984,37.54185375
서울숲푸르지오아파트,127.0237433,37.5450151
언더스탠드에비뉴,127.042776,37.543572
성동구민체육센터,127.044474,37.545138
경일중고등학교,127.049131,37.542316
이마트.서울숲힐스테이트아파트,127.052284,37.540121
서울숲코오롱디지털타워2차,127.05399,37.541411
서울경찰청제6기동단,127.054739,37.540076
한라시그마밸리앞,127.05532,37.539647
성수역3번출구,127.057061,37.543842
서울숲코오롱디지털타워2차,127.053848,37.541461
이마트.서울숲힐스테이트아파트,127.05257,37.540528
현대그린아파트,127.049622,37.540523
성수역3번출구,127.0566907,37.54355983
경일중고등학교,127.04921,37.542503
한라시그마밸리,127.0551786,37.53990607
서울경찰청제6기동단,127.0547712,37.54022816
서울숲역,127.045146,37.543869
성동구민종합체육센터,127.044515,37.54527
서울숲2번출입구,127.04255,37.543527
서울숲9번출입구,127.0375591,37.54363749
옥수역4번출구,127.0176125,37.54181185
성수대교북단교차로,127.035517,37.54429585
마장역,127.0426522,37.56611408
마장역,127.0423948,37.56564741
옥정초등학교,127.0154196,37.54088924
e편한세상금호109동,127.0218758,37.55348259
왕십리자이아파트107동,127.0259693,37.55971284
왕십리KCC스위첸아파트,127.0268267,37.5603742
금호베스트빌아파트노인정앞,127.0250695,37.56187332
풍림아이원아파트후문,127.02685,37.56019425
응봉역.광희중학교,127.0352979,37.55187861
대림강변타운아파트A상가,127.0357172,37.55479017
리버그린동아아파트정문,127.0375237,37.55349324
서울숲리버뷰자이아파트제2주차장,127.0394073,37.55616527
서울숲리버뷰자이아파트제2주차장,127.0392798,37.55572157
서울숲리버뷰자이아파트제1주차장,127.038889,37.55419708
왕십리로교차로,127.0389354,37.55771977
왕십리로교차로,127.0391339,37.55776761
리버그린동아아파트,127.0382721,37.55334439
서울숲리버뷰자이아파트제1주차장,127.0392367,37.55450974
왕십리역6-1번출구,127.037913,37.56079238
행당동서울숲더샵,127.0397223,37.55780723
행당동서울숲더샵,127.0399091,37.55800088
서울숲공원,127.0425737,37.5420906
성수역수제화거리,127.0546184,37.54515802
한양대역,127.0432471,37.55686515
한양대학교병원본관1층,127.0438016,37.55945987
한양대학교병원본관1층,127.0435712,37.55945161
한양대학교병원응급실,127.0445986,37.55981246
한양대학교류마티스병원동관,127.0446524,37.55997012
한양대학교백남학술정보관,127.0446277,37.55899635
한양종합기술연구원.생활과학대학,127.0449123,37.55906038
한양대학교생활과학대학,127.0465029,37.55680349
한양대학교제2의학관,127.042131,37.55933134
한양대학교정문,127.0421228,37.55777611
군자교입구,127.0756461,37.55874099
군자교입구,127.0749003,37.55879373
군자역.용마초등학교,127.0824731,37.55609891
군자역.용마초등학교,127.0815564,37.55626982
중곡동입구삼거리,127.0865505,37.55449655
어린이대공원후문아차산역,127.0901492,37.55120847
어린이대공원후문아차산역,127.0892142,37.5527549
중곡동입구삼거리,127.085229,37.554926
새밭교회,127.0931845,37.54898341
새밭교회,127.0926145,37.54895793
광나루역,127.1026491,37.54574097
광나루역,127.10376,37.54515886
군자교,127.075203,37.56153286
군자교,127.0752287,37.56238618
메리놀외방선교회,127.077335,37.55895087
메리놀외방선교회,127.0776319,37.55908662
중곡1동주민센터입구,127.0783835,37.56052242
중곡1동주민센터입구,127.0784037,37.5608783
중곡1동사거리,127.0794725,37.56245368
중곡1동사거리,127.0792818,37.56248135
중마초등학교.중곡제일골목시장앞,127.0808444,37.56498069
용마사거리,127.0818721,37.56229075
중곡2동주민센터앞,127.0808553,37.55988373
중곡2동주민센터앞,127.0811552,37.55984027
중곡동성당앞,127.0829363,37.56316824
종합의료복합단지,127.0833601,37.56388824
중곡동종점,127.0870619,37.56207257
중곡보건지소,127.0869846,37.55991949
신성시장앞,127.0876755,37.55831636
중곡우체국앞,127.0838853,37.56157731
면곡시장,127.0797293,37.56974605
면곡시장,127.0794405,37.57002722
중곡아파트,127.0778997,37.56640123
중곡아파트,127.077177,37.56579555
중마초등학교.중곡제일골목시장앞,127.0808531,37.56523071
중곡역입구,127.081615,37.56634043
중곡역입구,127.0816482,37.56665978
중곡3동주민센터앞,127.0827951,37.56853602
중곡3동주민센터앞,127.0826419,37.56849153
면곡시장앞,127.0832844,37.57079492
면곡시장앞,127.0834488,37.57108313
용암사입구,127.0860566,37.56791599
용곡삼거리,127.0855902,37.56793345
중곡역.국립정신건강센터,127.0845455,37.56604642
대원고교앞,127.0867086,37.56396603
용암사입구,127.0863735,37.567868
대원고교앞,127.0869681,37.56419922
중곡동종점,127.0873094,37.56269505
신성시장,127.0879298,37.55831895
중곡동입구,127.088669,37.55419672
어린이대공원앞,127.0770315,37.55204586
능동사거리.군자역,127.0786347,37.55517668
구의사거리.광진소방서앞,127.0839777,37.54524958
어린이회관,127.079201,37.545612
구의사거리.광진소방서앞,127.0843024,37.54499866
광진경찰서,127.0836883,37.54153366
광진경찰서,127.0846474,37.54308737
광진경찰서,127.0842427,37.54221011
광진구청,127.0834074,37.53896485
구의역2번출구,127.0879773,37.53770269
래미안구의파크스위트,127.0890122,37.54471589
구의2동주민센터입구,127.0897847,37.54925157
구의2동주민센터입구,127.0895859,37.54864168
구의사거리,127.085747,37.54565109
구의사거리,127.0863481,37.54581736
래미안구의파크스위트,127.0890507,37.54496382
현대아파트앞,127.0940087,37.5395525
현대아파트앞,127.0941743,37.53964377
광진우체국,127.090409,37.537998
강변역A,127.0937169,37.5361137
테크노마트앞.강변역,127.093755,37.53686451
현대2단지,127.0965425,37.53785337
올림픽대교북단사거리,127.09321,37.5433927
올림픽대교북단사거리,127.0936876,37.54338872
광장동현대아파트앞,127.0977641,37.54190911
광장동현대아파트앞,127.0989722,37.54207254
광나루역.극동아파트,127.1029629,37.5435355
광나루역.극동아파트,127.1033203,37.54424248
어린이대공원역2번출구,127.075378,37.546984
워커힐아파트.광장동,127.106715,37.54789576
워커힐아파트앞,127.1090264,37.55049601
워커힐입구,127.1087232,37.55061343
광진구청,127.0831892,37.53876278
자양사거리,127.0824321,37.53693378
자양사거리,127.0821045,37.5367503
자양초등학교앞,127.0784674,37.53794785
자양초등학교앞,127.0792651,37.53742286
건국대학교앞,127.0750483,37.53874521
자양미소약국.자양골목시장,127.077319,37.53275
국민은행자양지점앞,127.0814131,37.53157273
자양하늘채베르아파트앞,127.084608,37.53219224
자양동잠실대교북단,127.0848057,37.53295532
신자초등학교앞,127.0749155,37.53044032
자양미소약국.자양골목시장,127.0768713,37.53270034
국민은행자양지점앞,127.0807387,37.53153084
동서울우편집중국앞,127.0843377,37.53505211
자양하늘채베르아파트앞,127.0846733,37.53197322
자양동잠실대교북단,127.0858514,37.53212015
자양2동주민센터,127.08517,37.527949
구립행복마루어린이집,127.082213,37.527743
자양한강도서관,127.078333,37.528429
구의역3번출구,127.0882894,37.53751863
국민은행신자양지점,127.0668747,37.53557191
신양초등학교앞,127.0692877,37.53491182
신양초등학교앞,127.0689474,37.53523371
뚝도변전소앞,127.0689076,37.536091
광진문화예술회관,127.0701692,37.53856525
건국대학교앞,127.0748754,37.53844611
신자초등학교앞,127.074922,37.530768
자양우성아파트앞,127.0734113,37.53379524
자양우성아파트앞,127.0734067,37.53394696
자양고교앞,127.0711714,37.53457909
자양고교앞,127.0713601,37.53431586
대동아파트앞,127.068967,37.536419
국민은행신자양지점,127.0672016,37.53572933
노룬산시장,127.0626913,37.53950299
건대입구역6번출구,127.0672789,37.54082688
건대로데오거리입구,127.070158,37.539081
노룬산시장앞,127.0629447,37.53680587
영동대교북단,127.0611888,37.53671469
노룬산시장앞,127.0628993,37.53660675
신양초등학교앞,127.0679167,37.53380284
자양4동주민센터앞,127.067497,37.533632
성수사거리,127.0647766,37.54315851
화양사거리,127.0670886,37.54723184
광진광장,127.0715209,37.54771517
어린이대공원역.화양천주교회,127.0736285,37.54662164
한아름공원,127.072222,37.543765
건대입구역사거리.건대병원,127.093185,37.548983
건대입구역1번출구,127.0681673,37.54089575
어린이대공원역3번출구,127.0751469,37.54680458
건대입구역사거리.건대병원,127.0712485,37.54081986
어린이회관,127.0795953,37.54527222
어린이대공원역.화양천주교회,127.0735882,37.54590439
송정동서울숲아이파크,127.0695975,37.55170446
송정동건영아파트,127.0712986,37.55475377
군자교남단,127.0727879,37.55741097
KEB.하나은행.군자동.지점,127.0767091,37.55770855
KEB.하나은행.군자동.지점,127.0765591,37.55715628
능동우편취급국,127.0760329,37.55616091
군자삼거리,127.0752869,37.55497555
군자삼거리,127.0753228,37.55464662
세종초등학교.세종사이버대학교앞,127.0733967,37.55352488
세종초교앞,127.0743618,37.55386665
군자새마을금고.성동광진위센터,127.0713225,37.55185121
군자새마을금고앞,127.0710878,37.55135665
장안초등학교,127.0707548,37.54869231
장안초등학교,127.0704836,37.54858017
화양사거리,127.0686842,37.5483289
광진광장,127.0715411,37.54800515
어린이대공원앞.세종대학교,127.07544,37.549752
능동교회앞,127.0769927,37.55287399
능동사거리.군자역,127.07882,37.556322
아차산역삼거리,127.086786,37.55458123
용마초등학교,127.0817237,37.55654226
어린이대공원후문,127.0905076,37.55086668
서울화양동우체국,127.0687744,37.54811041
중곡동입구,127.0882622,37.55479896
제일은행사거리,127.0747506,37.53355053
동곡삼거리,127.0779539,37.56367394
건대병원입구,127.0714728,37.54210848
광진청소년수련관,127.1053745,37.54595149
강변역B,127.0937384,37.53605415
테크노마트앞.강변역,127.0938031,37.53690502
중곡동성당,127.0824011,37.56276542
종합의료복합단지,127.0833027,37.56437307
중곡역.국립정신건강센터,127.084325,37.5662295
용곡삼거리,127.0855998,37.5685783
구의3동주민센터,127.0925471,37.53906841
구의3동주민센터,127.0921001,37.53904849
광진구민체육센터,127.1078575,37.54690811
광나루우편취급국,127.1063093,37.54740233
건대입구(가상),127.0709898,37.54019114
중곡4동경로당입구앞,127.0939631,37.55913062
중곡아파트.종점,127.0779156,37.56637898
긴고랑종점,127.0960429,37.56219447
정보도서관,127.1104622,37.55024867
강원설비앞,127.0901359,37.55900294
강원설비앞,127.0899354,37.55884901
중앙상회앞,127.0947975,37.560159
한강호텔입구,127.1094523,37.54845463
중곡4동경로당입구앞,127.0942812,37.55919254
중곡아파트.기점,127.0781638,37.56687684
구.새마을금고앞,127.0871709,37.56144173
CU중곡긴고랑점앞,127.0930312,37.558916
광나루현대아파트,127.107587,37.54672174
긴고랑주차장,127.0956309,37.56096064
신성시장입구,127.0880097,37.55852697
중곡4동어린이집입구,127.0917044,37.55868455
신동아아파트,127.1053289,37.54635129
마을금고.브레드제과점,127.0892469,37.55763396
긴고랑입구,127.0886688,37.558877
우리들약국,127.0902851,37.55690148
광남고.삼성아파트,127.1014183,37.54194779
해오름공원입구,127.0911231,37.55630792
현대3차아파트,127.0996487,37.54046519
기업은행.용마사거리,127.0814331,37.56244604
기원정사입구,127.0931372,37.55488262
송림식당앞,127.07663,37.53682211
중곡우체국앞,127.0840578,37.56116374
영화사입구,127.0941176,37.55422855
군자역,127.0800823,37.55787481
강변역.테크노마트앞,127.094859,37.53639347
자양중학교앞,127.0759964,37.53469053
성안약국,127.0932969,37.55321006
지영슈퍼,127.0921939,37.55181874
구의역,127.0892373,37.53823879
국민은행자양지점,127.0792388,37.53198601
아차산역사거리,127.0913081,37.55072155
중곡보건지소,127.0870747,37.55953058
썬더치킨앞,127.0900165,37.54155063
영동대교입구.성수사거리,127.0645259,37.54282551
선화예고앞,127.0900588,37.54948475
긴고랑입구,127.0886687,37.55873643
구의홈마트앞,127.089723,37.54029022
화양동현대아파트,127.0652402,37.54398276
성자초등학교앞,127.0822557,37.53130001
한국켄트외국인학교,127.0880988,37.54772999
중곡4동어린이집입구,127.0916679,37.55851698
래미안구의파크스위트사거리,127.0906,37.54404893
성수대우프레시아1차아파트,127.0659848,37.54529434
CU중곡긴고랑점앞,127.0930028,37.55875923
화양사거리SKV1센터,127.0664105,37.54625796
행운슈퍼앞,127.0870099,37.53295012
중앙상회앞,127.0949721,37.56015779
한창주택,127.0891357,37.53361444
광장중학교앞,127.1024015,37.54679033
구의아크로리버앞,127.0921363,37.53529269
구의역4번출구,127.0848371,37.53665431
장신대앞,127.1052274,37.54753936
강변역A,127.093833,37.535988
워커힐아파트입구,127.1065941,37.54788634
동서울호텔앞,127.092049,37.5345921
워커힐아파트,127.1075883,37.55000352
한창주택,127.0891188,37.53371538
행운슈퍼앞,127.0870462,37.53306994
워커힐아파트입구,127.1065164,37.54807986
구의역1번출구,127.0847883,37.53692986
장신대앞,127.1051324,37.54763045
성자초등학교앞,127.0825683,37.53151966
광장중학교앞,127.1024889,37.54694794
광진경찰서앞,127.0843546,37.54234688
한전삼거리,127.0979657,37.54544335
자양동,127.0676371,37.5356142
자양동,127.066848,37.53563492
국민은행자양지점,127.07903,37.53227793
청구아파트앞,127.0967938,37.5423896
광장자이아파트,127.0949239,37.54225284
서울서광교회앞,127.088351,37.54758473
자양중학교앞,127.0762758,37.53463538
래미안구의파크스위트사거리,127.0904643,37.54413013
자양1파출소앞,127.0769071,37.53676516
면곡시장,127.081375,37.57146241
동곡삼거리,127.0782625,37.56380213
광진구의회,127.0701166,37.53919695
광진구의회,127.0700807,37.53833605
건대입구역,127.072093,37.54338045
건대입구역,127.0719007,37.54228033
세종대학교,127.0755659,37.54986166
세종대학교,127.076031,37.54985505
군자역,127.0788605,37.5563636
군자역,127.0786411,37.55521313
지영슈퍼,127.0923105,37.55177449
세븐일레븐구의중앙로점앞,127.0898705,37.54156336
성안약국,127.0933919,37.5531415
구의홈마트앞,127.0895646,37.54031918
종로약국앞,127.0881059,37.55758796
영화사입구,127.0941503,37.55408344
구의역,127.0890926,37.53827585
기원정사입구,127.0930356,37.55517376
테크노마트.광진문화원,127.0961012,37.53702053
해오름공원입구,127.0913642,37.55633026
프라임아파트앞,127.0970324,37.53783797
용마사거리,127.0812432,37.56275704
우리들약국,127.090369,37.55704379
현대3.5차아파트,127.1003519,37.54077907
마을금고앞,127.089393,37.55773117
광남고.삼성아파트,127.1017493,37.54234308
자양종합복지관앞,127.0754295,37.53246499
신성시장입구,127.088063,37.5586702
대순진리회앞.구.새마을금고,127.0875677,37.56095484
대원외고앞,127.0871413,37.56324484
광나루현대아파트,127.1077533,37.54669365
중곡4동파출소,127.0867703,37.56541945
한강호텔입구,127.1093151,37.54827454
워커힐팰리스,127.1096719,37.55001332
워커힐호텔비스타워커힐,127.1102655,37.5542416
아차산역사거리,127.0914351,37.55067193
중곡119안전센터,127.0862442,37.56675676
구의3동주민센터,127.0916151,37.53801046
뚝섬유원지,127.0668304,37.53118236
건국대입구,127.0675636,37.54111501
광장자이아파트,127.0949109,37.54216725
한전삼거리,127.0980186,37.54524056
청구아파트앞,127.0961816,37.54326056
용마사거리,127.0822105,37.56185329
강변역.테크노마트앞,127.0947896,37.53634111
답십리역사거리,127.0550605,37.56518709
청년회의소,127.0612838,37.56196532
장한평역,127.067287,37.56115106
신답초등학교.청계한신휴플러스,127.044292,37.571753
신답초등학교.청계한신휴플러스,127.0447281,37.57175591
동대문구청,127.0383272,37.57409545
서울시동부병원,127.0309536,37.57392925
신설동역.서울풍물시장,127.0257177,37.57442791
중랑교,127.067704,37.59169961
중랑교,127.0668384,37.59142462
삼육서울병원,127.0606859,37.58969128
삼육서울병원,127.0619514,37.58999245
시조사삼거리,127.056888,37.588707
떡전교사거리.동대문노인복지관,127.0520112,37.58644391
청량리역환승센타,127.0454307,37.58040251
청량리역환승센타,127.0460771,37.58025088
동대문구청,127.0399889,37.57345887
청량리역환승센터,127.0457513,37.58022407
청량리역환승센터,127.0457231,37.58030292
청량리역환승센터,127.0453667,37.58071526
청량리미주아파트.동대문세무서,127.048395,37.58278
청량리.청과물도매시장,127.0406051,37.57879112
제기동역.서울약령시,127.0377802,37.57814334
제기동역.서울약령시,127.0365751,37.57821362
용두동사거리,127.0299882,37.57753206
용두동사거리.한국의류시험연구원,127.0282789,37.57715265
신설동역,127.0250446,37.57615004
신설동역,127.0238433,37.5758268
신설동역,127.0255837,37.57645359
신설동역,127.025947,37.57624536
용두동한국의류시험연구원,127.0291142,37.57751877
용두로타리한국의류시험연구원,127.029482,37.57725646
제기역약령시장,127.0366096,37.57829702
제기역약령시장,127.0368349,37.57805354
신설동역1번출구,127.0233167,37.57663033
청량리미주상가앞,127.047678,37.58189023
서울성심병원,127.0502443,37.58439239
서울성심병원,127.0508977,37.58460747
시조사,127.0522796,37.58684878
휘경동입구,127.0552071,37.58766448
삼육서울병원,127.0606123,37.58976565
중랑교,127.0664307,37.59114436
회기시장,127.0566389,37.59120263
회기시장,127.056588,37.59080604
경희중고,127.0577445,37.59292281
경희중고,127.0583347,37.59334729
외대앞,127.0596059,37.59562821
외대앞,127.0597678,37.59548126
이문동우체국,127.061746,37.59938825
이문동교회,127.0621071,37.60025692
의릉입구,127.061963,37.603888
의릉입구,127.0621764,37.60348527
한천로쌍용아파트앞,127.0676193,37.59819109
한천로쌍용아파트앞,127.067887,37.59866491
이문동삼익아파트,127.0682139,37.59454856
이문동삼익아파트,127.0683628,37.59510354
동일스위트리버아파트.휘봉고교,127.0677526,37.58779877
휘경유수지견인차고지앞,127.068577,37.58842
답십리래미안엘파인아파트,127.0673309,37.57567723
서울준법지원센터.동성빌라,127.0673893,37.58555526
서울준법지원센터.동성빌라,127.0676702,37.58567945
휘경여중고휘경주공아파트앞,127.0682825,37.58260307
휘경여중고휘경주공아파트,127.0685434,37.58215749
장안동현대아파트앞,127.0685412,37.57974617
전곡시장앞,127.0677951,37.57723707
전곡시장앞,127.068142,37.57732932
답십리촬영소.우성그린아파트,127.0668513,37.57419086
촬영소사거리.우성그린아파트,127.0669165,37.57351066
풍안시장.동답초교,127.065489,37.57103976
동답한신동아아파트,127.0641135,37.56962208
동답한신동아아파트,127.0639045,37.56888162
동아.위더스빌아파트,127.0622143,37.56674029
동아.위더스빌아파트,127.061465,37.56615891
하나은행장안동지점,127.0585565,37.56340359
장한평역4번출구,127.0671377,37.56131154
청년회의소앞,127.0615307,37.56211026
고미술상가,127.0572974,37.56360919
답십리역.동부시장,127.0525194,37.56725625
신답역앞,127.0470914,37.57084309
동대문구청.용두역4번출구,127.0397136,37.57343501
용두역,127.037268,37.573977
용두동신동아아파트,127.0317925,37.57377044
동대문우체국.서울풍물시장,127.0245653,37.57475976
동대문구청.용두역3번출구,127.0383452,37.57553746
동대문구청.용신동주민센터,127.0384169,37.57658077
동대문구청.용신동주민센터,127.0379882,37.57530965
경동시장앞,127.0387559,37.58199892
제기동주민센터.서울약령시앞,127.0383947,37.58192515
경동시장,127.0382839,37.57996441
홍파초등학교,127.038639,37.585531
홍파초등학교,127.0383377,37.58559711
제기동한신아파트앞,127.037888,37.587603
고려대역.고대앞삼거리,127.0366856,37.58943377
고려대역.고대앞삼거리,127.0366498,37.58874785
고려대학교앞,127.0346802,37.58813631
우신향병원,127.0323863,37.5857223
안암오거리,127.029897,37.58246136
대광고등학교앞,127.0255621,37.57977772
종암초등학교앞,127.0295992,37.58161861
용두시장앞,127.0303342,37.57911159
용두시장앞,127.030161,37.579035
서울시동부병원,127.0304302,37.57589647
서울시동부병원,127.0306953,37.57619016
동아제약앞,127.0304425,37.57259937
동아제약앞,127.0307312,37.57271644
떡전교앞,127.0526949,37.58490404
떡전교앞,127.0525769,37.58461845
서울시립대입구,127.0540557,37.58300573
서울시립대학교앞,127.0539399,37.58268049
서울시동부교육지원청.해성국제컨벤션고교,127.056865,37.57918535
전농로터리시장.동부교육지원청,127.05676,37.578817
전농우체국앞,127.057575,37.576367
전농우체국앞,127.0578903,37.57652016
청솔우성아파트.답십리시장,127.057648,37.57370928
청솔우성아파트.답십리시장,127.057389,37.57411129
답십리2동시온교회앞,127.0573999,37.57059613
답십리1동희망샘교회앞,127.0571055,37.57052419
답십리초등학교.현대시장,127.0572013,37.56845386
답십리초등학교앞,127.0569309,37.56862657
답십리역사거리,127.0552011,37.56550601
황물로사거리,127.055992,37.56654189
답십리1동주민센터.래미안위브,127.0510037,37.57236701
답십리1동주민센터.래미안위브,127.0511403,37.57209939
동대문중학교,127.0537544,37.57501295
동대문중학교,127.0532772,37.5741763
전농래미안크레시티아파트,127.0555921,37.57628025
대한노인회동대문구지회,127.0559031,37.57621118
전농사거리,127.0590376,37.57781477
전농사거리,127.0592406,37.57756336
배봉초등학교.전농우성아파트,127.0672948,37.57869532
배봉초등학교.전농우성아파트,127.0674157,37.57844024
장안2동주민센터,127.070404,37.57884038
장안2동주민센터,127.0704638,37.57869598
장안교앞,127.0739714,37.5796534
장안교은석초등학교,127.0746902,37.57961916
청량리역6번출구,127.043803,37.578083
청량리역6번출구,127.0437858,37.5779453
롯데캐슬노블레스,127.0484717,37.57555526
전농시장앞,127.0471184,37.57608472
래미안크레시티.답십리도서관,127.050244,37.57456175
동대문구답십리도서관앞,127.0510268,37.5738813
답십리래미안위브아파트,127.0548282,37.57276898
답십리래미안미드카운티,127.055558,37.57298
답십리종합상가,127.0567076,37.57273205
답십리2동두산아파트,127.0585128,37.5727537
한양아파트.청솔우성아파트후문,127.058758,37.57295362
답십리2동한양아파트앞,127.0614069,37.57267023
답십리2동한양아파트앞,127.0611223,37.57295735
동답한신.대림아파트동대문체육관,127.063768,37.572663
촬영소사거리.동답초등학교,127.065212,37.572642
촬영소사거리.세양청마루아파트앞,127.0653559,37.57288976
동대문구.성동구선거관리위원회,127.0682025,37.57248721
동대문구.성동구선거관리위원회,127.0678745,37.57277346
장안사거리,127.0703387,37.57258453
국민은행장안동지점,127.0734973,37.57237591
국민은행장안동지점,127.0742101,37.57205336
장안동근린공원,127.0719536,37.57732381
장안동근린공원,127.072388,37.57831415
동대문더퍼스트데시앙아파트,127.0717763,37.57499211
NH농협장안평지점,127.0721655,37.57515296
코리아병원,127.0716599,37.57320691
새서울병원,127.0720051,37.57310127
장안동삼성쉐르빌아파트,127.0713569,37.57139964
장안동삼성쉐르빌아파트,127.070843,37.571238
(구)경남호텔앞,127.070183,37.569605
현대벤처빌.현대썬앤빌,127.0694007,37.56892086
현대벤처빌,127.0690489,37.56791449
우리은행장안지점앞,127.067727,37.566393
우리은행장안지점앞,127.0676385,37.56559866
북한연구소앞,127.0661435,37.56346482
장한평역2번출구,127.0649278,37.56229654
장한평역3번출구,127.0654362,37.56243706
신이문역,127.0679016,37.60261657
이문동현대아파트앞,127.0706774,37.60101794
이문동현대아파트,127.0709847,37.60085902
휘경2동주민센터,127.0680485,37.59073615
휘경2동주민센터,127.0680859,37.59050489
동부아동상담소.동국대부속중고,127.0763834,37.57683354
장안삼성래미안2차아파트,127.0766223,37.57468158
장안삼성래미안2차아파트.성복교회,127.0768145,37.57284682
장안현대홈타운아파트앞,127.0733886,37.56975917
구민회관앞,127.0739413,37.56638627
파라브아파트,127.072374,37.56358281
장안현대홈타운상가,127.0743786,37.5713084
장안현대홈타운앞,127.0756173,37.56928936
장안치안센터,127.0724996,37.56794588
장안치안센터,127.0727018,37.56822212
장평중학교,127.0709395,37.5657454
회기역종점,127.0588619,37.58990037
경희대입구,127.0530132,37.59127171
경희대입구,127.0527127,37.59158311
서울바이오허브.농촌경제연구원,127.0501401,37.59138784
서울바이오허브.농촌경제연구원,127.0492769,37.59160895
한국과학기술원.홍릉초등학교,127.045747,37.591769
한국과학기술원.홍릉초등학교,127.0469641,37.59154457
국방연구원,127.0411809,37.59140933
국방연구원,127.0400584,37.59110399
세종대왕기념관,127.0423802,37.58985337
세종대왕기념관,127.0425674,37.59046154
영휘원사거리.(구)홍릉사거리,127.0431752,37.58600093
영휘원사거리.(구)홍릉사거리,127.0434662,37.58601434
동대문경찰서,127.0438782,37.58381733
동대문경찰서,127.0442607,37.58355857
현대코아,127.0448734,37.58181203
현대코아,127.0446558,37.58148592
동대문중앙새마을금고,127.0412132,37.58311793
동대문중앙새마을금고,127.0422207,37.58298693
제기동주민센터앞,127.0378676,37.58297689
제기동한신아파트,127.037361,37.58663818
제기시장,127.03522,37.58638597
제기시장,127.034671,37.5866249
외대역앞,127.0609471,37.59600959
외대역앞,127.0613605,37.59606615
이경시장,127.0649927,37.59526404
청랑리한신아파트.청량사입구,127.047414,37.5867421
전동초등학교.전농동SK아파트,127.0609446,37.57775082
벽산아파트,127.0305142,37.58275628
제기동천주교회,127.033571,37.58285681
이문동쌍용아파트,127.0688554,37.59887798
이문동쌍용아파트,127.0691211,37.5988317
이문1동주민센터,127.0652559,37.59780678
전동초등학교.전농동SK아파트,127.0614944,37.57811986
한국산업인력공단서울지역본부,127.0729707,37.58374453
휘경공고휘경주공아파트,127.0692519,37.58416573
e편한세상청계센트럴포레아파트,127.0302942,37.57081591
한천로입구,127.067352,37.59911429
래미안장안1차아파트앞,127.0720205,37.56683171
장평중학교앞,127.0702528,37.56495819
청량리미주상가앞,127.0472557,37.58195798
동대문구청.용두역,127.04015,37.572834
종로사약국,127.0653058,37.59452137
회기동현대아파트,127.0544609,37.58911092
우산빌딩앞,127.0546771,37.58888235
배봉산입구,127.068204,37.58034162
면곡시장,127.0810661,37.57164464
동부아파트,127.0452316,37.5866889
자동차부품상가,127.0577757,37.56459467
청랑리한신아파트.청량사입구,127.0476686,37.5865145
장안동삼성쉐르빌아파트앞,127.070211,37.57230849
동대문노인종합복지관,127.0497131,37.58594609
쌍용아파트,127.0683889,37.60135011
쌍용아파트,127.0685177,37.60146745
삼육서울병원,127.0623613,37.59028334
동일스위트리버앞.휘봉고교,127.0676591,37.58718067
청량리수산시장,127.0408714,37.57864345
휘봉초등학교,127.0696854,37.58770638
휘경미소지움아파트,127.0645643,37.59092823
휘경공고.휘경주공아파트,127.0697135,37.58446955
용두동신동아아파트,127.0325998,37.57404505
청량리수산시장,127.0418951,37.57895216
답십리역,127.0531915,37.56676846
가든아파트.수사연구소,127.0720742,37.58454922
회기역,127.0578477,37.59012302
농협답십리역지점,127.0506964,37.56849786
동일하이빌.현대베스트빌아파트,127.0739978,37.58247318
동안교회,127.0577431,37.59386782
경희대입구,127.0527811,37.59156575
청계한신휴플러스,127.0450335,37.57180723
시조사삼거리,127.053504,37.588481
경희중고,127.0564273,37.59435924
경희대의료원,127.0522472,37.59406201
한신휴플러스정문,127.0450796,37.57273526
경희맨션,127.0570001,37.59561508
동아아파트,127.0455832,37.5742471
미니슈퍼,127.0568673,37.59667122
전농119안전센터,127.0456082,37.57618354
외대.경희대후문,127.0571505,37.59831287
전농1동치안센터,127.0480957,37.57642224
휘경여중고.휘경주공아파트,127.0685629,37.58245484
신성미소지움아파트,127.0501308,37.57893183
삼성래미안,127.0573676,37.59991182
청량리소화물취급소,127.0514146,37.58050909
영광빌딩,127.0525059,37.58184312
새마을금고앞,127.0601637,37.59778874
시립대입구,127.0534664,37.58385212
외대앞역,127.0628249,37.59533487
새마을금고앞,127.0602362,37.59786079
회기역종점,127.0587396,37.58985177
외대.경희대후문,127.0569625,37.59830395
신설동역1번출구,127.023609,37.57601247
33번지앞,127.057755,37.59888267
미니슈퍼,127.0567462,37.59674067
딩동슈퍼,127.0569107,37.59565568
경희중고,127.0563426,37.59465124
동안교회,127.0573015,37.59286031
동대부고.은석초교앞,127.07367,37.57925946
서울시립대,127.0531816,37.58311516
영광빌딩,127.0521992,37.58198112
청량리소화물취급소,127.051135,37.58059031
신성미소지움아파트,127.0495758,37.57865813
전농1동치안센터,127.0476065,37.57627826
동대문해병전우회,127.0455245,37.5763719
태양어린이.동아아파트,127.0454348,37.57406424
한신휴플러스후문,127.0467316,37.57298963
신답역,127.0492346,37.57114047
장미예식장,127.0505437,37.57015863
동부자동차매매시장,127.0514871,37.56899581
답십리역.경우회매장입구,127.0534864,37.56747388
답십리쌍마사거리,127.0552016,37.56618994
부속상가,127.0566147,37.5651431
고려대역3번출구,127.0365261,37.59048339
의료원입구사거리,127.0526585,37.59269938
삼육서울병원,127.062222,37.5902762
장안삼거리,127.0723517,37.57802912
장안사거리삼성래미안,127.0720255,37.57320939
장안사거리삼성래미안,127.0716865,37.57378629
장한평역,127.0667269,37.56138477
청량리역,127.0462731,37.58043552
서울시립대입구,127.0538031,37.58285626
전농로터리시장,127.0571016,37.57725264
신답역,127.047784,37.57054815
장안삼거리,127.0719972,37.57784732
신설동로터리.서울풍물시장,127.0234166,37.57427559
경동시장앞,127.0386578,37.58056802
경동시장사거리,127.0381091,37.57722935
경남관광호텔,127.0704788,37.57058027
경남관광호텔,127.070739,37.57034109
동답초교.대림아파트,127.0652299,37.57120722
정화여자중.상업고등학교,127.041753,37.5868028
정화여자중.상업고등학교,127.0418435,37.58661131
동대문노인종합복지관,127.0492582,37.58631032
망우역,127.0911386,37.59782836
망우역,127.0904652,37.59760319
상봉역.중랑우체국,127.0837436,37.59595909
상봉역.중랑우체국,127.0833008,37.59572314
중랑역.동부시장,127.076052,37.5939711
중랑역.동부시장,127.0749382,37.59361529
망우역.망우지구대,127.0953897,37.59884493
망우역.망우지구대,127.0948711,37.598558
우림시장.망우사거리,127.0986407,37.59957206
우림시장.망우사거리,127.0982214,37.59936518
금란교회,127.1040334,37.6005298
금란교회,127.1033575,37.60036404
동부제일병원.망우리공원,127.1089022,37.6004643
동부제일병원.망우리공원,127.107756,37.600478
극동늘푸른아파트,127.076404,37.61470265
묵동자이.신도브래뉴아파트,127.0765886,37.61527027
묵동삼거리.먹골역,127.0771199,37.6125567
먹골역.묵동자이아파트,127.077086,37.61383501
한국전력동대문중랑지사,127.0782567,37.60695744
한국전력동대문중랑지사,127.0787486,37.60622956
지하철7호선중화역,127.0791563,37.60264857
지하철7호선중화역,127.0794498,37.60284415
국민은행중화동지점,127.0798617,37.59884151
중화동한신아파트,127.0801695,37.59907622
상봉2동복합청사.도서관,127.0799783,37.59189107
상봉2동복합청사.도서관,127.0802877,37.59203792
면목2동주민센터,127.079859,37.58938252
중목초등학교,127.0801946,37.58973144
면목2동,127.0797305,37.58715492
면목2동,127.0801196,37.58747924
면목5동주민센터,127.0796318,37.58488449
장안시장,127.0800231,37.58552167
면목신우아파트,127.0794405,37.58027099
면목신우아파트,127.0798123,37.58063297
면목119안전센터,127.0799088,37.5735215
경남아너스빌아파트앞,127.0801547,37.57474952
늘푸른동아아파트,127.0803572,37.57249846
중랑역동부시장1,127.0755226,37.59392414
중랑역.동부시장1,127.0767666,37.59394994
한샘교회,127.0824937,37.59541737
국민은행망우동지점,127.0971022,37.59947349
상봉역2번출구,127.0872459,37.59662384
국민은행망우동지점,127.0973547,37.5994814
중랑구방정환교육지원센터,127.0886276,37.59736357
망우역,127.0940703,37.59864327
망우역,127.0955396,37.59869164
망우지구대,127.095842,37.599037
양원숲초등학교,127.1048434,37.60968708
하나은행망우동지점,127.0985869,37.59962617
양원숲초등학교,127.1047391,37.60996873
금란교회앞,127.1037917,37.60060153
금란교회앞,127.1026813,37.60017003
능산사거리,127.1019453,37.60848004
망우동고개,127.1073787,37.60068842
서울우유앞,127.072817,37.592108
서울우유앞,127.0731676,37.59144855
중랑초등학교,127.074318,37.58932
중랑초등학교,127.0742727,37.58951007
동부시장남문입구,127.0776648,37.5904314
동부시장남문입구,127.0782593,37.59077037
88병원,127.080896,37.59131195
상봉2동주민센터,127.0810883,37.59164995
서울창업카페상봉점,127.083885,37.592028
서울창업카페상봉점,127.083713,37.59224
면목6거리,127.0878523,37.59287946
면목6거리,127.0872031,37.59294023
상봉신협,127.0899025,37.59336525
상봉신협,127.0905684,37.59365316
혜원사거리,127.092532,37.59388
혜원사거리,127.0936742,37.59437063
혜원여중고입구,127.09505,37.594427
혜원여중고입구,127.0955544,37.59477232
봉우재고개,127.097837,37.595025
봉우재고개,127.0973049,37.59511206
우림시장,127.09954,37.595398
우림시장,127.0992893,37.59557112
상봉역3번출구,127.0861766,37.59439714
상봉역4번출구,127.0859397,37.59419727
면목초등학교,127.0869725,37.59134367
면목초등학교,127.086678,37.59130244
지하철7호선면목역,127.0872406,37.5891322
지하철7호선면목역,127.0875226,37.58916623
면목본동주민센터.면목정보도서관,127.0882416,37.58691461
면목본동주민센터.면목정보도서관,127.0880981,37.5865148
면동초등학교,127.0884544,37.5842573
면동초등학교,127.08836,37.5848548
면목우체국.녹색병원,127.0887178,37.58205484
면목우체국.녹색병원,127.0884574,37.58273384
지하철7호선사가정역,127.0880663,37.57985996
지하철7호선사가정역,127.0884338,37.58122425
면목시장,127.0876507,37.57964703
면남초등학교,127.0863248,37.57863428
면남초등학교,127.085932,37.5783
방약국앞,127.0858494,37.57577456
방약국앞,127.08574,37.575997
중곡초등학교,127.084205,37.572917
중곡초등학교,127.0841788,37.57315089
삼용사입구,127.1001746,37.59768317
삼용사입구,127.1004182,37.59694407
용마공원입구,127.0994371,37.59391993
용마공원입구,127.099292,37.594253
면일초등학교,127.0984014,37.59201745
우리은행망우동지점,127.097627,37.591217
서일대학교,127.0967,37.58951
서일대학교,127.0968692,37.58919411
용마문화복지센터,127.0953482,37.5863677
용마문화복지센터,127.095167,37.586712
중화중학교.면목고등학교,127.0940498,37.58399797
중화중학교.다문화가족지원센터,127.0941651,37.58475479
면중초등학교,127.0934632,37.58123119
면중초등학교,127.0933286,37.58226935
한양수자인사가정파크,127.0928893,37.58007025
묵동공감대아파트,127.0781223,37.61384108
면목동금호어울림아파트,127.0917166,37.57924676
면목동금호어울림아파트,127.0907073,37.57783748
면목동대원칸타빌아파트,127.0902827,37.57776122
용마폭포공원,127.088742,37.57569223
용마폭포공원,127.0885475,37.57592666
용마산역,127.0866709,37.57338157
용마산역,127.0863982,37.57350612
용마산하늘채아파트,127.086307,37.57102368
용마산하늘채아파트,127.0860197,37.57125817
묵동구길,127.0790555,37.61551908
묵동구길,127.0790669,37.61589231
묵1동주민센터입구.먹골역,127.0779517,37.61186322
묵1동주민센터입구.먹골역,127.0777996,37.61258959
신성은하수아파트,127.0737057,37.5885779
신성은하수아파트,127.0734455,37.58845406
면목2동한신아파트,127.0740441,37.58733432
면목2동한신아파트,127.074238,37.586758
면목5동.서울시집집마당,127.0758896,37.58560777
면목5동.서울시집집마당,127.0761005,37.58590719
동서그랜드맨션,127.0779518,37.58611096
동서그랜드맨션,127.078807,37.58648655
하나은행면목지점,127.0811114,37.58681611
하나은행면목지점,127.0810409,37.58702789
면목복개천,127.086043,37.587913
면목복개천,127.0856702,37.58805288
면목역2번출구,127.0886341,37.58849555
면목역2번출구,127.0885502,37.58867888
농협앞,127.0919716,37.58918267
농협앞,127.0919969,37.58944667
혜원여중고후문,127.09618,37.590197
혜원여중고후문,127.0963953,37.5904649
면목마젤란아파트,127.0837401,37.58682434
면목마젤란아파트,127.0839472,37.58670525
녹색병원입구,127.0836907,37.58415445
녹색병원입구,127.0833643,37.58490259
면목두산아파트1차,127.0838864,37.58193312
면목두산아파트1차,127.0834866,37.58183068
면목두산아파트4.5단지,127.0811929,37.5784556
면목두산아파트4.5단지,127.081026,37.57854054
사가정센트럴아이파크아파트,127.0819886,37.5813735
홈플러스면목동점,127.0817184,37.58113087
면목두산아파트2차,127.0848478,37.58110794
면목두산아파트2차,127.084643,37.58099772
사가정역,127.0876317,37.58090769
사가정역,127.0872974,37.58066242
사가정시장,127.0894314,37.5806428
사가정시장,127.089301,37.58044017
용마산교차로,127.0925023,37.58063593
중화2동주민센터,127.0767626,37.60163525
중화2동주민센터,127.077011,37.60141304
중화역3번출구,127.0787353,37.6017066
중화역3번출구,127.0789975,37.60145047
지하철7호선중화역2번출구,127.080683,37.60169442
지하철7호선중화역2번출구,127.080945,37.601522
중흥초등학교,127.0827319,37.60178942
중흥초등학교,127.0830923,37.60168334
이화연립경동제일교회앞,127.0849966,37.60235189
이화연립경동제일교회앞,127.0853154,37.60229443
쌍용아파트신내테크노타운앞,127.0879638,37.60328775
쌍용아파트신내테크노타운앞,127.0880531,37.60311558
엘지아파트앞,127.0898625,37.60410238
엘지아파트앞,127.090002,37.60394938
신현중학교,127.0917486,37.60531017
신현중학교,127.0914212,37.60479174
중랑구청,127.0941823,37.60664397
중랑구청,127.0936349,37.60620561
동성프라자앞,127.0971854,37.60777153
동성프라자앞,127.0976237,37.60770719
성원아파트경남아너스빌앞,127.0954657,37.60395684
성원아파트경남아너스빌앞,127.0958887,37.60345008
중랑구청사거리,127.0952115,37.60562052
중랑구청사거리,127.0953791,37.60605737
신내동성3차아파트,127.0952481,37.60764321
신내동성1.2차아파트,127.0960572,37.60975261
신내10단지아파트,127.095563,37.60914701
신내9단지아파트,127.0959907,37.61056948
신내8단지아파트.서울의료원,127.0961797,37.61311489
신내9단지아파트.서울의료원,127.096622,37.61262614
신내7단지아파트홈플러스,127.0938875,37.61525321
신내7단지아파트홈플러스,127.0937064,37.61552359
봉화초등학교,127.0917244,37.61376091
봉화초등학교,127.0915286,37.6138773
신내6단지아파트.옹기테마공원,127.0904185,37.61389708
신내6단지,127.0917761,37.61620986
신내6단지아파트.옹기테마공원,127.0900829,37.61398122
신내우체국.5단지두산대림아파트,127.0900173,37.6165664
신내우체국.5단지두산대림아파트,127.0897718,37.61663487
구립도서관체육관,127.0870834,37.61560976
구립도서관체육관,127.0871347,37.6157123
신내4단지아파트,127.086081,37.61659277
신내5단지아파트,127.0862463,37.61652713
화랑대역6번출구,127.0858733,37.61964031
화랑대역5번출구,127.086185,37.61985182
봉화산역2번출구,127.0931755,37.61670431
봉화산역3번출구,127.0929081,37.61645874
중랑경찰서후문,127.1055544,37.61987663
새우개마을,127.1033559,37.61824411
신내능마을,127.1016593,37.61436191
신내능마을,127.1014319,37.61455944
신내교회.신내데시앙아파트,127.1013329,37.61054059
신내교회.신내데시앙아파트,127.1010153,37.61053825
신내초등학교,127.10075,37.6061556
신내새한아파트앞,127.1010485,37.60583816
능산지하차도,127.1006376,37.60094741
능산지하차도,127.100349,37.60108192
상봉터미널,127.0931425,37.59646615
상봉터미널,127.0928591,37.59622669
망우3동주민센터.혜원여중고후문,127.0935437,37.59216765
망우3동주민센터.혜원여중고후문,127.0932383,37.59246525
동원시장,127.0937069,37.59045815
동원시장,127.0934407,37.59039979
면목본동파출소,127.0941327,37.58867095
면목본동파출소,127.0942916,37.58717592
중화2동체육공원,127.073873,37.60036051
중화빗물펌프장,127.0720151,37.59833435
중화2동새마을금고,127.072125,37.595615
중화2동새마을금고,127.0723481,37.59553214
중랑교동부시장,127.0724587,37.59381705
중랑교동부시장,127.0726966,37.59388448
아남리치카운티아파트,127.0853818,37.5904056
망우동고개,127.1083598,37.60128299
망우금호어울림아파트,127.1080533,37.602022
망우동금호어울림아파트,127.1080906,37.60236274
경남아파트,127.1071131,37.60382609
서울특별시북부병원,127.1071826,37.60409659
양원역입구,127.1061947,37.60553989
양원역입구,127.1063013,37.60563981
양원리,127.1065902,37.60952784
양원리,127.1065048,37.60963618
동서울교회,127.1052682,37.61175222
동서울교회,127.1052575,37.61158521
중랑공영차고지,127.1020231,37.61364523
면목아남아파트,127.0850893,37.5903178
중랑소방서,127.0952203,37.61487459
세방아파트입구,127.0846193,37.61510925
원묵고등학교,127.0855859,37.61560103
먹골파출소.신안아파트입구,127.0823393,37.61455901
먹골파출소.신안아파트입구,127.0812405,37.61441336
신안2차아파트,127.078895,37.61479742
신안2차아파트입구,127.0800625,37.61441191
중랑소방서,127.0952174,37.61468221
송곡여고양원역,127.1058005,37.60572863
송곡여고양원역,127.1056,37.605473
엘림재가방문요양센터,127.103524,37.60468533
엘림재가방문요양센터,127.103255,37.604392
이화미디어고.중랑숲어린이도서관,127.1021142,37.6032313
이화미디어고.중랑숲어린이도서관,127.1023247,37.60311939
금란교회,127.1019921,37.60129236
금란교회,127.10215,37.60118
망우사거리,127.1001455,37.60053784
망우사거리,127.0999213,37.60037512
국민은행망우동지점,127.0974108,37.59992018
국민은행망우동지점,127.0974548,37.59976155
신내6단지아파트,127.0917056,37.61641039
이수아파트앞시장입구,127.0830768,37.61827507
이수아파트앞시장입구,127.0829521,37.61817604
묵동교,127.079282,37.618035
묵동교,127.0794582,37.6180005
동양쇼핑,127.0783873,37.61544016
우리은행,127.0767891,37.61576658
목동교입구.로프트원오피스텔,127.0768501,37.61558452
한국아파트,127.0732418,37.61493216
동구햇살아파트,127.0740059,37.6134823
묵동롯데시네마,127.075272,37.61484754
묵동롯데시네마,127.0755072,37.61502984
브라운캐슬,127.0753177,37.6135896
브라운캐슬,127.0755737,37.61361918
먹골역입구,127.0758009,37.61146399
먹골역입구,127.0759057,37.61149095
묵2동주민센터,127.0760355,37.60989469
묵2동주민센터,127.0761957,37.60990953
금보당금은방,127.0764233,37.60818849
금보당금은방,127.0766496,37.60792632
신묵초등학교입구,127.0767077,37.60673546
신묵초등학교,127.0767983,37.60673991
제일시장,127.076992,37.60496964
제일프라자,127.077142,37.60499627
신동신약국,127.0772499,37.60353674
신동신약국,127.0774178,37.60346891
중화역입구대원사약국,127.0777108,37.60125308
중화역입구대원사입구,127.0777475,37.60190097
태릉시장입구,127.0780328,37.59947863
태릉프라자약국농협,127.0771464,37.59833569
태릉시장입구굴다리,127.0757519,37.59667652
우남푸르미아아파트,127.0992086,37.60724352
우남푸르미아아파트,127.0992198,37.60698499
신내초등학교,127.0977025,37.60519502
신내초등학교,127.0979377,37.60537728
경남아파트,127.096952,37.6028373
대명프라자,127.0970064,37.60246338
건영아파트,127.0959547,37.60234531
상봉1동주민센터,127.087649,37.60043785
상봉1동주민센터,127.0873673,37.60066513
신내쌍용아파트,127.0874691,37.60153821
신내쌍용아파트,127.087175,37.60223451
면목두산아파트2.3단지,127.0826783,37.57981406
망우역,127.092981,37.59862979
중랑공영차고지.신내역,127.1027961,37.61353239
서울특별시북부병원,127.108843,37.605022
양원역,127.107418,37.60634435
성은교회앞,127.0719816,37.59717217
해모로아파트앞,127.1113412,37.60193037
먹골역5번출구,127.0778547,37.60893655
먹골역4번출구,127.0781825,37.60936435
중화2동체육공원,127.073695,37.60036268
태릉고등학교앞,127.085377,37.61843759
태릉고등학교.원묵초등학교,127.087245,37.61829
태릉고등학교.원묵초등학교,127.0873412,37.61803874
서울의료원후문,127.0974334,37.61377266
서울의료원후문,127.098397,37.613665
신내데시앙아파트후문,127.0994458,37.61316281
신내데시앙아파트후문,127.1002632,37.61307545
중화중학교삼거리,127.0948851,37.58644917
새우개마을입구,127.09977,37.61424373
신내차량사업소입구,127.1018666,37.61267309
용마산빌라,127.0841214,37.57131213
신내역1번출구,127.1033382,37.61247922
능말입구,127.1056704,37.61384666
망우리역사문화공원,127.1152136,37.60154824
망우리역사문화공원,127.1153104,37.60184609
신내SKV1센터,127.1132712,37.61446129
능말입구,127.1054798,37.61378031
중랑경찰서후문,127.1048419,37.61968904
당너머,127.1075521,37.61294848
당너머,127.1079487,37.61279087
신내데시앙포레아파트220동앞,127.1128016,37.61540376
신내데시앙포레아파트220동앞,127.1127525,37.61598638
신내데시앙포레아파트정문앞,127.110942,37.61656428
새솔초등학교입구,127.109803,37.6172677
새솔초등학교,127.1083861,37.61743629
중랑경찰서정문.우디안101동앞,127.1056205,37.61777105
중랑경찰서정문.우디안101동앞,127.1053546,37.61768865
신내우디안아파트107동앞,127.1054535,37.6156282
신내우디안아파트107동앞,127.1058995,37.615298
신내10단지아파트,127.0952912,37.61038669
중랑공영차고지삼거리,127.1046668,37.6129736
우디안아파트114동앞,127.1074162,37.61886359
우디안아파트114동앞,127.1071503,37.61908457
늘푸른근린공원,127.0796406,37.58310843
늘푸른근린공원,127.0799299,37.58304851
브라운캐슬B동,127.0749989,37.61364714
진로아파트앞.종점,127.1019876,37.58761306
중화동종점,127.0825318,37.60006038
진주빌라.바다약국,127.1000297,37.58827021
정신교회,127.0813967,37.59979444
마을금고,127.0804464,37.59967885
공판장,127.0991229,37.58862902
수협,127.0793874,37.59955342
새마을금고,127.097656,37.58916643
태릉시장,127.0782426,37.59977225
서일대정문,127.0960783,37.58830503
서울동부새마을금고본점,127.0944316,37.58779305
서일대정문,127.0961201,37.58781395
면목역,127.0869543,37.58831332
중랑초교정문.면목2동치안센터,127.076024,37.5896743
한신아파트상가,127.0765526,37.58842145
IBK기업은행면목동지점,127.0850097,37.58765506
한신아파트후문,127.0765028,37.58735639
마을금고,127.0803975,37.59950498
정신교회,127.0816027,37.59965553
중화동종점,127.0826438,37.59993325
지하철7호선면목역,127.0883234,37.588388
면목지구대,127.0941044,37.58781584
새마을금고,127.0973219,37.58909458
공판장,127.0990423,37.58849032
진주빌라.바다약국,127.099993,37.588189
진로아파트앞.종점,127.1019847,37.58754774
수협,127.0794314,37.59938308
중랑공영차고지.신내역,127.103628,37.613209
중랑공영차고지.종점,127.104468,37.613322
사가정역,127.0870023,37.58073582
망우역,127.0925152,37.59864738
길음2동주민센터,127.0282093,37.60690619
길음2동주민센터,127.0274688,37.60611073
길음뉴타운,127.02428,37.60370804
길음뉴타운,127.0234418,37.6031113
미아리고개.미아리예술극장,127.0217091,37.5988113
미아리고개.미아리예술극장,127.0218209,37.597921
돈암사거리.성신여대입구,127.0181314,37.59374328
돈암사거리.성신여대입구,127.0176838,37.59325096
삼선교.한성대학교,127.0093609,37.58992275
삼선교.한성대학교.조소앙활동터,127.0082314,37.58932592
숭곡초교입구,127.0320882,37.60985768
창문여고,127.03582,37.61185059
동방고개,127.0382739,37.61370757
장위동그린빌아파트,127.0431131,37.61785258
북서울꿈의숲,127.0453451,37.62031711
장월초등학교,127.0486035,37.62356049
국민대앞,126.9940273,37.61067955
국민대앞,126.9940766,37.61108949
국민대학교앞,126.9946486,37.61080796
청덕초등학교,126.9990826,37.60867048
청덕초교,127.00006,37.60863
북악중학교,127.002908,37.607386
고려대사범대학부속고등학교,127.002378,37.607888
봉국사,127.007624,37.605854
봉국사,127.007657,37.606138
정릉2동주민센터,127.011258,37.604593
정릉2동주민센터,127.011199,37.60498089
숭덕초교,127.0146827,37.60335836
숭덕초교,127.0151143,37.60369802
정릉길음시장,127.0193251,37.60221556
정릉길음시장.길음뉴타운9단지,127.0195998,37.60256916
돈암동삼성아파트입구,127.0245753,37.60187443
길음역,127.0237699,37.60204131
돈암1동주민센터,127.0264232,37.60367154
돈암1동주민센터,127.0265679,37.60451168
종암사거리,127.031172,37.603607
KT월곡지사,127.0343782,37.6024464
KT월곡지사,127.0347002,37.60302926
종암SK아파트,127.037614,37.60204672
성북구보건소,127.0391629,37.60258906
월곡역,127.0414527,37.60162873
월곡역,127.0423481,37.60306999
동덕여대앞,127.0428339,37.60300278
한국과학기술연구원입구,127.0472776,37.60558826
상월곡역,127.046447,37.605489
월곡중학교,127.049787,37.606895
월곡중학교,127.049236,37.60696636
새석관시장,127.0530965,37.60864233
새석관시장,127.0521052,37.60844725
돌곶이역,127.0584865,37.61145131
돌곶이역,127.0562085,37.61058612
장위동동원베네스트.온누리병원,127.058969,37.612043
석관동주민센터,127.0619142,37.6133957
석관동주민센터,127.0614334,37.61344125
석계역굴다리앞,127.0657966,37.61433148
석계역,127.0671119,37.61510571
성가복지병원,127.0311379,37.60588272
성가복지병원,127.0315287,37.60592276
종암사거리입구,127.0330444,37.60143263
종암사거리입구,127.033684,37.60110637
종암동주민센터,127.0341075,37.59941526
종암동주민센터,127.0349567,37.59837375
숭례초교,127.0356812,37.59480527
숭례초등학교,127.0361702,37.59439692
고대앞,127.0348108,37.58856369
우신향병원,127.0316105,37.58513594
안암오거리,127.0290649,37.58248635
대광초교,127.0250277,37.57970665
정릉북한산국립공원입구,126.9992949,37.61772092
정릉산장아파트,127.0033452,37.616713
정릉대우아파트,127.00386,37.616708
정릉4동주민센터.경국사,127.006337,37.6135244
정릉4동주민센터.경국사,127.0067135,37.6133622
성북청수도서관.정릉4동성당,127.0084194,37.61156967
성북청수도서관.정릉4동성당,127.0090747,37.61089558
정릉시장입구,127.0098213,37.60846533
정릉시장입구,127.0101519,37.60803278
정릉우체국앞,127.0114121,37.6051645
정릉우체국앞,127.0115259,37.60539257
미아초교,127.022039,37.61153187
미아초교,127.0224658,37.61088662
길음동동부아파트,127.0235309,37.60728287
길음동동부아파트,127.0234547,37.60802487
삼선동주민센터,127.0143473,37.59061071
삼선동주민센터,127.0147154,37.59069177
성북구청.성북경찰서,127.0174307,37.58815138
성북구청.성북경찰서,127.0172299,37.58860541
보문역,127.0189209,37.58585142
보문역,127.0197707,37.5848759
보문동성당,127.0207962,37.58239632
보문동성당,127.0211155,37.58239897
보문동주민센터,127.0218635,37.5804515
보문동주민센터,127.0223781,37.58004809
월계2교.참누리아파트,127.0503746,37.62321836
월계2교,127.050133,37.623825
광운초교앞,127.052958,37.61995296
광운초교,127.053113,37.62028579
장위3동주민센터,127.0568878,37.61648862
장위3동주민센터,127.0575142,37.616156
장삼주유소,127.0592242,37.6141178
장삼주유소,127.0597361,37.61397337
장위사거리,127.0618334,37.61158926
장위사거리,127.0618299,37.61192533
석관중고등학교앞,127.0640252,37.60926115
석관고등학교,127.0643618,37.60943547
석관동코오롱아파트,127.0661262,37.60658528
석관동코오롱아파트,127.0663652,37.60669897
북서울꿈의숲,127.0451013,37.61924623
북서울꿈의숲,127.0456591,37.61911312
장곡초교앞,127.0477168,37.61765946
장곡초교앞,127.0479422,37.61770654
하나은행장위동지점,127.050021,37.61621078
하나은행장위동지점,127.050048,37.61643
장위동원천주유소,127.0525711,37.6146909
장위동원천주유소,127.0529741,37.61463079
장위2동주민센터,127.0555323,37.61209215
돌곶이역,127.0575579,37.61020459
돌곶이역,127.0562033,37.6117479
석관시장,127.0590704,37.60868974
석관시장,127.05906,37.60900239
석관동새마을금고,127.0603974,37.60745897
석관동새마을금고,127.0609376,37.60727176
한국예술종합학교,127.0618293,37.60564716
한국예술종합학교,127.0620209,37.60576191
돈암힐스테이트.코오롱하늘채,127.0142965,37.59843701
꿈의숲아이파크아파트,127.0513841,37.61801607
꿈의숲아이파크아파트,127.0510443,37.61801396
장곡초교사거리,127.050007,37.617145
장곡초교사거리,127.0499054,37.61727339
서울다원학교.한용운활동터,126.9918133,37.59450438
동방문화대학원대학교,126.9931664,37.59449545
동방문화대학원대학교,126.9937265,37.59478401
성북구립미술관.쌍다리앞,126.9958338,37.59359412
성북구립미술관.쌍다리앞,126.9959436,37.5937446
성북초교.성북선잠박물관,126.9987771,37.59306307
성북초교.성북선잠박물관,126.9981384,37.5931492
홍익대부속중고등학교입구,127.0006477,37.59321753
홍익대부속중고등학교입구,127.001531,37.59327249
경신중고입구,127.0028344,37.59178657
경신중고입구,127.0026666,37.59240983
성북동주민센터.서울동구고,127.0036474,37.59074669
성북동주민센터.서울동구고,127.0038752,37.59093892
삼선교.성북문화원,127.0055282,37.58881026
삼선교.성북문화원,127.0056131,37.58909407
서울다원학교.한용운활동터,126.9916547,37.59473862
장위래미안아파트,127.0524721,37.61889405
신종월교,127.0412493,37.5973108
창문여고,127.0356906,37.61178026
장위래미안아파트,127.0526589,37.61885342
남대문중학교,127.0546975,37.61805562
남대문중학교,127.0553788,37.61776668
길음시장,127.0235824,37.6030091
길음시장,127.0230921,37.60314977
길음역,127.0259508,37.60468301
길음역,127.0259217,37.60508777
미아사거리,127.0300444,37.61016767
서경로꿈마루도서관앞,127.0133874,37.61150524
길원초등학교입구,127.0143749,37.61043824
길원초등학교입구,127.014672,37.610337
길음뉴타운11단지롯데캐슬,127.0153629,37.60883392
길음뉴타운11단지롯데캐슬,127.015477,37.608783
정릉동아.길음뉴타운데시앙아파트,127.0149529,37.60629227
길음뉴타운데시앙.정릉동아아파트,127.015123,37.60641
숭덕초교,127.0145783,37.6038077
성북생태체험관,127.0064961,37.62022323
정릉초교,127.00634,37.619058
정릉동풍림상가앞,127.0077086,37.6167005
정릉동풍림상가앞,127.0081893,37.61676399
정릉동풍림아파트.청소년문화의집,127.0086762,37.61647724
정릉입구.정릉역,127.0135091,37.60242575
정릉입구.정릉역,127.0135073,37.60287635
아리랑고개.아리랑시네미디어센터,127.0137784,37.60063178
아리랑고개.아리랑시네미디어센터,127.0137362,37.60046617
돈암2동주민센터입구.흥천사,127.015117,37.59672013
돈암2동주민센터입구.흥천사,127.0156038,37.59619975
성신여대입구역,127.0161355,37.59373997
성신여대입구역,127.0164185,37.59374669
한국과학기술연구원입구,127.044818,37.603913
대농빌라앞,127.043291,37.601778
월곡샹그레빌아파트,127.0408149,37.59547762
월곡샹그레빌아파트,127.0408916,37.59540082
장위동고개,127.0406506,37.6142455
장위동고개,127.0409176,37.61437802
장위1동주민센터,127.0427869,37.61386179
장위1동주민센터,127.0434643,37.61399409
장위1동치안센터,127.045172,37.613833
장위1동치안센터,127.0461175,37.61397506
청소년문화누림센터,127.0484391,37.61359121
청소년문화누림센터,127.0487689,37.6138829
월곡1동주민센터,127.0352258,37.61082986
월곡1동주민센터,127.0356202,37.6103304
밤나무골시장,127.0356802,37.60945334
월곡삼성래미안아파트,127.035937,37.609399
월곡동두산아파트,127.0365918,37.60661914
월곡동두산아파트,127.0367047,37.60679973
생명의전화,127.037215,37.604518
생명의전화,127.0375355,37.60417724
장곡초교,127.0485302,37.61620243
장곡초교,127.0487985,37.61611957
보문역,127.0202536,37.58546373
보문역,127.0200804,37.58565118
안암동주민센터,127.0219386,37.58604643
안암동주민센터,127.022369,37.58626802
고려대이공대.고대병원,127.0259868,37.58617438
고려대이공대.고대병원,127.0258793,37.58643344
안암역,127.0305239,37.58622925
안암전철역,127.030276,37.58636448
안암오거리,127.0295931,37.58329644
개운사입구,127.0294582,37.58583034
돈암시장입구,127.016715,37.591444
돈암시장입구,127.0167719,37.5917149
성북구청,127.01817,37.589376
성북구청,127.0175711,37.58993356
보문2교,127.019435,37.58911963
보문2교,127.019146,37.58904935
성신여대후문,127.0220957,37.58904934
성신여대후문,127.0221071,37.58913493
용문중고교,127.0229775,37.58769433
용문중고교,127.0231483,37.58735639
안암초교,127.0233962,37.58692021
안암초교,127.023434,37.58710519
돈암초교입구,127.012138,37.59107576
정릉3동주민센터앞,127.0044112,37.60844741
정릉3동주민센터앞,127.0047218,37.608556
삼덕단지.성북구최만린미술관,127.0050597,37.61038674
삼덕단지.성북구최만린미술관,127.005238,37.610417
솔샘사거리,127.0069542,37.61277879
솔샘사거리,127.0072777,37.61266998
보문역3번출구,127.019202,37.585933
성북우체국현대백화점,127.0293808,37.6078214
정릉동풍림아파트,127.0088885,37.61648398
현대백화점,127.029292,37.608328
돈암동일신건영휴먼빌아파트,127.013386,37.601461
석계역,127.0653703,37.61389253
석계역,127.0654623,37.61359876
월곡2SH빌아파트,127.0422176,37.59751093
석관고등학교후문,127.0664989,37.61069925
길음역,127.0243192,37.60220788
청소년문화의집.정릉e편한세상,127.0089069,37.6151911
상진운수종점,127.0652478,37.61119774
상진운수종점,127.0656288,37.61126743
대진여객차고지,127.000797,37.617689
정릉북한산국립공원입구,126.9993487,37.61785832
풍림아파트삼거리,127.007432,37.617339
성북생태체험관,127.0064961,37.62015341
정릉초교,127.006424,37.618938
파크빌라앞,127.0059082,37.59822561
골드하우스,127.004555,37.59848696
월곡중학교,127.0478487,37.60623486
508단지삼거리,127.0055357,37.59933309
산장빌라,127.0074088,37.59901574
산장빌라,127.0073998,37.59877612
성북참노인전문병원,127.0056794,37.59763003
교수단지,127.0092829,37.59966698
우방아파트,127.0094555,37.6002114
일신건영아파트.꿈에그린아파트,127.012109,37.60149142
일신건영아파트.꿈에그린아파트,127.012227,37.60145104
돈암힐스테이트.코오롱하늘채,127.014404,37.59883305
돈암동일신건영휴먼빌아파트,127.0136261,37.60164375
구민회관입구,127.0064557,37.59670335
508단지입구,127.0063862,37.59917446
스카이힐스,127.0036633,37.59948326
508단지삼거리,127.0056343,37.59922586
대일외고서경대정문,127.013145,37.612945
서경대본관,127.011423,37.61546
서경대본관,127.011687,37.615626
길음뉴타운8단지,127.015877,37.60757
길음뉴타운8단지,127.015704,37.60740681
서경로꿈마루도서관앞,127.013476,37.611633
국민커뮤니티센터,127.0044097,37.61228265
정릉연립,127.0043718,37.61221355
국민대후문,126.9994533,37.61119731
국민대후문,126.9998641,37.61117298
고려대사범대학부속고등학교.후문,126.9992951,37.60950598
고려대사범대학부속고등학교.후문,126.9995107,37.60946143
월곡래미안루나밸리,127.04116,37.59965566
길음뉴타운10단지.라온유아파트,127.0181336,37.60298754
숭곡초교후문,127.0328338,37.60927755
월곡아남아파트,127.0345111,37.6064774
월곡동신아파트,127.0360245,37.6045306
돌곶이역8번출구,127.056327,37.610303
한성대입구역,127.0047237,37.58936299
장위동입구,127.0390305,37.61373132
북한산보국문역2번출구,127.0079858,37.6122939
북한산보국문역1번출구,127.0083291,37.61208355
일신초교.래미안라센트아파트,127.0394368,37.59824197
서울사대부설중학교,127.0383641,37.59614341
서울사대부설고등학교,127.0371653,37.59364737
일신휴먼빌.우정아파트,127.0112534,37.60043941
고려아파트,127.0272458,37.59856235
장월초교.참누리아파트,127.048262,37.6234017
동방주택,127.0437264,37.61658542
장위중학교,127.0405011,37.61190904
신안APT.길음초등학교,127.0164202,37.61422433
정릉4동종점,127.0101775,37.61294369
산림초소,126.9979441,37.61391999
정릉2동주민센터,127.0110779,37.60460856
성신여대입구역3번출구,127.0164517,37.59229187
삼선푸르지오APT앞,127.0135777,37.58515834
한성대정문,127.0112286,37.58256252
한신113동앞,127.0085998,37.59434268
낙산삼거리,127.0105671,37.5802666
돈암2동주민센터,127.0108661,37.59759119
종암중학교,127.0348753,37.59328447
종암교통정보센터,127.035903,37.59402618
고려슈퍼,127.0277679,37.59864062
슈퍼앞,127.0422166,37.61580872
월곡청소년센터,127.0404315,37.61101519
대우APT211동,127.017015,37.612893
KEB하나은행.오렌지마트,127.0091703,37.6113038
중앙하이츠정문,127.010978,37.60269737
한양슈퍼앞,127.0111699,37.58346812
구민회관201동앞,127.0092873,37.59558793
돈암지구대.현대아파트,127.0127098,37.59697889
선경아파트,127.0344613,37.59437491
세븐마트,127.0356654,37.59254985
죽림정사,127.0292269,37.59953144
나약국,127.0413542,37.61433447
동아아파트,127.0474094,37.60815435
월곡인조잔디구장,127.0394709,37.60866188
대우APT정문.대림APT후문,127.0176159,37.61196514
넓은마당,126.9997044,37.61460573
중앙하이츠후문,127.0093598,37.60353447
성신여대정문앞,127.0197375,37.59076583
한성대입구3거리,127.010945,37.586412
(구)법화사,127.0110898,37.58474164
이수아파트.한신휴아파트입구,127.0141174,37.5966165
극동아파트정문,127.034369,37.5954238
고려대법과대학.한국어교육관입구,127.0330195,37.59135577
래미안세레니티,127.0293309,37.59904844
장위1동주민센터,127.0432921,37.61381835
이지마트,127.0476777,37.60978611
월곡1동밤골경로당,127.0403854,37.60741717
새생명교회,127.0182401,37.61103192
도광사,127.0014669,37.61540949
정수초교,127.0088361,37.60437243
성신여대평생교육원,127.0200666,37.58927537
성신여대입구역,127.0162096,37.59350747
극동아파트후문,127.0334882,37.59602238
고려대안암학사,127.0305848,37.59125821
통일교회,127.0297868,37.59775706
장위1동치안센터,127.0455235,37.613804
GS25장위제일점,127.0482277,37.61085547
초림빌라,127.0410681,37.60746502
대림상가앞,127.0199286,37.61080237
현대아파트앞,127.0203179,37.60908319
산장아파트,127.0035141,37.61665995
그린빌라,127.0082027,37.60392813
삼선시장앞,127.0088742,37.58811073
종암아이파크2차정문,127.0326607,37.59689216
고려대아이스링크,127.0278066,37.59304125
그린마트,127.0310202,37.59798292
장위천주교앞,127.0489731,37.61261138
동덕여대후문,127.0408383,37.60665421
대림APT정문,127.0216764,37.61111294
래미안821동앞,127.0217979,37.60639122
정수빌라,127.0078193,37.60343921
한성대입구역.성북천분수마루,127.0067692,37.58809735
삼선시장,127.0091097,37.58814495
동방고개,127.0383227,37.61375249
정덕초교입구.이수아파트,127.0144254,37.59673049
현대홈마트,127.0330031,37.59774179
성북구의회,127.0264562,37.59455809
종암아이파크2차후문,127.0319703,37.59780245
장위시장,127.0500349,37.61330871
두산아파트후문,127.0402906,37.60596285
파리바게트앞,127.0226563,37.61138848
길음시장입구,127.0223666,37.60517253
길음역출구,127.0243523,37.60221058
그린빌라,127.0082622,37.60372483
한신105동앞,127.0088904,37.5926519
장위동그린빌아파트,127.0430066,37.61777873
돈암지구대.현대아파트,127.0127463,37.59717253
개운중학교,127.0248944,37.59417817
성북노인정입구,127.0327767,37.59785269
어해랑앞,127.0529125,37.61397753
자산약국.월곡전철역입구.6호선,127.0392307,37.60434125
동부아파트.샘물교회앞,127.0238854,37.61183698
길음전철역,127.0243,37.60413375
수녀원,127.0053135,37.61192038
정수초교,127.0087719,37.60418164
고려대이공대,127.0250423,37.58612781
삼선교.한성대입구역,127.0051557,37.58947881
한신103동앞,127.0082621,37.59220352
북서울꿈의숲,127.0451512,37.61994503
돈암신일해피트리아파트,127.0110067,37.59778824
통일교회,127.0297529,37.5978598
풍림아파트.성신초교,127.0235199,37.59519308
한미약국,127.0343462,37.59894277
세광빌라,127.0541544,37.61460863
래미안길음센터피스120동앞,127.0255415,37.61200784
중앙하이츠후문,127.0092607,37.60344889
고대병원,127.0271631,37.58611383
풍림106동,127.0220507,37.59761279
성북노인정입구,127.0328514,37.5979671
장위3동주민센터,127.0569016,37.61638067
관문약국,127.0553083,37.6156128
동덕여대부속유치원앞,127.0452759,37.60612287
영훈중고후문.길음래미안센터피스,127.0274933,37.61245434
성북미디어문화마루,127.022848,37.604206
구.정릉3동주민센터,127.0058967,37.60948832
중앙하이츠정문,127.0107186,37.60269563
한성대입구역5번출구,127.0050894,37.58922023
참누리아파트,127.047741,37.622979
고명중고교,127.0203281,37.5987114
종암아이파크2차후문,127.0319114,37.59790248
장위119안전센터,127.0581116,37.61521768
우리랜드사우나,127.0563241,37.61670624
석계역7번출구,127.065428,37.614303
석관두산아파트,127.0676261,37.61416291
성북레포츠타운,127.0703009,37.61008212
석관고,127.067226,37.610065
미아사거리전철역,127.0297023,37.61232702
길음시장입구,127.022454,37.605175
정든마을,127.0073021,37.60945863
국민은행장위동지점,127.0481921,37.61357676
고대사거리,127.0322869,37.58627744
한성대입구역2번출구,127.0067964,37.58853078
삼선교제1시장,127.0068903,37.58779458
개운초등학교,127.0288154,37.60133012
브라운스톤,127.0175919,37.5995444
그린마트,127.0309919,37.59809646
래미안610동앞,127.022283,37.60555492
수보약국,127.0078742,37.60868624
쌍다리,126.9958836,37.59342471
녹십자약국,127.009282,37.58963444
삼선교제2시장,127.0086669,37.58777915
종암래미안,127.029768,37.60174078
힐스테이트,127.0170332,37.59980236
현대백화점,127.0293255,37.60832062
래미안609동앞,127.0218416,37.60653989
오렌지마트,127.009364,37.61136145
정릉시장입구,127.0098054,37.60827069
용광교회,126.9948588,37.59253079
삼영탕앞,127.0100293,37.58881169
성북세무서앞,127.0101255,37.5881656
종암아이파크1차후문,127.0304477,37.60218394
우성APT정문,127.0152066,37.60060187
길음2동주민센터,127.0278026,37.60667921
래미안501동앞,127.0206925,37.6086973
북정마을삼거리,126.9925917,37.5925496
성북세무서앞,127.0104481,37.58787632
본교회앞,127.0116236,37.58864214
성북소방서,127.0309356,37.60257349
장위119안전센터,127.058557,37.615128
석계역,127.0647168,37.61462873
길음전철역,127.024158,37.60424
길음1동주민센터.길음중앙새마을금고앞,127.0197437,37.60992294
국민은행사거리,127.0482092,37.61370561
슈퍼앞,126.9927208,37.5931263
한성대입구사거리,127.0109053,37.58586144
고려삼계탕,127.0147163,37.58962488
종암아이파크1차정문,127.0303645,37.60352297
꿈의숲대명루첸아파트,127.0480041,37.61974964
돈암힐스테이트.코오롱하늘채,127.0142624,37.59851546
고려슈퍼,127.0276683,37.59865957
장위3동주민센터,127.057125,37.61658011
새생명교회,127.0183055,37.61099997
돈암코오롱하늘채.일신휴먼빌,127.0113467,37.59959922
서경대정문.대일외고,127.013025,37.61312516
북정경로당,126.9909758,37.5926486
(구)법화사,127.010998,37.5845909
범양APT입구,127.0272104,37.60395266
선잠로3길입구,126.9972124,37.59595261
선잠로3길입구,126.9968838,37.59602798
원진프라자앞,127.032945,37.59954398
대우APT정문.대림APT후문앞,127.0176896,37.61229132
선잠단지.성락원앞,126.9989243,37.5947299
선잠단지.성락원앞,126.9989215,37.59459476
북정마을삼거리.모정앞,126.9922226,37.59236034
성북동성당,126.9977806,37.59544618
성북동성당,126.9976561,37.59547546
성북빌리지,126.9966105,37.59671461
성북빌리지,126.9965774,37.59665122
한양슈퍼앞,127.0110533,37.58358708
돈암초등학교,127.0123873,37.59153996
길음역,127.0256431,37.60444771
북악슈퍼,126.9949423,37.59750841
래미안장위퍼스트하이아파트,127.0505519,37.61950399
북악슈퍼,126.9948251,37.59754089
우리랜드사우나,127.056127,37.61670813
대우APT211동앞,127.016919,37.613075
용광교회,126.9947886,37.59244068
길상사,126.9938902,37.59831844
수협동소문동지점,127.0102798,37.59043362
길상사,126.993744,37.598274
정릉꿈에그린아파트,127.0115042,37.60157044
종암사거리입구,127.0334093,37.60099383
정릉꿈에그린아파트,127.0112628,37.60157044
아리랑시장,127.0114967,37.60241978
아리랑시장,127.0113726,37.60226165
중앙하이츠빌아파트,127.0107922,37.60255452
세계문화유산정릉,127.009671,37.6015365
정릉꿈에그린1단지,127.0108956,37.602175
일신휴먼빌.우정아파트,127.0113043,37.60008351
돈암코오롱하늘채아파트,127.0113126,37.59888069
돈암코오롱하늘채아파트,127.011372,37.59879283
힐스테이트입구,127.0281286,37.60651152
한국가구박물관입구,126.9926083,37.59929095
우리옛돌박물관.정법사,126.99003,37.600604
한국가구박물관입구,126.9921864,37.5997707
북서울꿈의숲,127.0452973,37.62035662
관문약국,127.0552994,37.6158597
쌍다리,126.9959969,37.59338237
삼선교,127.0074487,37.58917411
현대백화점별관주차장,127.0291417,37.60753672
세광빌라,127.0544843,37.61490944
간대어린이공원,127.0511835,37.61863784
돌곶이역2번출구,127.056174,37.61150753
성가복지병원앞,127.0311141,37.60593949
꿈의숲코오롱하늘채아파트,127.0456141,37.61914139
어해랑앞,127.0526527,37.61404666
고대병원,127.0262501,37.58648291
한신103동앞,127.0082088,37.59202331
성북소방서,127.0315251,37.6028
장위시장,127.0505764,37.6134406
생명의전화로터리,127.0378091,37.6038353
정릉시장입구.정릉약국,127.0097442,37.60837072
꿈의숲동문앞,127.0458244,37.62092404
꿈의숲대명루첸아파트,127.0469647,37.61938291
종암아이파크1차후문,127.0302915,37.6022065
돈암힐스테이트.코오롱하늘채,127.014367,37.59879169
자산약국.월곡전철역입구.6호선,127.0393383,37.60417271
수보약국,127.0080441,37.60870425
종암래미안,127.0298304,37.6018588
장위천주교앞,127.0487838,37.6123943
월곡시장.동덕여대오거리,127.0427145,37.60412738
정든마을,127.0073695,37.60961673
용문중고교,127.023075,37.58776
개운초등학교,127.0284325,37.60120225
우성APT정문,127.0152062,37.60045094
나약국,127.0414528,37.61429479
GS25장위제일점,127.0481667,37.61105374
월곡로데오거리,127.0438729,37.60489939
대동슈퍼,127.0058855,37.61117786
한진206동앞,127.0107233,37.5954941
죽림정사앞,127.0291749,37.5996513
쌍용APT,127.0164194,37.60002772
슈퍼앞,127.0423241,37.61565007
이지마트,127.0476291,37.60998707
동아아파트정문앞,127.0461343,37.60688703
수녀원입구,127.005548,37.61189514
성신여대평생교육원,127.020258,37.58934382
명신초.삼선푸르지오.힐스테이트,127.0145993,37.58225939
브라운스톤,127.0176786,37.59929765
동아아파트,127.0472756,37.60803185
월곡중학교입구,127.0471292,37.60759128
돈암시장,127.0134834,37.59130195
창신쌍용2단지.한성대후문,127.0127355,37.58139636
고명중고교,127.0202967,37.59846102
상월곡역,127.0478038,37.60686383
월곡초교,127.0461799,37.60912891
산장아파트,127.0034686,37.61660879
성북구청.경동고입구,127.0175977,37.58780158
한신301동앞,127.0089861,37.59621511
낙산삼거리,127.0103599,37.58028014
풍림아파트,127.022079,37.59743346
월곡중학교,127.0488367,37.60679759
월곡초등학교후문,127.0454756,37.61137919
도광사,127.0013582,37.61543202
경동고앞,127.0149049,37.58704143
구민회관201동앞,127.0091044,37.59549999
현대홈마트,127.0328695,37.59777427
풍림아파트.성신초교,127.0230545,37.59526977
누구나교회,127.044896,37.61190835
넓은마당,126.9997383,37.61468593
삼선노인정,127.0138721,37.58637475
한신113동앞,127.0085262,37.59446343
종암아이파크2차정문,127.0325169,37.5969733
개운중학교,127.0250869,37.59404657
태광빌라,127.0439163,37.61229368
삼선초교,127.0134135,37.58510655
동구고등학교후문,127.0084192,37.59370386
극동아파트후문,127.033333,37.59601611
성북구의회,127.0261062,37.59448608
장위1동노인정,127.043045,37.61161439
고려대역.숭례초교,127.0360345,37.59489256
극동아파트정문,127.034267,37.59541933
고려대아이스링크,127.0278066,37.5929133
하트마트편의점,127.0415425,37.61208121
선경아파트,127.0343481,37.59436413
고려대안암학사,127.0299756,37.59125386
종암중학교,127.0347677,37.59323044
고려대법과대학.한국어교육관입구,127.033307,37.591334
해병대전우회,127.0356891,37.59242909
성북세무서앞,127.0105659,37.58792226
꿈의숲대명루첸아파트,127.0456216,37.62081958
래미안세레니티,127.0294148,37.59905652
양광교회.죽림정사앞,127.029364,37.59957016
석관동주민센터,127.0613211,37.61298587
한신105동앞,127.0090299,37.59267315
한신108동앞,127.0094244,37.59357395
스카이프라자앞.111동앞,127.0104117,37.59451104
한진207동앞,127.0106667,37.59631409
한진202동앞,127.0096986,37.59652924
한진204동앞,127.0096873,37.5964459
한진207동앞,127.0104212,37.59635711
스카이프라자앞.111동,127.0104115,37.59475559
한신108동앞,127.0096419,37.5939787
삼선동주민센터,127.0142591,37.59100901
수유3동우체국,127.0291615,37.64134568
수유3동우체국,127.0288271,37.64089302
수유역,127.0240046,37.63650855
수유역.강북구청,127.0253079,37.63759172
수유시장.성신여대미아캠퍼스앞,127.024172,37.63122621
수유시장.성신여대미아캠퍼스앞,127.0246144,37.63035019
미아역.신일중고,127.0266493,37.62486968
미아역.신일중고,127.027045,37.62429503
도봉세무서.성북시장,127.0287194,37.61971409
도봉세무서.성북시장,127.0292481,37.61883721
미아사거리역,127.0299325,37.61376212
미아사거리역,127.0302131,37.61289431
수유역.강북구청,127.0258704,37.63828952
우이동도선사입구.북한산우이역,127.0127135,37.66265459
우이동성원아파트,127.013424,37.660809
우이동성원아파트,127.013357,37.662045
진성빌라사거리,127.0137598,37.65969094
서라벌중학교.우이동대우아파트,127.0129303,37.65509758
덕성여대솔밭근린공원,127.0126092,37.65138093
4.19민주묘지역,127.0137115,37.64911099
4.19민주묘지역,127.014019,37.649113
국립4.19민주묘지입구사거리,127.013448,37.648147
국립4.19민주묘지입구사거리,127.013707,37.64803
국립419묘지삼거리.윤극영가옥,127.010438,37.64653
국립419묘지삼거리.윤극영가옥,127.0106932,37.64632246
인수동백운교회입구,127.0106566,37.64458788
인수동백운교회입구,127.0109422,37.64430942
인수중학교.극동아파트,127.0108286,37.64250367
인수중학교.극동아파트,127.0110529,37.64231082
서울영어마을수유캠프국립재활원입구,127.0119023,37.64005127
서울영어마을수유캠프국립재활원입구,127.0118514,37.6403058
인수동장미원,127.0155272,37.64503338
인수동장미원,127.0159997,37.64459989
가오리역,127.016555,37.64188
가오리역,127.0168114,37.64168058
강북청년창업마루,127.01746,37.646853
강북청년창업마루,127.0170949,37.64675783
수유2동주민센터우이시장,127.0194289,37.64508867
수유2동주민센터우이시장,127.020202,37.644893
광산사거리,127.0217662,37.64336548
광산사거리,127.0219164,37.64365152
우이초등학교후문,127.0136268,37.63839715
우이초등학교후문,127.0138285,37.63842866
인수동청수탕입구,127.0128649,37.63716801
인수동청수탕입구,127.0130724,37.63651846
우이초등학교,127.0171141,37.63650893
우이초등학교,127.017357,37.63681
화계사입구.한신대학교대학원,127.0139576,37.6339739
화계사입구.한신대학교대학원,127.0139522,37.6337259
수유동삼양탕앞,127.015551,37.63408
수유동삼양탕앞,127.0149108,37.6338204
화계사입구사거리,127.0168991,37.63428662
화계사입구사거리,127.0168721,37.63399314
강북노인종합복지관,127.0189956,37.63443345
강북노인종합복지관,127.0191414,37.63421713
신일병원,127.0222678,37.63472269
신일병원,127.0212163,37.63438712
강북구청,127.02602,37.640412
강북구청,127.0262069,37.64061432
강북경찰서입구,127.0286868,37.63514335
강북경찰서입구,127.0291222,37.63498699
북부시장입구,127.0318783,37.63543452
북부시장입구,127.0322955,37.63517326
번동사거리,127.035031,37.63612513
번동사거리,127.0345096,37.63563199
북부수도사업소,127.0361604,37.63423504
북부수도사업소,127.0352743,37.63495684
수유보건지소,127.0174697,37.63334035
수유보건지소,127.0177048,37.63325388
빨래골입구.수유1동주민센터,127.0177651,37.62985885
빨래골입구.서울수유초등학교,127.017982,37.630007
롯데마트삼양점.래미안1차아파트,127.018224,37.62529479
롯데마트삼양점.래미안1차아파트,127.0184391,37.62547022
삼양초등학교,127.0189879,37.62324245
삼양초등학교,127.019088,37.623407
삼양사거리역,127.0201741,37.62182995
삼양사거리역,127.0205867,37.62151722
삼양동사거리,127.021308,37.6180883
삼양동사거리,127.0214576,37.61853341
송천초등학교.미아뉴타운입구,127.0221104,37.61545969
송천초등학교.미아뉴타운입구,127.0223139,37.61409631
삼양동사거리,127.0223396,37.61915588
삼양동사거리,127.0217903,37.61914472
성암국제무역고등학교,127.0249842,37.61832419
성암국제무역고등학교,127.0255231,37.61794239
삼양입구사거리,127.0283809,37.61728877
삼양입구사거리,127.028487,37.61706
강북보건소,127.039034,37.63225189
신창교,127.0385729,37.6332852
강북보건소,127.039233,37.632478
번동주공4단지,127.0399848,37.63137804
초안교,127.04109,37.63111
번동주공3단지,127.0434629,37.62901958
번동주공3단지,127.044375,37.628652
번동주공1단지,127.0481296,37.62550715
번동주공1단지,127.047227,37.627015
오현초등학교,127.0479844,37.62341309
북서울꿈의숲,127.0442547,37.61917134
송중동한일유엔아이,127.0379534,37.61374991
창문여고앞,127.0354112,37.61199777
숭곡초등학교입구,127.0318278,37.61002218
강북청소년수련관,127.0068383,37.64566705
강북청소년수련관,127.0067788,37.64577968
국립4.19민주묘지,127.0091441,37.64689969
국립4.19민주묘지,127.008957,37.64695
강북중학교,127.0235481,37.64484192
한성운수차고지,127.0367038,37.63438127
광산사거리,127.0229921,37.64252355
광산사거리,127.0231024,37.64384451
수유중앙시장,127.0227228,37.64036011
대한병원,127.0231693,37.63673375
삼성화재강북지점,127.0248073,37.63551007
강북구청사거리,127.028345,37.638748
강북구청사거리,127.028612,37.638982
수송초등학교,127.031455,37.636832
수송초등학교,127.031647,37.636998
수유중학교혜화여고,127.0135834,37.6321134
혜화여고,127.0137958,37.63197598
서울정인학교,127.013002,37.62921339
우광타운,127.0131269,37.62929787
구세군강북종합사회복지관입구,127.012386,37.62477382
구세군강북종합사회복지관입구,127.012504,37.62492
솔샘중고등학교.팔팔·미송경로당,127.013138,37.623368
솔샘중고등학교.팔팔·미송경로당,127.013027,37.62326083
동북프라자,127.0184179,37.61988636
동북시장,127.0187973,37.61999442
두산위브아파트입구,127.0162572,37.62002182
두산위브아파트입구,127.016195,37.6201499
삼각산동SK아파트북한산시티미양초등학교,127.0133943,37.62018436
삼양동벽산라이브파크미양초등학교,127.0126071,37.62030833
SK아파트.벽산아파트상가,127.0111969,37.61973237
SK아파트.벽산아파트상가,127.0113419,37.61993691
솔샘터널,127.0092343,37.61877697
번동주공아파트3단지4단지,127.0399359,37.62937969
번동주공아파트3단지4단지,127.041138,37.63011
번동초등학교,127.0398419,37.62893886
번동한솔솔파크,127.0382811,37.62766386
번동한솔솔파크,127.037812,37.62753384
번동해모로아파트,127.0368165,37.62637509
번동해모로아파트,127.0370034,37.62685113
강북문화정보도서관,127.0372886,37.62523152
강북문화정보도서관,127.0369291,37.6253893
동문굿모닝힐,127.0377556,37.62354746
동문굿모닝힐,127.0374544,37.62374039
북서울꿈의숲,127.0375263,37.62258428
꿈의숲롯데캐슬아파트,127.0358154,37.61799254
꿈의숲롯데캐슬아파트,127.0359375,37.61859889
경남아너스빌.꿈의숲해링턴아파트,127.0345036,37.61649729
경남아너스빌.꿈의숲해링턴아파트,127.0345744,37.61674879
송중초등학교,127.0311622,37.61642163
송중초등학교,127.0316487,37.61655414
수유3동우체국,127.0275794,37.64002567
수유3동우체국,127.0281158,37.64005978
수유역.노스페이스문화센터,127.0268974,37.63895185
수유역.강북구청,127.0250607,37.63769333
미아역8번출구.신일중고,127.0255444,37.62737854
영신여객차고지(우이동종점),127.011523,37.662868
영신여객차고지(우이동종점),127.0112628,37.66291828
미아사거리역,127.029735,37.61538503
미아사거리역,127.0304393,37.61177844
한신대학교,127.013071,37.63537589
수유사거리,127.0243326,37.63462092
수유사거리,127.0249133,37.63492488
송중동주민센터앞,127.0333692,37.61605807
송중동경남아너스빌정문,127.0340715,37.61333609
북서울꿈의숲,127.0378334,37.62271754
수유역.강북구청,127.0260514,37.63863114
삼각산보건지소,127.015444,37.618182
삼각산보건지소,127.0152814,37.61746839
삼각산동삼각산아이원아파트후문,127.0188312,37.61634783
삼각산동삼각산아이원아파트후문,127.0187454,37.61627109
롯데백화점미아점,127.0307562,37.61470941
우이동주민센터입구,127.0123581,37.64766401
창문여고,127.0358639,37.61213401
솔샘터널,127.0092116,37.61874318
우이동도선사입구,127.0129572,37.66278971
우이동차고지기점,127.011738,37.663032
한성운수종점,127.035297,37.634618
화계사입구.종점,127.013707,37.632628
SK아파트벽산아파트상가,127.0111164,37.61969724
우이동차고지종점,127.012147,37.663129
삼각산동삼각산아이원아파트정문,127.016688,37.61617785
삼각산동삼각산아이원아파트정문,127.0164422,37.6163581
삼각산고.래미안트리베라,127.0218144,37.6144303
삼각산고.래미안트리베라,127.0212028,37.6144687
방천시장입구,127.0330881,37.61117582
화계사입구.한신대학교대학원,127.01343,37.633257
미아사거리역.롯데백화점,127.0302283,37.61407923
삼각산119안전센터,127.0151791,37.6195493
삼각산119안전센터,127.0153454,37.61979219
무량사입구,127.0079439,37.64621004
무량사입구,127.007842,37.646323
꿈의숲주차장입구,127.0453126,37.62086498
수유중앙시장,127.0223876,37.64089361
대한병원,127.0228831,37.63683313
우이동,127.0122905,37.66343097
미송경로당,127.0127201,37.62417727
번동초교.솔그린APT.하나은행,127.0395643,37.62899212
영암마트,127.030351,37.62890113
빨래골,127.0101795,37.62743938
본원정사,127.0063794,37.63810131
아카데미하우스.통일교육원,127.0020125,37.64204009
성원아파트,127.0133989,37.66109807
번동슈퍼,127.0378427,37.62764826
동아할인마트,127.0310972,37.6278746
수연슈퍼,127.0113566,37.62771908
모아빌라,127.0074386,37.63820046
신성빌라,127.003531,37.64350251
송중동주민센터,127.0333692,37.61610853
마을버스사무실,127.012914,37.62497741
청화슈퍼,127.0366464,37.62781895
믿음슈퍼,127.0321222,37.62708859
다리앞,127.0122019,37.62788258
해청빌라,127.0076914,37.63753425
백련사,127.0045158,37.6441927
구세군강북종합사회복지관,127.0138351,37.62516653
교육촌경로당,127.0356413,37.62716014
당진슈퍼,127.0323057,37.62557548
삼흥연립,127.0133448,37.62808377
기도원입구,127.0079138,37.63701078
강북청소년수련관,127.0070203,37.64569739
보람미용실,127.0154053,37.62525735
영순슈퍼,127.0344606,37.6266121
동문굿모닝힐,127.0374658,37.62389988
삼광학원,127.0321494,37.62449886
한빛맹아학교,127.015218,37.62871129
형제슈퍼,127.0098046,37.63668277
쌍문교,127.0246386,37.646178
페리카나치킨,127.0165405,37.62540677
당진슈퍼,127.0325364,37.62559248
동성마트,127.0321875,37.62362751
한빛예술단,127.0162904,37.62939659
삼성하이츠빌라,127.0110181,37.63673348
도일타운,127.0119358,37.63675366
강북중학교,127.0232862,37.6445347
삼양시장.롯데마트,127.0174162,37.62507054
한영교회,127.0323754,37.62307779
수유1동주민센터.파출소,127.017525,37.63015263
광산사거리,127.0230566,37.64248029
삼양부동산,127.0180166,37.62487762
제일슈퍼,127.0326718,37.62219915
진주빌딩,127.0179523,37.63091128
청수탕,127.0126566,37.63674467
강북구청,127.025984,37.64038106
삼양오거리,127.0188481,37.62478918
도일타운,127.0118238,37.63690215
홈빌라트,127.0329274,37.62124033
광성슈퍼,127.0186381,37.63214836
인수초중학교,127.0107834,37.64355613
수유역,127.0249678,37.63759063
오현초등학교,127.0459679,37.62353554
구.삼양극장,127.02114,37.62486359
꿈의숲해링턴아파트101동앞,127.033175,37.62013733
화계유치원,127.0195268,37.63387289
한신대신학대학원.화계사,127.013984,37.63373041
주공1.2단지한진아파트,127.04475,37.62533727
삼양신협,127.0232915,37.62541735
번3동주민센터,127.046604,37.62615924
미아사거리전철역,127.0304263,37.61286835
꿈의숲해링턴105동.강북50플러스센터,127.0335842,37.61838512
삼양탕,127.0149765,37.6338294
국립재활원,127.0115682,37.6402545
신원아파트.북서울꿈의교회,127.0442248,37.62611601
미아역6번출구,127.0253865,37.62593954
꿈의숲해링턴아파트108동앞,127.0339855,37.61666412
북한산스카이빌딩,127.0236086,37.63568602
송암교회.화계사거리.수유보건지소,127.0168166,37.63397783
강북구의회.강북문화예술회관,127.0142821,37.64034161
경남아너스빌정문,127.0344292,37.61306886
기산아파트.2단지후문,127.0442393,37.6276136
미아역7번출구,127.0258342,37.62673853
수유역,127.0253881,37.63748151
가오리,127.0162844,37.64063059
송중동주민센터,127.033624,37.61598681
쌍문교,127.0245795,37.64564277
주공3단지정문,127.0423068,37.62824867
깨순이김밥,127.0253321,37.62604678
8번지입구,126.45723,37.440965
번동삼거리,127.0279469,37.63509757
벽산아파트,127.0199332,37.64098236
한양아파트입구.삼덕상운,127.0409777,37.62798963
삼양신협,127.0235197,37.62563826
미아사거리역2번출구,127.030812,37.613858
양지빌라,127.0380243,37.61505105
성당앞,127.0220299,37.64225701
하나은행.새마을금고,127.0395278,37.62874463
북서울꿈의숲,127.0440959,37.61898533
강북반석교회,127.0214409,37.62510482
8번지슈퍼,127.0380372,37.61585031
롯데백화점,127.0309377,37.61445529
중앙시장,127.0224706,37.64038985
강북구민운동장.4단지,127.0385974,37.63010798
훌랄라치킨,127.0188731,37.62489911
산장빌라,127.0380477,37.6164279
화계유치원,127.0193274,37.63399367
강북보건소.번2동주민센터,127.0370685,37.63154479
삼일약국.롯데마트,127.017932,37.62503783
삼우하이츠빌라,127.0372251,37.61608124
꿈의숲해링턴아파트108동앞,127.0340676,37.61671365
성일빌딩,127.0183911,37.63226194
금호.현대아파트,127.0363141,37.63186942
삼양시장,127.0173515,37.62523163
한일아파트후문,127.0371512,37.61548565
꿈의숲해링턴105동.강북50플러스센터,127.0336691,37.61839411
수유1동주민센터.파출소,127.0175704,37.63040223
수유역,127.0245854,37.63685081
로얄공인중계사무소,127.0350082,37.63273395
페리카나치킨,127.0165825,37.62548426
장미맨션,127.0371418,37.61474406
꿈의숲해링턴아파트101동앞,127.0333154,37.62003097
한빛예술단,127.0162721,37.62962684
주공5단지,127.034374,37.63339553
보람미용실,127.0154325,37.62534024
한일아파트정문,127.0371221,37.61397724
홈빌라트,127.0330531,37.62118443
한빛맹아학교,127.0151575,37.62879533
송암교회.화계사거리.수유보건지소,127.0170114,37.63427327
강북종합시장,127.0253985,37.64116062
금강산병원.전자공단,127.0337456,37.63440853
구세군강북종합사회복지관,127.0137637,37.6253035
8번지입구,127.0377246,37.61370763
제일슈퍼,127.0327828,37.62222706
삼흥연립,127.0134411,37.62821215
성당앞,127.0218894,37.64236697
번동5거리.북부노동지청,127.034011,37.63504642
다리앞,127.0122245,37.62796908
한신대신학대학원.화계사,127.0135376,37.63411973
벽산아파트,127.019914,37.64114095
월산슈퍼,127.0125153,37.62529013
방천시장입구,127.033402,37.61095521
한영교회,127.0325243,37.62299397
수연슈퍼,127.0113793,37.62780692
유진슈퍼,127.0132671,37.63553896
가오리,127.0162289,37.64076306
정은빌라,127.0124497,37.62599658
미아사거리역,127.030937,37.61277362
삼광학원,127.0322762,37.62442224
빨래골,127.0100814,37.62749034
청수탕,127.0126679,37.63695876
강북구의회.강북문화예술회관,127.0140985,37.64043895
빨래골입구,127.0123648,37.62655166
삼성하이츠빌라,127.0110801,37.63689079
국립재활원,127.0119761,37.64022562
성원아파트,127.0134032,37.66171532
수유역.강북구청,127.025923,37.63763998
청소년독서실,127.0122707,37.62603535
믿음슈퍼,127.0322944,37.62710205
형제슈퍼,127.0097996,37.63688643
당진슈퍼,127.0327878,37.62551686
율곡어린이놀이터,127.0316117,37.62801046
기도원입구,127.0079733,37.63707384
인수초중학교,127.0110191,37.64353989
솔샘중고등학교,127.0125898,37.62406194
영순슈퍼,127.0345928,37.62646704
해청빌라,127.0078345,37.63750407
벽산아파트,127.0110032,37.61980268
금강슈퍼,127.0357113,37.62707674
모아빌라,127.0077504,37.63823093
국립419민주묘지삼거리.윤극영가옥,127.0107158,37.64615846
청화슈퍼,127.036703,37.62777658
동문굿모닝힐,127.0377523,37.62359522
본원정사,127.0064916,37.63813464
주공5단지,127.0341463,37.63358572
번동초등학교,127.0393341,37.62853174
로얄공인중계사무소,127.0347759,37.63281061
강북문화정보도서관.해모로아파트,127.0370107,37.62581278
금호.현대아파트,127.0364126,37.63173693
강북보건소앞.번2동주민센터,127.0376226,37.63165635
백련사,127.0048037,37.64458646
강북보건소.번2동주민센터,127.0373743,37.63126896
신성빌라,127.0034868,37.64367732
강북구민운동장.4단지,127.0385078,37.63003862
아카데미하우스.통일교육원,127.0019309,37.64216084
번동슈퍼,127.0376037,37.62771772
한양아파트입구.삼덕상운,127.0410989,37.62781207
주공3단지정문,127.0422331,37.62807028
기산아파트.2단지후문,127.0440252,37.6277957
신원아파트.북서울꿈의교회,127.0441737,37.62597726
주공1.2단지한진아파트,127.0448959,37.62492362
오현초등학교,127.0460254,37.62309669
주공1.2단지한진아파트,127.0446457,37.62523639
번3동주민센터,127.0466752,37.62602405
현대백화점.E마트.빅토리아호텔,127.0304771,37.61017927
미아사거리역.롯데백화점,127.0301335,37.61423926
광산사거리,127.0227669,37.64349135
보람빌딩,127.0250915,37.63489637
번동5거리.북부노동지청,127.0338943,37.63505096
금강산병원.전자공단,127.0336731,37.63435358
하나은행.새마을금고,127.0396899,37.62855415
우이3교,127.0357081,37.63640648
당진슈퍼,127.032472,37.62559673
삼성래미안아파트,127.0210555,37.61449482
성우아파트,127.0217994,37.6174097
미아사거리역,127.0297586,37.61508496
두산위브아파트,127.0154199,37.61909483
한영교회,127.0318418,37.62314282
달팽이계단,127.0311295,37.62391524
대성빌라정문,127.0304264,37.62483272
신구한일아파트입구,127.0297855,37.62574298
실버복지센터,127.0293712,37.62717313
남양빌라,127.0284681,37.62690423
미아역3번출구,127.0269768,37.62655584
미아역1번출구,127.0258844,37.62755688
수유시장,127.0240584,37.63219244
요진아파트,127.0265539,37.63362462
우일빌딩앞,127.0274879,37.63481113
신구한일아파트입구,127.0296337,37.62565741
대성빌라정문,127.0301941,37.62482557
달팽이계단,127.0309177,37.62382068
한영교회,127.0320253,37.6231743
한국전력공사,127.0247049,37.63053701
창문여고앞,127.0353821,37.61188397
도봉산역,127.0455121,37.68920286
도봉산역,127.045813,37.688568
도봉한신아파트,127.045985,37.68392295
도봉한신아파트,127.046067,37.682672
서울북부지방법원.검찰청.도봉역성황당,127.0449581,37.67776065
서울북부지방법원.검찰청.도봉역성황당,127.045103,37.677262
신도봉사거리,127.0441473,37.67328936
신도봉사거리,127.044333,37.67275
도봉소방서.방학역남부,127.0429308,37.66617481
도봉소방서.방학역남부,127.0430512,37.66567657
도봉보건소,127.0407624,37.65893642
도봉보건소.북한산아이파크아파트,127.040517,37.658205
도봉구민회관.도봉문화원,127.0381737,37.65455985
도봉구민회관.도봉문화원,127.037977,37.653968
쌍문역,127.0347687,37.64881742
쌍문역,127.0344601,37.64807141
우이1교앞,127.0326524,37.645293
우이1교앞,127.03242,37.644652
신도봉시장.도봉구청.방학역북부,127.04365,37.6699992
신도봉시장.도봉구청.방학역북부,127.043757,37.669197
도봉동한신아파트,127.0456109,37.68261403
도봉동한신아파트,127.0459587,37.68210479
녹천역,127.0524269,37.64322295
서울북부지방법원.검찰청.도봉역성황당,127.0451326,37.67718344
서울북부지방법원.검찰청.도봉역성황당,127.0446529,37.67702774
도봉견인차량보관소,127.0446002,37.67416324
도봉견인차량보관소,127.0441501,37.67410483
방학역,127.0437704,37.66892524
도봉소방서,127.0431884,37.66567562
도봉소방서,127.0425798,37.66510078
방학사거리.바로선병원,127.0422791,37.66121739
방학사거리,127.0421039,37.66221767
도봉보건소,127.0402286,37.65751282
도봉보건소,127.0399994,37.65791384
함석헌기념관.정의여중고,127.0373873,37.65263089
함석헌기념관.정의여중고,127.0365881,37.6521851
도봉구민회관.도봉문화원,127.0382222,37.65410478
도봉구민회관.도봉문화원,127.0381421,37.65482027
쌍문역.쌍문시장,127.0340974,37.64802466
쌍문역.쌍리단길,127.03428,37.64753181
우이1교앞,127.0321793,37.64399377
서울북부지방법원.검찰청.성우아파트,127.0483743,37.6761342
서울북부지방법원.검찰청.성우아파트,127.0477862,37.67580777
법조타운공영주차장,127.0473368,37.67475495
법조타운공영주차장,127.046582,37.673315
도봉구청,127.0463337,37.66895525
도봉구청,127.0460154,37.66883829
방학1동대상타운현대삼성아파트,127.0464385,37.66583336
방학1동대상타운현대삼성아파트,127.0460054,37.66638763
창동쌍용.성원아파트,127.0494952,37.66042516
창동쌍용아파트,127.0487791,37.66049679
자운고등학교앞,127.0500066,37.65893286
자운고등학교앞,127.0496686,37.6586807
창동동아청솔아파트,127.0498048,37.65668138
창동동아청솔아파트,127.0495823,37.65667134
창동농협물류센터,127.0503386,37.65493213
창동농협물류센터,127.0512467,37.65421248
창동농협물류센터,127.0510008,37.65382814
창동역동측,127.0507436,37.65317721
창동동아아파트,127.051465,37.651933
창동동아아파트,127.0514439,37.6513525
창동주공19단지,127.05239,37.64904068
창동주공19단지,127.0520286,37.64922647
창동주공18단지,127.0530436,37.64706252
창동주공18단지,127.0527729,37.64726539
도봉산입구,127.0407179,37.68708281
도봉고등학교,127.0441872,37.68731844
김근태기념도서관.도봉고등학교,127.0440287,37.68749382
도봉역,127.0466815,37.68032203
도봉역,127.0470846,37.68039591
노원교,127.049017,37.67942376
노원교,127.0491191,37.6796544
성대야구장노원교앞,127.04939,37.67907
천주교도봉동교회,127.042707,37.67121587
천주교도봉동교회,127.0428108,37.67131199
오봉초등학교,127.0391794,37.67052031
오봉초등학교,127.0393404,37.67078682
방학2동공영주차장,127.0366363,37.66943622
방학2동공영주차장,127.03657,37.66956
방학2동주민센터,127.0348109,37.6682137
방학2동주민센터,127.0346224,37.66827084
신방학중학교앞,127.0279944,37.66371962
방학동신우빌라,127.03514,37.664078
방학동신우빌라,127.0348959,37.66411589
방학동삼익세라믹,127.03493,37.661672
방학동삼익세라믹,127.0346738,37.66175514
쌍문동청구아파트,127.0350818,37.65973989
쌍문동청구아파트,127.0348107,37.65962432
샘말어린이공원,127.0318159,37.66866721
방학중학교정문,127.034428,37.666488
방학중학교정문,127.0341414,37.66654708
신한은행방학동지점,127.0372936,37.66345576
신한은행방학동지점,127.0371976,37.66323123
연산군.정의공주묘,127.0233214,37.66173172
연산군정의공주묘,127.0231446,37.66200152
방학동신동아타워,127.028111,37.66168029
방학동신동아타워,127.028692,37.662028
방학3동신동아프라자,127.0274841,37.66137047
방학동신동아아파트,127.0313835,37.66198313
방학동신동아아파트,127.03202,37.662362
국민은행방학지점,127.0342415,37.66236199
국민은행방학지점,127.034113,37.662595
신한은행방학동지점,127.0370024,37.66265461
신한은행방학동지점,127.036807,37.662933
방학사거리,127.0406168,37.66271586
방학사거리,127.0403874,37.66297722
서울문화고등학교,127.0463095,37.66287208
서울문화고등학교,127.0478212,37.66234345
서울문화고등학교,127.0480629,37.66262972
쌍문동청한빌라,127.0150062,37.65745933
쌍문동청한빌라,127.014762,37.657732
쌍문동우이빌라,127.0190079,37.65725011
쌍문동우이빌라,127.0180163,37.65743046
초당초등학교,127.0230481,37.65740256
초당초등학교,127.022295,37.657531
방학동우성아파트,127.0242706,37.65740463
방학동우성.청구아파트,127.0251,37.657656
방학3동신동아프라자,127.0277401,37.66083427
방학3동주민센터,127.0276286,37.65981337
쌍문동성원아파트,127.0289335,37.65764777
쌍문동성원아파트,127.0287373,37.65784729
쌍문동한양.현대아파트,127.0314515,37.65783984
쌍문동현대.한양아파트,127.0313206,37.65800038
쌍문동삼익금호1차아파트,127.034792,37.65804838
쌍문동금호1차삼익아파트,127.0345433,37.65825142
도봉구보건소앞,127.0375307,37.65724582
도봉구보건소앞,127.0375892,37.65743898
북서울교회,127.0136533,37.65725622
서라벌중학교.우이동대우아파트,127.013223,37.655025
덕성여대입구,127.013138,37.65106
쌍문초등학교,127.0256815,37.64697433
쌍문초등학교,127.02539,37.647095
숭미초등학교,127.027789,37.649556
숭미초등학교,127.0278192,37.64983327
둘리뮤지엄.대우이안극동아파트,127.0284258,37.65177105
둘리뮤지엄.대우이안극동아파트,127.0282646,37.65152701
창동주공1단지,127.0410046,37.65427055
창동주공1단지아파트,127.0408838,37.65366991
서울북부지방법원등기국,127.044525,37.651106
서울북부지방법원등기국,127.0445412,37.65142456
창동역서측,127.0461228,37.65233585
창4동주민센터,127.0523314,37.65251213
창4동주민센터,127.0519925,37.652747
창동주공4단지,127.0482244,37.64510104
창동주공4단지,127.0480755,37.64530574
도봉문화정보도서관,127.0443543,37.6440867
도봉문화정보도서관,127.0440281,37.64421251
창림초교창동신창아파트앞,127.0410384,37.64153557
창림초교창동신창아파트앞,127.0407269,37.64162849
국립현대미술관창동레지던시,127.0394443,37.63985019
국립현대미술관창동레지던시,127.0395396,37.64039888
창동서울탁주앞,127.0373827,37.63770789
창동서울탁주앞,127.036931,37.63758839
창2동주민센터.보건지소,127.0336398,37.64089905
창2동주민센터.보건지소,127.033467,37.640778
창2동한일아파트,127.0372571,37.64615397
창1동제1공영주차장입구,127.037608,37.64637979
한신아파트101동앞,127.0348523,37.64598169
KT도봉지점,127.035124,37.64619248
창동청구빌라,127.0398003,37.6458993
창동청구빌라,127.0395258,37.64612439
창림초등학교후문,127.040517,37.643092
창림초등학교후문,127.0403372,37.64341015
창동대우아파트,127.036716,37.64261019
창동역동측(도봉방면),127.0499898,37.65397438
창동역동측(노원방면),127.050172,37.65365769
서울가든아파트앞,127.0442009,37.646931
창1동주민센터,127.0430117,37.6487636
창1동주민센터,127.0427792,37.6487341
창동주공3단지,127.0417181,37.6509982
창동주공3단지,127.0414767,37.65132295
세그루학원,127.0279901,37.65654237
세그루학원,127.0278333,37.65562421
창동주공17단지,127.0537657,37.64574121
창동주공17단지,127.0536102,37.64610556
창3동염광아트필,127.0423499,37.63449251
창3동염광아트빌,127.0425217,37.63440404
한승미메이드아파트,127.0436713,37.63323177
한승미메이드아파트,127.0435059,37.6331769
북서울농협창동지점,127.0414906,37.63410933
북서울농협창동지점,127.0412155,37.63385199
신화초교입구,127.0402309,37.63370446
신화초교입구,127.0400822,37.63340725
서울외국어고등학교,127.052529,37.645154
서울외국어고등학교,127.0527024,37.645247
방학동도깨비시장입구,127.0368156,37.66529842
거성학마을아파트,127.0383406,37.66634307
도봉새마을금고본점,127.0412482,37.66714588
창5동현대아파트,127.0404004,37.65562295
창5동현대1차아파트,127.040602,37.65587
창동아이파크,127.0467532,37.66160313
창번교,127.0384278,37.63548391
방학3동주민센터,127.0279038,37.65916813
도봉동서광아파트,127.0494617,37.67819902
정병원,127.04192,37.661947
창동고등학교,127.0384576,37.65136646
정의여중고입구,127.0331371,37.65101219
도깨비시장,127.0357524,37.66527119
방학동도깨비시장,127.0353281,37.66545654
태영데시앙아파트,127.0324449,37.64238437
창번교앞,127.038224,37.63546864
금용아파트,127.0351771,37.63773671
창번2교앞,127.034453,37.63859
대우아파트104동,127.0383492,37.64325664
도봉산입구,127.0406897,37.68722247
샘말어린이공원,127.031945,37.668748
안방학동,127.0299513,37.66906777
동아운수앞,127.013997,37.658907
창동.신창시장,127.0384761,37.63884671
신창.창동시장,127.0384575,37.63925736
안방학동,127.0330085,37.66761732
안방학동,127.0328952,37.66788764
창동농협물류센터,127.0500741,37.654814
태영데시앙아파트,127.0317879,37.64262665
방학중학교,127.03237,37.66673357
도봉산역광역환승센터,127.0444996,37.68987622
도봉산역광역환승센터,127.0443522,37.68994836
도봉산역광역환승센터,127.044267,37.690177
한국사회봉사회,127.0147587,37.66181384
한국사회봉사회,127.0146769,37.66216333
창동교,127.0532459,37.65173012
창동교,127.0534955,37.65211067
녹천교,127.0545213,37.6447334
녹천교,127.0549455,37.64502864
창동역동측,127.049906,37.653604
도봉여성센터,127.0302538,37.6628827
한일병원,127.0284575,37.64586897
동익아파트,127.0252306,37.65069499
꽃동네,127.0224988,37.65275721
한일병원입구,127.0286428,37.64456146
용호약국,127.0252111,37.64996332
에덴약국,127.0233665,37.65143696
청한빌라,127.0151682,37.65726468
신창교,127.039682,37.633019
신화초교.초안아파트,127.041467,37.631585
사거리슈퍼,127.0258094,37.64973792
쌍문1동현대아파트,127.0226716,37.65058648
우이성당,127.0157324,37.65569189
방학동성원아파트.방학3동주민센터,127.027717,37.658726
믿음주유소,127.0265164,37.64937463
오복슈퍼,127.0231778,37.64953842
쌍문1동주민센터,127.0263789,37.64820956
코오롱아파트.덕성여대기숙사,127.0229272,37.64891763
덕성여대후문.효문중고교앞,127.0171019,37.65269144
창동아이파크,127.0478602,37.66123781
도봉구보건소앞,127.0377807,37.65738215
쌍문초등학교,127.025011,37.64764902
쌍문1치안센터,127.0202836,37.65009582
신일라이프아파트,127.0294952,37.6506913
시립도봉노인종합복지관,127.0355267,37.65810101
경기푸른미래관,127.0219691,37.64954844
방학삼성래미안1단지아파트,127.0462738,37.66739551
소피아호텔,127.0349114,37.65112144
쌍문동현대1차아파트,127.032386,37.65806227
미래빌라,127.0264644,37.6479708
도봉중학교.서원아파트,127.0457717,37.67127394
창동한신아파트,127.0347141,37.64599615
성원아파트,127.0301169,37.65791599
세무서앞,127.0509355,37.65328901
창동중앙약국,127.0371449,37.646154
선덕사거리.세그루학원입구,127.0282852,37.65780381
서울북부지방검찰청.한양수자인아파트,127.0473814,37.67468658
오봉초등학교,127.0398564,37.67102378
방학3동주민센터,127.0274082,37.65846361
청구아파트,127.0265443,37.65771501
엘지전자,127.0313946,37.6508503
시온슈퍼,127.0409094,37.67281386
창성빌라,127.040309,37.64419491
김수영문학관,127.0251961,37.65942465
서울북부지방법원,127.0492414,37.67767018
부부슈퍼,127.0425394,37.67445144
벽산아파트,127.0249781,37.65832268
삼거리슈퍼,127.0436465,37.67567019
방학3동주민센터,127.0274592,37.65832213
믿음주유소,127.0266535,37.64939262
쌍문초등학교,127.0249119,37.64782923
창동고등학교,127.0379918,37.65125024
도봉역,127.04578,37.68098753
성황당,127.0437721,37.67718756
창2동주민센터·보건지소,127.035623,37.64221561
금호타운,127.029388,37.65767739
사거리슈퍼앞,127.0259102,37.64979827
대우.삼성서비스센터,127.0471188,37.68313045
도봉1동주민센터.럭키아파트,127.0437151,37.67862029
창2동건영아파트,127.0337768,37.64076745
용호약국,127.0251556,37.65008588
오복슈퍼,127.023247,37.64960149
도봉경찰서.창4동주민센터,127.0516851,37.65231101
유원극동아파트,127.048895,37.682771
도봉1파출소,127.0436414,37.6795203
쌍문동한양아파트,127.0325684,37.65786849
거성학마을아파트,127.0378895,37.66625503
쌍문1동현대아파트,127.0227441,37.65051888
한신아파트후문,127.049504,37.68382801
창북중학교,127.0381461,37.6515935
윤성빌라.다리앞,127.0423594,37.67901455
에덴약국,127.0234515,37.65137477
도봉파크빌2단지,127.0515735,37.68423171
녹천북부역,127.0505873,37.64567217
창1동대우그린아파트,127.0486326,37.64699598
창일중학교,127.0478674,37.64866104
창동역서측,127.0463384,37.65232919
상아아파트,127.0432189,37.6530583
옛고을길입구,127.0315854,37.65085709
창일중학교,127.047397,37.64915355
주공4단지후문,127.0483172,37.64685882
창동아이파크,127.0471637,37.66095426
북한산아이파크,127.0419097,37.65919257
북한산아이파크,127.0421159,37.65907983
창동아이파크,127.047498,37.66103779
도봉초등학교,127.0407189,37.67847171
도봉구보건소앞,127.037699,37.65715781
경기푸른미래관,127.0220348,37.64965626
서원아파트,127.0466778,37.67169528
창동이마트,127.0461709,37.65133292
누원고등학교.한신아파트정문,127.0509577,37.68580165
서울문화고등학교,127.0467521,37.66364684
부대앞,127.0389714,37.67811825
소피아호텔,127.0351189,37.65136196
청구아파트,127.0264128,37.6575159
쌍문1치안센터,127.0204615,37.6501841
무수골,127.0361868,37.6777533
정의여중고,127.0331242,37.65120125
덕성여대후문.효문중고교앞,127.0172527,37.65277161
부대앞,127.0390076,37.67802002
신일라이프아파트,127.0298772,37.65094621
약초원.동아슈퍼,127.0160925,37.65456042
도봉초등학교,127.0404397,37.67831779
우이1교,127.0317544,37.64393309
우이성당,127.0157596,37.65603283
엘지전자,127.0313539,37.65106296
한신아파트정문,127.0504502,37.68647317
윤성빌라.다리앞,127.0423843,37.67893795
한일병원입구,127.029172,37.64442166
청한빌라,127.0152986,37.65731062
도봉파크빌3단지,127.0493866,37.68798832
도봉1파출소,127.0433971,37.67955752
도봉1동주민센터.럭키아파트,127.0435712,37.67863746
신동아아파트16동,127.0278033,37.66019629
도봉산역,127.0466117,37.68935007
성황당,127.043628,37.67694882
도봉파크빌3단지,127.049145,37.68793977
삼거리슈퍼,127.043448,37.67559265
대원그린아파트.도봉실버센터,127.0276625,37.66255895
부부슈퍼,127.0425258,37.67459652
방학동극동아파트.방학동천주교성당,127.028216,37.66365182
시온슈퍼,127.041074,37.67312738
방학중학교,127.0325923,37.6666528
오봉초등학교,127.0397113,37.67103554
누원고등학교.한신아파트정문,127.0506753,37.68567472
도봉파크빌2단지앞,127.051339,37.68414823
도봉중학교.서원아파트,127.0463168,37.67055229
극동유원아파트후문,127.0506853,37.68200013
삼환아파트후문,127.0495742,37.68022008
삼환.동아에코빌아파트,127.0475733,37.68055701
대상타운현대아파트,127.0462033,37.66579516
서울문화고등학교,127.046477,37.66396831
서울북부지방법원,127.0485936,37.67698563
서울북부지방검찰청.한양수자인아파트,127.0470617,37.67472996
하나약국,127.0464731,37.67246308
한신아파트정문,127.0500737,37.68661295
약초원.동아슈퍼,127.0160182,37.65428632
코오롱아파트.덕성여대기숙사,127.0232739,37.64885358
법종사,127.0183106,37.65724585
효문중학교,127.0186268,37.65153344
효문중학교,127.0183803,37.65149518
도봉중학교후문,127.0450449,37.67111683
방학동도깨비시장입구,127.036319,37.66518685
온누리교회,127.040385,37.66738866
공릉시장,127.0741782,37.62274084
공릉시장,127.0736212,37.62311604
태릉입구역4번출구,127.0752003,37.6195891
태릉입구역3번출구,127.074841,37.61942533
태릉입구역,127.0743733,37.61740508
태릉입구역,127.0745338,37.61701603
공릉1동삼익아파트,127.0727577,37.61795077
공릉초등학교,127.0735465,37.61865211
대주아파트,127.0719632,37.62131669
공릉행복발전소,127.0723922,37.62214903
공릉대아2차아파트,127.0713043,37.62299041
태릉사거리,127.0781313,37.61971327
경춘선숲길.토끼굴앞,127.0796854,37.61920993
주유소앞다운복지관,127.0797927,37.61894631
태릉사거리,127.0783739,37.61887969
서울생활사박물관.농협앞,127.0779971,37.61868398
태릉입구역7번출구.서울생활사박물관,127.0766767,37.61785593
화랑대역1번출구,127.0832854,37.61978101
공연초등학교,127.076128,37.62681435
공릉역,127.0741277,37.62598221
서울과학기술대앞,127.0761457,37.63034846
동신아파트,127.0775732,37.62762881
현대성우아파트,127.0777061,37.62746879
동부아파트,127.0785188,37.62738942
한보아파트.삼익아파트,127.0804799,37.62754669
삼익아파트.한보아파트,127.0800991,37.62734331
원자력병원,127.0820912,37.62840735
원자력병원입구,127.0794579,37.62627157
안마을,127.079519,37.62345785
두산힐스빌아파트,127.0788884,37.62138706
두산힐스빌아파트,127.0790469,37.621341
안마을,127.0794301,37.62369707
공릉해링턴플레이스,127.0850408,37.62826706
원자력병원.공릉해링턴플레이스,127.0853189,37.6271441
공릉우방아파트,127.086035,37.626095
태릉해링턴플레이스아파트,127.0859251,37.62533451
화랑타운아파트,127.086747,37.623608
청솔아파트,127.0865288,37.62330009
화랑대역2번출구,127.0835907,37.62022142
화랑대사거리,127.0881214,37.62181229
화랑대사거리,127.0878831,37.62197335
경춘선숲길.화랑대역공원,127.0911285,37.62384398
경춘선숲길.화랑대역공원,127.0902614,37.6235352
서울여대.육군사관학교행정안내소,127.0947361,37.62590215
서울여대.육군사관학교행정안내소,127.0945527,37.62616751
태릉국제사격장,127.0962778,37.62764749
태릉국제사격장,127.0961867,37.62819453
태릉,127.0985753,37.63018935
태릉,127.098258,37.63046
태릉선수촌,127.1032736,37.63330218
태릉선수촌,127.1035996,37.63389841
한국스포츠정책과학원,127.1062794,37.63559186
한국스포츠정책과학원,127.1053041,37.63515307
삼육대앞,127.1084329,37.63841539
삼육대앞,127.1083938,37.638788
담터고개,127.1111217,37.64089986
원자력병원공릉동삼익2차아파트,127.0797928,37.62604325
예수사랑교회,127.0871774,37.62230484
서울과학기술대입구,127.0718013,37.6284741
서울과학기술대입구,127.0713745,37.6283445
공릉역1번출구,127.0727039,37.62669038
공릉역4번출구,127.072313,37.62660953
공릉신도2차아파트,127.0713065,37.62539155
공릉대동2차아파트,127.071052,37.62687062
공릉대동2차아파트,127.0707518,37.62712923
노원문화원,127.0699477,37.62837789
노원문화원,127.0698346,37.62861134
용원초등학교,127.0687126,37.62865917
용원초등학교,127.0686697,37.62826952
공릉동.동신아파트앞,127.0775444,37.62823009
공릉2단지,127.0675702,37.63063975
서울과학기술대학교후문,127.0831052,37.63112086
영화교회,127.0716995,37.63057199
서울과학기술대학교후문,127.0832994,37.632515
공릉삼익아파트,127.0733714,37.62947964
공연초등학교,127.0755405,37.62672366
공릉역,127.0736172,37.62598959
공릉1단지후문,127.0697006,37.6313165
상계주공9단지,127.058456,37.6629604
노원고등학교,127.0545329,37.66132052
임광아파트상가,127.057463,37.661178
상계주공7단지,127.0591136,37.66036677
대림아파트상가,127.0586795,37.66034356
도봉면허시험장,127.0599659,37.65744685
도봉면허시험장,127.0595396,37.65733803
상계주공7단지,127.0598156,37.66090526
상계주공7단지.광림교회앞,127.062605,37.6605619
상계10동우체국,127.0628214,37.6607334
청원고등학교,127.0617199,37.66504924
상계주공9단지,127.0587962,37.66457677
온곡중학교.노원중앙도서관,127.0645319,37.6595872
온곡중학교.노원중앙도서관,127.0644767,37.65929276
두산아파트.도심공항수락터미널,127.053183,37.67871677
두산아파트.도심공항수락터미널,127.0533189,37.67850047
수락산역3번출구,127.0555615,37.67717088
수락산역,127.0551013,37.67735401
노일초등학교,127.055256,37.67351355
노원초등학교,127.0557491,37.67291553
상계현대2차아파트,127.0509549,37.67171784
상계현대3차아파트,127.0525754,37.67095212
수락리버시티아파트,127.0552031,37.68933105
수락리버시티아파트,127.0556485,37.68901186
수락중고등학교,127.0552709,37.68283878
수락중고등학교,127.0555582,37.68293
은빛아파트2단지,127.0552746,37.68020944
홍파복지원.수락산벨리체아파트,127.0555052,37.68026088
상계초등학교,127.0659939,37.6576161
상계초등학교,127.0659036,37.65810493
노원역9번출구,127.0619865,37.65609111
노원역1번출구,127.063365,37.656202
롯데백화점노원점.노원역4번출구,127.0622715,37.65482958
와우패션클럽,127.0638662,37.6551912
중앙하이츠2차아파트,127.067488,37.654692
상계중학교정문,127.0681369,37.65258965
상계중학교,127.0694249,37.65158205
코오롱아파트.양지대림아파트,127.070716,37.65249758
상계119안전센터,127.0715549,37.65407875
상계119안전센터,127.0718383,37.65422724
상계동주유소,127.0716241,37.65752144
상계동주유소,127.0718499,37.65775198
상계중앙시장입구,127.070695,37.658467
상계중앙시장입구,127.0706328,37.65863828
흥안운수종점,127.0809233,37.66976648
흥안운수종점,127.0805894,37.66966891
불암현대아파트,127.0793552,37.6682034
동아불암아파트,127.0777874,37.66614806
동아불암아파트,127.0787108,37.66704833
노원롯데캐슬시그니처아파트,127.0771189,37.66486
노원롯데캐슬시그니처아파트,127.076949,37.6649502
상계불암대림아파트,127.0761169,37.66317581
흥안운수상계4동종점,127.0825489,37.67091766
상계역,127.072127,37.65974333
상신교회,127.070768,37.661312
상신교회,127.070903,37.661425
계상초등학교,127.0689792,37.66283107
상계5동주민센터,127.0691877,37.66286449
상계한신2차아파트,127.066944,37.664199
상계한신2차아파트,127.0666569,37.66444373
상계벽산아파트,127.0734913,37.66129217
당고개입구오거리,127.0753602,37.66293529
상계2동주민센터,127.0677788,37.65757004
벽산아파트103동,127.0718983,37.66056561
상계주공3단지,127.0610352,37.65194224
상계주공2단지,127.0617372,37.64937441
상계주공1단지,127.0627808,37.64730836
마들근린공원.노원에코센터,127.0594958,37.64505084
마들근린공원.노원에코센터,127.0595368,37.6452861
노원구청,127.0581487,37.6539307
노원구청,127.057241,37.6542764
노원구청,127.057487,37.65430872
상계주공2단지223동,127.0569921,37.64790634
상계주공2단지,127.0604209,37.65110933
상계주공6단지,127.0611445,37.65318414
상계주공4단지,127.0617647,37.65077523
백병원,127.0628821,37.64801824
상계6.7동주민센터,127.0672044,37.65442073
상계중학교,127.0678157,37.6523542
상계2동주민센터,127.0674898,37.65763778
상경초등학교,127.0520711,37.67079715
상계주공15단지,127.0565592,37.6682903
마들역,127.05742,37.665283
상계주공10단지,127.0582162,37.66214414
노원고등학교,127.0544629,37.66168992
상계주공10단지상가,127.0576005,37.66142407
상계주공14단지,127.056828,37.669103
마들역,127.057562,37.666492
보람아파트1단지,127.065452,37.66440836
보람아파트2단지,127.0643815,37.6647816
청원고등학교,127.0616146,37.66522951
상계주공12단지1202동,127.0597894,37.66492228
광운대역,127.061673,37.622578
광운대역,127.0618284,37.62260609
월계현대아파트,127.0633583,37.61983487
월계현대아파트,127.0634001,37.61931891
월계1동경로당,127.0641713,37.61716288
석계역1번출구.A,127.065197,37.61493
석계역2번출구,127.0669732,37.61527426
광운대학교,127.0584819,37.61996115
월계삼거리,127.060007,37.6226678
청백아파트1단지,127.052187,37.635412
대우아파트,127.0521635,37.63310967
청백아파트3단지4단지,127.0509347,37.63173573
청백아파트3단지4단지,127.0510635,37.63162877
초안아파트.흥화브라운빌아파트,127.0443047,37.63206983
초안아파트.흥화브라운빌아파트,127.0440641,37.63229967
쌍용스윗닷홈아파트,127.0454252,37.63039807
신창중학교후문,127.0473977,37.62796689
신창중학교후문,127.0472744,37.62791947
염광고등학교,127.0503112,37.62754013
염광고등학교,127.0502378,37.62730124
월계주공1단지상가,127.0516251,37.62669022
월계공단,127.0518547,37.62713016
월계종합사회복지관,127.0525942,37.62748942
월계종합사회복지관,127.0527726,37.62748483
월계주공2단지,127.0538076,37.62835008
월계주공1단지,127.0541043,37.62828611
인덕대학교,127.0551762,37.62865659
인덕대학교,127.0554102,37.62867067
월계주공108동앞롯데캐슬루나아파트,127.0525926,37.62618916
인덕대학교,127.0552744,37.6279838
한진한화그랑빌아파트,127.0692324,37.61580549
한진한화그랑빌아파트,127.0698589,37.61825517
한천초등학교,127.0698708,37.61945266
한천초등학교,127.0699692,37.61998609
월계동대우아파트,127.0521986,37.63300062
월계미성아파트,127.0693433,37.62168291
월계미륭아파트,127.0683895,37.62310657
월계미륭아파트,127.0686266,37.62338397
월계삼호아파트,127.0672914,37.62517519
월계삼호아파트,127.0675294,37.62532103
월계삼호4차아파트,127.0658231,37.62646547
월계삼호4차아파트,127.0659819,37.62666271
녹천초등학교월계이마트,127.064038,37.628387
녹천초등학교월계이마트,127.0649064,37.62755178
월계사슴아파트2단지,127.0605903,37.63210609
월계사슴아파트3단지,127.0604079,37.6319574
월계역,127.0592762,37.6339281
월계역,127.0590506,37.63373538
대우아파트,127.0523148,37.63389355
인덕삼거리,127.0574775,37.62846246
신도브래뉴.한전노원변전소,127.0591992,37.6281868
광운중.광운인공지능고등학교,127.0563054,37.61895535
광운중.광운인공지능고등학교,127.05653,37.61894849
광운대학교,127.0581458,37.61984293
월계삼거리,127.0596195,37.62261399
롯데캐슬루나아파트,127.051508,37.62520589
인덕대앞,127.0575128,37.6290379
월계보건지소,127.0616209,37.63197646
월계보건지소,127.0617142,37.63173991
교육촌.벼루말,127.0527149,37.62196856
장석교회,127.0506124,37.62420619
쌍용스윗닷홈아파트,127.0450262,37.6306058
인덕삼거리,127.0571623,37.62869931
신도브래뉴.한전노원변전소,127.0588028,37.62840099
상명고등학교.성원아파트,127.0691543,37.64991314
중계1동주민센터,127.0769381,37.65172605
은행사거리,127.0764226,37.6488502
양지근린공원,127.0763721,37.64672146
서라벌고등학교,127.0750013,37.64484116
불암중학교,127.0742898,37.64652908
불암중학교,127.074127,37.64653754
중계주공10단지.중계건영3차아파트,127.0736281,37.64770753
롯데우성아파트,127.0738318,37.64750693
중계구민체육센터,127.0712087,37.6476009
중계구민체육센터,127.0712793,37.64776837
롯데마트,127.0702112,37.64719155
을지중학교,127.0718008,37.65053999
을지중학교,127.0709042,37.65020872
청암중.고등학교,127.0739505,37.65289023
중계주공5단지514동,127.0749325,37.65081085
원광초등학교,127.0766007,37.65449071
중계역,127.0643729,37.64407071
노원구민의전당,127.0664181,37.63939116
건영옴니백화점,127.0641135,37.63890146
브라운스톤중계.우리은행앞,127.0640919,37.63945558
서울아이티고등학교,127.062437,37.64263018
서울아이티고등학교,127.0631034,37.64169794
어린이교통공원,127.0628698,37.64535768
중계역,127.0650888,37.64321889
서울시립북서울미술관,127.06674,37.63974693
중계건영2차아파트,127.0652454,37.64609929
중계역2번출구,127.0649391,37.64561755
상명초등학교,127.0677842,37.64785061
중계3단지목련아파트,127.0679665,37.6475
상명고등학교,127.0690665,37.64948354
목련아파트상가,127.0698766,37.64685822
중계목화아파트4단지,127.0714067,37.64353141
용동초등학교,127.0691311,37.64211627
용동초등학교,127.0690118,37.64187215
2001아울렛중계점,127.0676632,37.64168821
서울시립북서울미술관후문,127.0668462,37.64130782
홈플러스중계점,127.0686266,37.64072259
노원평생학습관,127.0689347,37.63934286
대진여자고등학교,127.0671607,37.64454893
청계초등학교,127.0669303,37.64450811
중계역1번출구,127.0637573,37.64626494
상계역,127.0739702,37.66136395
상계역,127.073033,37.6593
상계역,127.0732122,37.65943112
중계주공3단지,127.0770172,37.65695395
중계주공2단지,127.0778333,37.65705027
중계주공4단지,127.07801,37.655012
중계주공4단지,127.0783572,37.6541375
중계1동주민센터,127.0775629,37.65186702
신한은행중계동지점,127.0774015,37.65054321
기업은행중계동WM센터,127.0776284,37.65073677
공릉신도2차아파트,127.0715005,37.62541227
노원문화예술회관.불암초등학교,127.0801603,37.65067766
노원문화예술회관.불암초등학교,127.0809178,37.65004819
영신여자고등학교입구,127.0811175,37.64981993
불암고등학교,127.080575,37.64850217
중계본동주민센터,127.0806838,37.64747397
노원우체국,127.081718,37.64603243
노원우체국,127.0819108,37.64615845
중계본동종점,127.083058,37.644643
중계주공7단지,127.079788,37.647938
중계주공6단지상가,127.0794425,37.64812629
대림벽산아파트,127.077428,37.647837
중계주공6단지,127.0775774,37.64808792
은행사거리,127.0768626,37.6498881
대림벽산아파트,127.076746,37.64675726
하계역,127.0677831,37.63738801
하계미성아파트,127.0688261,37.63509439
서울과학기술대앞,127.0760826,37.63055652
중계주공9단지후문,127.0766006,37.64302277
중계주공9단지후문,127.0762238,37.64302977
삼익선경아파트후문.시립과학관,127.0763594,37.63990327
한신동성아파트.시립과학관,127.0760935,37.64019626
삼익선경아파트,127.0775271,37.63810845
대진고등학교.하계우방아파트,127.0773942,37.63787606
하계미성아파트.을지병원,127.0694328,37.6365848
하계역,127.0694876,37.63685375
한성여객종점,127.070056,37.63813
한성여객종점,127.070816,37.63727106
북부여성발전센터앞,127.0623625,37.64326081
그린아파트101동앞,127.061918,37.6443054
대진고등학교,127.0736491,37.63793622
골마을근린공원,127.0742335,37.63834592
서울온천,127.074308,37.63936483
하계1동주민센터,127.0728303,37.64042632
노원경찰서.혜성여고,127.072526,37.6420899
노원경찰서,127.0721297,37.64201649
동천학교,127.0742364,37.64408294
동천학교,127.073769,37.64407422
서라벌고등학교,127.0747387,37.64501514
하계현대아파트,127.0711485,37.64495798
홈플러스중계점,127.0689923,37.64046658
하계한신청구아파트,127.068946,37.63919155
경기기계공업고등학교,127.0740538,37.63092906
한천중학교,127.0734431,37.63094205
하계역,127.0676154,37.63680471
하계장미아파트,127.0688041,37.63407882
하계2동주민센터,127.0681379,37.63198414
하계2동주민센터,127.0681178,37.63177017
중평초등학교,127.065372,37.63659875
하계극동아파트,127.0645878,37.63383316
하계시영아파트,127.0654519,37.63405342
하계우성아파트,127.0666509,37.63514069
하계장미아파트,127.0669625,37.63492779
중평초등학교,127.0650012,37.63695935
석계역1번출구,127.064818,37.61516909
중계1동신안아파트,127.0722916,37.65124697
하계5단지아파트,127.0663249,37.63394147
그린아파트101동앞,127.0616415,37.64434339
북부여성발전센터앞,127.0621743,37.64317531
당현초등학교,127.0589262,37.64834422
상계주공2단지상가,127.0570694,37.65041064
월계미성아파트,127.0691618,37.62146705
벼루말교,127.0552208,37.61984884
청구빌라.연촌초등학교,127.0714772,37.63509507
청구빌라.연촌초등학교,127.071537,37.63528
벼루말교,127.0552252,37.61966502
하계1치안센터,127.0724128,37.63311233
하계1치안센터,127.0722633,37.63294949
월계중학교,127.0511179,37.63005456
염광중학교후문,127.0510739,37.63033662
월계1동경로당,127.0640318,37.61705373
월계역신도브래뉴아파트앞,127.0590759,37.62988072
태릉입구,127.0786053,37.61833077
석계역1번출구.B,127.0652029,37.61492336
삼화상운차고지,127.052946,37.62608628
월계동진아교통,127.064418,37.627735
월계동진아교통,127.06447,37.627618
중계본동종점,127.082796,37.644617
한성여객종점,127.0706355,37.63753499
흥안운수상계4동종점,127.0822757,37.67083422
삼화상운,127.05038,37.627217
유원극동아파트,127.046128,37.62960157
유원극동아파트,127.0462391,37.62967271
월계미륭아파트,127.0680456,37.62403749
7단지영업소,127.0637357,37.66027786
수락리버시티3.4단지,127.0526874,37.68721096
7단지영업소,127.0641071,37.65964199
경춘선숲길방문자센터,127.0703978,37.6318319
월계주공1단지아파트앞,127.05156,37.62626
불암산스포츠타운,127.0828056,37.63901592
불암산스포츠타운,127.0824367,37.63868736
수락현대아파트,127.0602824,37.67463564
서울특별시북부기술교육원,127.0571173,37.64216054
상계8동주민센터,127.051942,37.66697305
온곡초등학교,127.0664538,37.66671546
상계역,127.0736492,37.66064423
수락산디자인거리,127.0578761,37.67497324
상계주공11단지,127.0551197,37.66701776
보람아파트앞,127.06617,37.66496663
노원센트럴푸르지오아파트상가,127.0751188,37.6638676
7호선수락산역,127.055859,37.67583465
마들역,127.057202,37.666379
오뚜기슈퍼,127.0727574,37.66437525
상계주공9단지,127.0593675,37.66467109
대동아파트,127.0722416,37.62013598
또또슈퍼,127.0716044,37.66530677
상계주공14단지,127.0578625,37.67092171
청원고등학교,127.061113,37.66451702
수락산역,127.0552228,37.67782161
대동택시,127.0708375,37.66588212
14단지상가,127.0595053,37.6697567
상계주공9단지.포레나노원,127.0616938,37.66226492
상계금호어울림아파트입구,127.0695324,37.66659204
상원초등학교,127.0603076,37.66810656
주유소앞,127.0658942,37.6556172
건민약국앞,127.0719758,37.62501383
노일중학교,127.0546942,37.67253975
한신1차아파트후문,127.0692075,37.66590651
청원고등학교후문,127.0616682,37.66699559
벽산상가,127.0655683,37.63559988
롯데백화점.노원역4번출구,127.0621375,37.65478394
상계1차현대아파트,127.0528007,37.67206214
상계한신1차아파트상가,127.0689224,37.66526601
상계주공13단지,127.0634329,37.66674686
노원역10번출구,127.0644342,37.65664073
한신1차아파트정문,127.0682379,37.6654268
보람아파트정문,127.0644308,37.6645549
한신3차아파트,127.067273,37.665476
상계주공15단지,127.053617,37.67063808
보람사거리,127.0670672,37.66436871
청솔7단지아파트,127.0722281,37.63173035
대림아파트105동앞,127.0737281,37.66286874
상계6동우체국,127.0588726,37.65369891
석계역,127.0644586,37.61542163
노원역2번출구,127.0631567,37.65627519
노원역5번출구,127.0616022,37.65432737
장미6단지아파트,127.0669925,37.63295981
화진연립,127.060756,37.61588135
KT플라자노원점,127.0636627,37.65488966
중계센트럴파크아파트,127.0596903,37.64378937
장석교회,127.0509399,37.62426686
교육촌.벼루말,127.0526752,37.62186722
꿈의숲SK뷰아파트,127.0536515,37.62087119
석계역문화공원,127.0643657,37.61488758
꿈의숲SK뷰아파트,127.0537704,37.62087789
장미5단지아파트,127.066487,37.63408285
당고개역,127.0784856,37.6692446
동신아파트,127.0609645,37.61730405
순복음교회,127.0659778,37.65530988
수락산역,127.055286,37.68025899
하계역,127.0683619,37.63534469
지에스마트,127.0659762,37.66379083
보람아파트상가,127.0651801,37.66465901
삼창아파트,127.0596523,37.6181959
포레나노원,127.0616934,37.66318582
청솔7단지앞,127.0723073,37.63159604
경춘선숲길방문자센터,127.070405,37.63161521
메디아이산부인과,127.0669717,37.65649154
보람1차후문,127.0656993,37.66210327
상계주공13단지,127.0638597,37.66666988
노일초교,127.0559096,37.67277346
노일초교앞,127.055255,37.67358744
노원역,127.0609915,37.6518335
노원역,127.0612203,37.65295252
중계역,127.0627647,37.6472686
중계역,127.0628447,37.64808494
하계역,127.0688594,37.63504024
하계역,127.0683473,37.63515587
동신아파트,127.0586613,37.61708085
청백아파트,127.0523483,37.63220844
청백아파트,127.0525502,37.63252842
월계주공2단지앞,127.0546629,37.62920035
인덕대앞,127.0547791,37.6293422
청원고등학교,127.0613183,37.66462144
청백아파트종점,127.0524832,37.63555897
롯데캐슬루나아파트,127.0515463,37.62522907
인덕대학,127.0554494,37.62869647
인덕대학교,127.0551905,37.62792256
롯데캐슬루나아파트,127.0513039,37.62538597
수락터미널,127.0536286,37.67876178
상계2동주민센터,127.068271,37.65804613
온곡중학교,127.0653476,37.66042115
청원고등학교후문,127.0619732,37.66707743
화진연립,127.0607955,37.61575067
석계역,127.0639696,37.6152948
마들역,127.0568606,37.66447798
수락리버시티3.4단지,127.0528499,37.68705601
14단지상가,127.0596913,37.66987825
농협,127.064309,37.6166562
동일초등학교,127.0557934,37.66441243
월계1동주민센터,127.0635603,37.61938599
주공11단지성당,127.0534874,37.66449467
건민약국앞,127.0718695,37.62524187
상계주공14단지,127.0566789,37.67066368
광운대역,127.0613442,37.62318794
대아아파트,127.0711683,37.62298826
대주아파트,127.071688,37.62156213
7호선수락산역,127.0560307,37.67556944
대동아파트,127.0721221,37.619658
성원아파트,127.0655776,37.6603174
수락산디자인거리,127.057699,37.67487391
공릉초등학교,127.0725315,37.61832932
보람1차후문,127.0659577,37.66211664
수락현대아파트,127.0595714,37.67434225
하계실버센터,127.0648937,37.63374289
지에스마트,127.0661459,37.66340778
벽산상가,127.065882,37.6354312
현대우성아파트,127.0651882,37.63702907
미도아파트앞,127.0608645,37.64479703
상계현대3차아파트,127.0537429,37.67073083
원자력병원입구,127.0775986,37.62736931
상원초등학교,127.0605994,37.66798703
상원중학교,127.05795,37.671119
노원역8번출구,127.0592604,37.65531992
서울과학기술대학교정문앞,127.0771009,37.63029274
대학본부앞,127.0787105,37.63212989
붕어방,127.0779199,37.63386005
대학본부앞,127.0784952,37.63206335
서울과학기술대학교정문앞,127.0775867,37.6311854
중계그린아파트,127.064179,37.64070167
브라운스톤중계,127.0640735,37.64047916
당고개역,127.0797113,37.67061702
동막골유원지,127.0866349,37.6751004
상계3.4동주민센터,127.0831809,37.67231586
상계3.4동주민센터,127.083425,37.67300371
상계4동,127.0844988,37.67387919
동막골유원지,127.0864366,37.67522759
덕은교.은평차고지앞,126.8841145,37.58959775
덕은교.은평차고지앞,126.8847866,37.58916498
수색교,126.8886727,37.58575951
수색교,126.8901789,37.58469583
수색역앞,126.893238,37.58322303
수색역앞,126.894103,37.583047
디지털미디어시티역,126.900505,37.579047
디지털미디어시티역,126.9013445,37.57861723
은평뉴타운10단지,126.915165,37.642948
은평뉴타운10단지,126.91373,37.643407
구파발역입구,126.917023,37.636164
구파발역입구,126.916837,37.637116
박석고개.신도고등학교,126.919374,37.629919
박석고개.신도고등학교,126.919017,37.631088
세명컴퓨터고등학교,126.9199735,37.62421479
세명컴퓨터고등학교,126.9199961,37.62528259
연신내역.연서시장,126.9218398,37.6183599
연신내역.연서시장,126.9209337,37.61932256
동명여고.천주교불광동성당,126.9250897,37.61560685
동명여고.천주교불광동성당,126.924016,37.61617153
불광역3.6호선,126.9287979,37.6119113
불광역3.6호선,126.9281552,37.61244739
불광역3호선.서울혁신파크,126.9316258,37.60865068
불광역3호선.서울혁신파크,126.9310648,37.60906481
한전서대문은평.북한산푸르지오,126.9343296,37.60555732
한전서대문은평.북한산푸르지오,126.9338054,37.60609311
녹번역,126.935322,37.60186197
녹번역,126.9350486,37.60243491
신사1동주민센터,126.911347,37.598063
불광역1번출구,126.9304603,37.61008793
불광역3.6호선,126.9283886,37.61248358
동명여고,126.924228,37.616295
연신내역,126.9221617,37.61819251
선일하이츠빌라,126.9199426,37.6227911
세명컴퓨터고등학교,126.9202811,37.62574865
구파발역2번출구,126.918989,37.636768
구파발역.롯데몰,126.918577,37.637248
구파발역.롯데몰,126.9185307,37.63724645
박석고개,126.9198716,37.62623738
신한은행갈현지점,126.9196884,37.62384696
연신내역,126.9225593,37.61734638
동명여고,126.9240648,37.61597708
불광역3.6호선,126.9278449,37.61266684
불광역4번출구,126.9303365,37.60975814
녹번역,126.932868,37.601221
은평구청,126.9304072,37.60142755
은평세무서,126.9263379,37.60139985
본서부병원,126.9237965,37.60089962
신진과학기술고교.이마트은평점,126.9185107,37.59985981
응암역신사오거리,126.9148667,37.59903523
응암역신사오거리,126.9149894,37.59875925
신진과학기술고교.이마트은평점,126.9186296,37.59953765
본서부병원,126.9235788,37.60055018
은평세무서,126.926653,37.60122164
은평구청,126.9303926,37.60119652
녹번초등학교.은평세무서,126.9261579,37.60283911
역촌역.역촌오거리,126.9224758,37.60695709
삼성타운,126.920971,37.60870329
구산역1번출구.예일여고,126.91818,37.61085228
역촌중앙시장,126.914715,37.61281575
구산사거리,126.912487,37.613613
선진운수종점,126.9104575,37.61434428
선정중고등학교,126.9083886,37.61583158
서울경찰청86.87기동대.우남아파트,126.906434,37.618049
서울경찰청86.87기동대.우남아파트,126.9058308,37.61852843
선정중고등학교,126.9080801,37.61571646
선진운수종점,126.9108601,37.6138986
구산사거리,126.9125387,37.61324062
역촌중앙시장,126.9146767,37.61252103
구산역2번출구.예일여고,126.9177586,37.6107738
하나은행역촌동지점,126.9200382,37.60926765
역촌역.역촌오거리,126.9224015,37.60657407
녹번초등학교.은평세무서,126.925031,37.60366617
응암초등학교,126.921124,37.58707937
은평문화예술정보학교,126.9189005,37.58889741
응암오거리,126.9165522,37.59073618
신사초등학교,126.9135452,37.59313992
신사동고개사거리,126.9098623,37.59603797
신사동고개사거리,126.9099683,37.59560713
신사초등학교,126.9128485,37.59335837
응암오거리,126.9161468,37.59073228
은평문화예술정보학교,126.9186175,37.58882964
응암초등학교,126.9203088,37.58747705
대림시장,126.9165436,37.5878269
대림시장,126.9170369,37.58868474
응암역.신사오거리,126.9152248,37.59793582
신흥시장,126.914564,37.59540149
새절역,126.913395,37.59069601
와산교,126.9126986,37.58788955
증산종합시장.증산중학교입구,126.9061475,37.58083083
증산종합시장.증산중학교입구,126.9063881,37.5805913
증산역.증산동주민센터,126.9096815,37.583681
와산교,126.9130845,37.58809438
새절역.숭실고입구,126.9138928,37.59168243
신흥시장,126.9148958,37.59540173
응암역.신사오거리,126.9156062,37.5981073
역촌초등학교,126.9160547,37.60218144
역말사거리,126.9155586,37.60614947
구산역2번출구.예일여고,126.9169034,37.60995121
구산역1번출구,126.9175369,37.61165831
대조동주민센터,126.9179364,37.61407259
연신내역.로데오거리,126.9199962,37.61782072
연서시장,126.9225911,37.61924256
종로약국,126.9246381,37.62037654
불광지구대,126.9267891,37.62177458
북한산대창센시티아파트,126.9288095,37.62480706
은평경찰서,126.9294752,37.62763236
폭포동,126.931032,37.630715
신도중학교,126.9315291,37.63334827
은평노인종합복지관.신도중학교,126.931533,37.632495
폭포동.은평노인종합복지관,126.9310069,37.63138267
은평경찰서,126.9292715,37.62811288
연신초등학교,126.9287702,37.62562342
불광지구대,126.9265058,37.6218555
새장골유래비,126.9243797,37.62051965
연서시장,126.9225341,37.61959665
연신내역.로데오거리,126.919655,37.61801332
은평연세병원,126.9177313,37.61473925
구산역4번출구,126.917188,37.611894
구산역3번출구.예일여고,126.9167761,37.61050394
역말사거리,126.9151429,37.60621045
역촌초등학교,126.9155726,37.60279293
응암역2번출구,126.9158607,37.60042148
신사동고개.은평지역자활센터,126.9102537,37.59841333
서울기독대학교입구,126.9103848,37.60143748
시립서북병원세현교회앞,126.9106589,37.60614586
구산중학교.구산교회,126.91102,37.608955
구산동주민센터.구산치안센터,126.911363,37.61138
구산동주민센터.구산치안센터,126.9112925,37.61220957
구산중학교.구산교회,126.9108336,37.6088024
시립서북병원세현교회앞,126.9104597,37.60601686
서울기독대학교입구,126.9102267,37.60203208
우남교통,126.9101252,37.59976667
신사동고개.은평지역자활센터,126.9100666,37.59860061
갈현1동주민센터,126.916924,37.62396759
한일탕,126.918368,37.626073
한일탕,126.918707,37.626162
갈현1동주민센터,126.9170449,37.62324681
불광롯데캐슬아파트,126.9320721,37.6130745
진관초교입구,126.9258465,37.64690517
푸르지오625동앞.관음사입구,126.9286738,37.64898383
삼천리골입구56사단북한산부대,126.9351054,37.65042588
백화사,126.9389595,37.65355093
흥국사,126.9420102,37.65676212
북한산성입구,126.9453652,37.6580874
북한산성입구,126.9453413,37.65818741
흥국사,126.9421887,37.65726676
백화사,126.9390035,37.65374469
삼천리골입구56사단북한산부대,126.9333102,37.65008124
진관초교관음사입구,126.926869,37.64777354
푸르지오618동앞.관음사입구,126.9292312,37.64968468
진관중고교약수사입구,126.9233824,37.64560495
응암2동주민센터,126.9236016,37.59592455
응암2동주민센터,126.9230828,37.59565314
이마트.은평점,126.9185855,37.60004921
서부경찰서,126.9205941,37.60136377
해주드림빌APT,126.9220665,37.60416705
역촌역.역촌오거리,126.9232432,37.60680159
대조시장앞,126.9265165,37.60865551
양광교회앞,126.9282418,37.60846194
불광역.불광1동주민센터,126.9322904,37.60909599
독박골.북한산래미안APT앞,126.9397955,37.61051296
구기터널입구,126.9449375,37.61041007
구기터널입구,126.9457747,37.61075195
독박골.북한산래미안APT,126.9396027,37.61074354
불광역.불광1동주민센터,126.9326083,37.6095287
양광교회,126.9289519,37.60854527
대조시장,126.9261611,37.60879155
역촌오거리,126.9239679,37.6076555
역촌역1번출구,126.9221735,37.60524067
서부경찰서,126.9205481,37.60201921
이마트.은평점,126.918138,37.60024036
응암1동주민센터,126.926767,37.60015143
영락중학교입구,126.9243403,37.59733607
시립은평병원,126.9229693,37.59320012
백련산힐스테이트4차,126.9226751,37.59001037
충암고교앞.대주피오레아파트,126.922653,37.58684583
충암고교앞.대주피오레아파트,126.9228521,37.58695679
백련산힐스테이트2차,126.9228702,37.59031336
시립은평병원,126.9231277,37.59328581
영락중학교입구,126.9241657,37.59690926
응암1동주민센터,126.9270456,37.60039648
한솔아파트입구선정중학교후문,126.913707,37.61579605
갈현동미미아파트,126.9151519,37.618203
선일여고입구,126.9157125,37.61934237
갈현동성당앞,126.9165922,37.62079464
갈현동성당앞,126.9162269,37.6205383
선일여고입구,126.9155259,37.61940031
갈현동미미아파트,126.9149435,37.61818573
한솔아파트입구선정중학교후문,126.9137542,37.61607813
불광역9번출구.불광초등학교,126.9305163,37.61128542
불광대호아파트,126.9324705,37.61448
불광1동공동주차장앞,126.9329989,37.61569743
불광1치안센터.독바위역,126.9331412,37.6173596
수리초등학교입구,126.9325562,37.61924909
북한산수자인아파트,126.9316656,37.62168061
불광중학교,126.9309501,37.62287239
북한산대창센시티아파트,126.9299355,37.62372824
북한산대창센시티아파트,126.9296816,37.62384883
불광중학교,126.9310525,37.62250072
북한산수자인아파트,126.9316569,37.62104605
수리초등학교입구,126.9325111,37.61908914
불광1치안센터.독바위역,126.9330728,37.61793845
불광1동공동주차장앞,126.9327288,37.61630071
불광대호아파트,126.932333,37.614533
불광초등학교,126.9304574,37.61157019
신사동고개사거리,126.910343,37.595676
백련산SK뷰아이파크아파트,126.9191562,37.59584648
서부경찰서후문,126.9223367,37.60243264
신진과학기술고등학교,126.9203232,37.59791055
응암시장,126.9179796,37.5943145
서서울농협본점,126.9180373,37.59307435
신진과학기술고등학교,126.9206733,37.59782247
서부경찰서후문,126.9226403,37.60196429
디지털미디어시티역,126.900601,37.579265
수색역,126.8961947,37.58189017
덕은교.은평차고지앞,126.8856142,37.58857827
덕은교.은평차고지앞,126.8834469,37.58996113
수색교,126.8886917,37.58556164
수색119안전센터,126.8924281,37.5834692
수색역,126.8972984,37.58072521
디지털미디어시티역,126.9012939,37.57827045
수색초등학교,126.897658,37.582689
e편한세상수색에코포레,126.900207,37.58587113
은평터널앞,126.9058342,37.59161298
e편한세상수색에코포레,126.900269,37.58610186
수색초등학교,126.897537,37.582722
새마을금고앞,126.9118522,37.58900047
새마을금고앞,126.9123692,37.58872192
미성아파트앞,126.9101244,37.58996098
미성아파트앞,126.9101747,37.58972408
상신중학교앞,126.9064531,37.59061185
상신중학교앞,126.9061919,37.5905278
숭실고입구,126.9063967,37.59194927
현대아파트앞,126.907943,37.59371193
현대아파트앞,126.9077166,37.59363967
신사사거리,126.9089728,37.59567935
신사사거리,126.9088142,37.59572609
동명여고후문,126.92432,37.61339654
동명탕앞,126.9220488,37.61137753
하나은행역촌동지점,126.9204238,37.6083362
충북슈퍼앞,126.9178344,37.60599297
역촌동주민센터,126.9148242,37.60572796
제각말5단지.은평뉴타운도서관,126.93551,37.638398
제각말5단지.은평뉴타운도서관,126.9344375,37.63673615
연신초등학교,126.9291886,37.62589641
증산역.증산동주민센터,126.9093224,37.58375461
연신초등학교.연신내성당,126.9290433,37.62687164
신사동고개,126.9108259,37.59816326
시립서북병원,126.9103118,37.60468944
신사동고개,126.909917,37.59776699
녹번역,126.9342261,37.60087211
시립서북병원,126.910563,37.605176
구산동사거리,126.9122339,37.61427123
구산동사거리,126.9121201,37.61436677
역촌동성당,126.9121474,37.60556009
역촌동성당,126.9125362,37.60573728
호림아파트앞,126.9208187,37.60915193
은평권역공영차고지,126.8843758,37.59146199
응암정보도서관,126.9198965,37.58657127
응암정보도서관,126.9201891,37.58674957
서울중앙교회앞,126.9181435,37.58523704
우성공인중개사,126.9188764,37.58504291
응암오거리,126.9159858,37.59085922
갈현노인복지센터,126.9172143,37.624722
녹번동대림JR아파트앞,126.9372101,37.59926979
연서중학교입구,126.9122782,37.58622944
연서중학교입구,126.911754,37.58617137
지축교앞,126.9174939,37.64504375
지축교앞,126.9196867,37.6448493
진관중고교약수사입구,126.922962,37.64516063
응암3동주민센터,126.9173132,37.5911611
롯데캐슬823동앞,126.9217561,37.64207273
진관중고교.약수사앞,126.92309,37.643408
아이파크701동앞,126.9280934,37.64604512
푸르지오621동앞,126.9304788,37.64843531
진관초교앞,126.9293236,37.64623001
생태공원앞.구립상림도서관,126.9289702,37.64407499
진관중고교.약수사앞,126.9241288,37.64362905
래미안909동앞,126.921548,37.641157
하나고.삼천사.진관사입구,126.938408,37.641815
응암3동주민센터,126.917696,37.59162906
입곡삼거리,126.936391,37.649452
입곡삼거리,126.9373769,37.65169172
아이파크709동앞,126.9266769,37.64485753
은진초교입구.은뜨락도서관,126.9208007,37.63075865
은진초교입구.은뜨락도서관,126.9209179,37.63101951
은평구민체육센터앞,126.922569,37.631421
은평구민체육센터앞,126.9232491,37.631656
신도초중교입구.한국고전번역원,126.9253372,37.63148916
신도초중교입구.한국고전번역원,126.9269041,37.63156312
은평성모병원,126.9177506,37.63322752
아이파크714동앞,126.9261992,37.64477472
푸르지오604동앞,126.9300942,37.64776385
푸르지오614동앞,126.931495,37.649745
아이파크708동앞,126.9271303,37.64563348
진관동주민센터.은평우체국,126.919781,37.6345427
진관동주민센터.은평우체국,126.91982,37.634698
동부센트레빌324동앞,126.9246491,37.63415564
두산위브253동앞,126.9231677,37.63427406
동부센트레빌320동앞,126.9278043,37.63409454
신도초교.은평메디텍고등학교,126.9292486,37.6343139
하나고.삼천사.진관사입구,126.9381068,37.64176436
두산위브205동앞,126.9262624,37.63426686
래미안922동앞,126.9213361,37.64408007
롯데캐슬820동앞,126.9215693,37.64400182
진관공영차고지,126.9079542,37.64665396
진관공영차고지,126.9080817,37.64659775
기자촌11단지앞,126.93258,37.634757
수국사입구,126.9067819,37.61677185
응암초교.백련산힐스테이트3차,126.9228092,37.58874789
신도초교.은평메디텍고등학교,126.9305393,37.63409239
응암초교.백련산힐스테이트3차,126.9225526,37.58833449
녹번센트레빌아파트,126.9259022,37.59879995
녹번센트레빌아파트,126.9259811,37.59915953
선진운수종점,126.9096051,37.61437742
기자촌사거리,126.9321318,37.63443273
갈현중앙시장,126.9183929,37.62346578
갈현중앙시장,126.9189622,37.62335857
덕산중학교.씨티아파트,126.9045107,37.6001888
덕산중학교.두산위브아파트,126.9045805,37.60037156
대성중.고등학교,126.9113648,37.62224184
시립은평병원.파크자이아파트,126.9219585,37.59337515
경향파크아파트,126.9064059,37.60981269
12번지건영아파트,126.9139681,37.62926614
상신초교.두산.한신아파트,126.9065059,37.59957938
선일여고.빅데이터고,126.9127522,37.62051343
신비로마트,126.920713,37.59350809
대동슈퍼,126.9069187,37.60914539
미미슈퍼,126.9145009,37.62874867
신사1동경로당,126.9065878,37.60110474
미미아파트,126.9145752,37.61932984
응암시장입구,126.9184082,37.59385073
구산근린공원.GS편의점,126.9081005,37.60784425
충남슈퍼,126.915238,37.62818887
라이프씨티후문.광성교회,126.9065369,37.60195712
갈현초교.로데오거리,126.9171433,37.61830173
구산마트,126.9099347,37.60751496
신창슈퍼,126.9162131,37.62753988
역촌센트레빌,126.906673,37.60364407
연신내역.물빛공원,126.920064,37.617937
금호아파트,126.9215938,37.59914588
엔에스아파트,126.9129601,37.60740099
대한슈퍼,126.917039,37.62649161
천사원입구.서북병원,126.9072233,37.60460596
서부경찰서후문,126.9225034,37.60115771
미주아트빌,126.914462,37.60736064
한일탕,126.9181149,37.6258625
GS편의점.제일영광교회,126.9090006,37.60386917
은평세무서,126.9266542,37.60262683
동아문구,126.9172321,37.62506533
역촌노인복지관,126.9110909,37.60290228
불광보건소,126.9276959,37.62122638
은평문화예술회관,126.9275532,37.60365783
구산전철역,126.9176987,37.61078887
갈현1동주민센터,126.9169038,37.62379817
역촌초등학교후문,126.9130783,37.60216577
금강골드,126.9300583,37.62203968
현대아파트,126.9289335,37.60520223
삼성아파트후문,126.9212919,37.60945411
우리들약국,126.9155822,37.60232708
불광중학교,126.9315965,37.62231181
삼거리,126.9308933,37.60602699
동명탕,126.9222595,37.61137046
불광동팀수양관,126.9337169,37.62258154
서울혁신파크,126.9332873,37.60643385
동명여고후문,126.9245556,37.6134048
불광중학교,126.9315479,37.6225288
녹번전철역,126.935222,37.60165202
대조동우체국,126.9266354,37.61309181
하나은행역촌지점,126.9203621,37.60824333
금강골드,126.9300191,37.6221533
불광전철역,126.9304044,37.60978746
갈현1동주민센터,126.9171783,37.62346677
불광보건소,126.9277285,37.62147507
양광교회앞,126.9288805,37.60855244
갈현노인복지센터,126.9173681,37.62497081
한일탕,126.9182679,37.62574907
연신내역.물빛공원,126.9196188,37.61794841
서강스카이빌,126.9215786,37.59963787
금원빌라,126.9182216,37.62730837
갈현초교.로데오거리,126.9172044,37.61838918
영진빌라,126.9172283,37.62802397
미미아파트,126.9147744,37.61948361
응암시장입구,126.9191082,37.59363405
일진빌라,126.9165087,37.62864597
선일여고.빅데이터고,126.912874,37.62058543
신비로마트,126.9203269,37.59346548
미주아트빌,126.9148764,37.60747628
미곡빌라,126.9157102,37.62920318
시립은평병원.파크자이아파트,126.9223154,37.59315914
엔에스아파트,126.9131548,37.60751467
양지빌라,126.9149121,37.62871042
구산마트,126.9100392,37.60769136
구파발역.롯데몰,126.9185016,37.63757373
하나은행역촌지점,126.9201615,37.60835493
구산근린공원.GS편의점,126.9085219,37.60782655
은평마을,126.9072186,37.60822376
대동슈퍼,126.9070931,37.60916806
우리들약국,126.9155447,37.60242076
역촌초등학교후문,126.9130431,37.60226576
역촌노인복지관,126.9110704,37.60300769
GS편의점.제일영광교회,126.9089627,37.60391258
천사원입구,126.907281,37.60471143
역촌센트레빌,126.9065348,37.60361152
라이프씨티아파트후문.광성교회,126.9063998,37.60199847
신사1동경로당,126.9064259,37.60105595
은평공영차고지(가상),126.8832625,37.59133871
연신내역6번출구,126.92061,37.61879413
상신초교.두산.한신아파트,126.9063507,37.59962586
청구성심병원후문,126.9193773,37.62032351
역촌역,126.9234379,37.60552372
역촌역,126.9219467,37.60496984
응암역,126.9151515,37.59768167
응암역,126.9156178,37.59790006
새절역,126.9134207,37.59113671
새절역,126.914027,37.59166969
증산역,126.9097618,37.58372792
증산역,126.9093756,37.58381863
연갈현공판장후문,126.9191125,37.62319418
삼성래미안아파트,126.9379629,37.61139319
현대힐스테이트1차정문,126.9370846,37.61201891
현대힐스테이트1차후문,126.9358352,37.6122743
현대홈타운아파트,126.9332607,37.61212059
불광역9번출구,126.9302407,37.61105196
현대홈타운아파트,126.9333186,37.61197645
현대힐스테이트1차후문,126.9352812,37.61241187
현대힐스테이트1차정문,126.9367165,37.61203448
삼성래미안아파트,126.9380065,37.61109144
힐스테이트302동앞,126.9253747,37.58834248
힐스테이트116동앞,126.9249092,37.58962985
서울연은초등학교,126.9245151,37.59074784
힐스테이트1단지정문앞,126.9242437,37.59150368
힐스테이트상가앞,126.9232775,37.59284028
힐스테이트2단지후문앞,126.923985,37.59200723
서울연은초등학교,126.9244417,37.59054055
힐스테이트212동앞,126.924821,37.58949372
힐스테이트302동앞,126.9253154,37.58811778
태평양약국,126.9178287,37.59311106
국민은행,126.9166597,37.58980363
풍림아그네스앞,126.9186054,37.60300682
역촌유치원입구,126.9184603,37.60416101
새생명약국앞,126.9182216,37.60602249
새생명약국앞,126.9180755,37.60595841
역촌유치원입구,126.9182961,37.60414738
풍림아그네스앞,126.9184492,37.60294994
대림e편한세상1단지,126.9061448,37.61222361
대림e편한세상2단지,126.9066309,37.61283331
현대아파트입구,126.9064105,37.61333774
임창빌라,126.9079807,37.61363059
온누리약국,126.9091981,37.61431129
G캐슬아파트,126.9150772,37.61520594
길마어린이공원,126.9160552,37.61480115
길천사우나,126.9172395,37.61429017
대림모터스,126.9180073,37.61450066
연서시장,126.9210137,37.6195798
청구성심병원,126.9191024,37.62085587
아름다운교회,126.9185423,37.61631429
길마어린이공원,126.9161596,37.61493186
G캐슬아파트,126.915372,37.61524439
한솔아파트입구,126.913895,37.61584215
온누리약국,126.9092716,37.61439334
임창빌라,126.9083379,37.61374835
현대아파트입구,126.906535,37.61345948
대림e편한세상2단지,126.9064477,37.61286311
대림e편한세상1단지,126.9060994,37.6122934
와산교,126.9141943,37.58888545
서울정형외과,126.9187565,37.59528821
벧엘블래스빌,126.9185163,37.59540338
숭실고등학교,126.9037466,37.59243593
숭실고등학교입구,126.9058387,37.59228445
서신초교.내를건너서숲으로도서관,126.907402,37.59164373
삼거리.명진아파트,126.910656,37.59041864
안디옥교회.새절역,126.9127734,37.59034138
신사초등학교.새절역,126.9134794,37.59316459
상신초등학교입구,126.9080526,37.59673508
행운슈퍼,126.9059234,37.59595498
상신초교후문.산새마을종점,126.9051264,37.59686169
행운슈퍼,126.9057839,37.59589973
상신초등학교입구,126.9084801,37.59660002
새절역,126.913387,37.590645
삼거리.명진아파트,126.9104975,37.5905859
서신초교.내를건너서숲으로도서관,126.907348,37.59180587
숭실고등학교입구,126.9057734,37.59241955
경남아너스빌.서북병원,126.9055113,37.6048442
힐스테이트상가,126.9238016,37.59264366
서부중앙교회,126.922321,37.58918147
응암초등학교,126.9212382,37.58937642
성암문구사거리,126.9200406,37.58970267
응암감리교회대림시장앞,126.9186628,37.58880039
응암동성당,126.9195323,37.58904061
성암문구사거리,126.9200062,37.58957428
응암초등학교,126.9213628,37.58916937
백련산힐스테이트2차앞,126.9227921,37.58934601
백련산힐스테이트2차상가앞,126.923013,37.5919748
은평세무서음식문화거리,126.9251391,37.60204435
은평여성인력개발센터,126.9321452,37.6072139
대조시장.NC백화점,126.9278361,37.60951756
행정연구원건너편,126.9364616,37.60960797
파크자이105동앞,126.9229168,37.59196798
브라운스톤빌앞,126.9124578,37.59054374
구파발(가상),126.919089,37.63484804
6번지입구,126.9190319,37.62686866
북가좌동삼거리,126.9045265,37.57544638
북가좌동삼거리,126.905143,37.575143
DMC래미안e.편한세상요진아파트,126.9096099,37.57167752
DMC래미안e.편한세상요진아파트,126.910313,37.571577
모래내시장.가좌역,126.9150628,37.56907741
모래내시장.가좌역,126.913786,37.569862
사천교,126.9181539,37.5675591
연희104고지앞.구성산회관,126.9250825,37.56628429
연희104고지앞.구성산회관,126.9257861,37.56635703
서대문우체국,126.9319882,37.56195243
서대문우체국,126.9314621,37.56253262
연세대앞,126.9353373,37.55995635
연세대앞,126.9354996,37.56015691
세브란스병원앞,126.9384507,37.55996746
세브란스병원앞,126.9389237,37.5601326
이대후문,126.9433012,37.56260018
이대후문,126.9436484,37.5630635
동교동삼거리,126.9295196,37.55776469
신촌오거리.현대백화점,126.9345038,37.5559834
신촌오거리.2호선신촌역,126.9386938,37.55573246
이대역,126.9472705,37.55687557
산골고개,126.9399957,37.59530182
산골고개,126.9405158,37.59496945
홍제역.서대문세무서,126.9443653,37.58849083
홍제역.서대문세무서,126.9453226,37.58784339
홍제삼거리.인왕산한신휴플러스,126.9478427,37.58520705
무악재역,126.9498098,37.58315431
무악재역,126.9506553,37.58186521
안산초등학교,126.951572,37.580686
독립문역.한성과학고,126.9575775,37.57468891
독립문역.한성과학고,126.9565608,37.57564114
영천시장,126.962533,37.56993913
영천시장,126.9631353,37.56952787
서대문역,126.96583,37.56647453
경찰청.동북아역사재단,126.9692243,37.56247642
인왕산.홍제원아파트,126.9488624,37.58439651
경찰청.동북아역사재단,126.968047,37.564312
웨딩타운,126.9525538,37.55723901
아현역,126.9568855,37.55738933
충정로역,126.9633122,37.56085809
충정로역,126.9624922,37.55980141
서대문역사거리,126.966565,37.565579
모래내시장.가좌역,126.9139631,37.56992349
사천교,126.9175934,37.56808209
연희104고지앞.구성산회관,126.924211,37.56629725
연희104고지앞.구성산회관,126.924998,37.56655
서대문우체국,126.9304421,37.56322869
서대문우체국,126.9311629,37.56300102
연세대학교앞,126.9353063,37.55981893
연대앞,126.9348361,37.56045387
세브란스병원,126.9378407,37.55986802
세브란스병원,126.9392418,37.56026476
이대부중,126.9429925,37.56221616
이대부중,126.944163,37.56364405
이대부고,126.9464307,37.56553231
이대부고,126.946476,37.56631776
홍은동동부센트레빌,126.9387082,37.59675699
산골고개,126.9405746,37.59506873
홍은사거리.북한산더샵아파트앞,126.941266,37.59237808
홍제우체국,126.946047,37.586895
영천시장,126.96202,37.57022804
금화초등학교.서울시교육청,126.964326,37.56790142
충정로역2호선,126.9640266,37.55961127
이대역,126.9465754,37.55698417
신촌기차역입구,126.9438433,37.55680821
신촌역2호선,126.9396412,37.55618795
신촌아트레온,126.940788,37.55650963
동교동삼거리연희동방면,126.9274995,37.55865826
연세로.명물거리,126.9369771,37.55814623
연세로.스타광장,126.9367636,37.55640944
연희동대우아파트,126.9279552,37.56262335
연희교차로,126.930163,37.5657
연희교차로,126.9300349,37.5659472
연희3거리,126.9319225,37.56786646
연희3거리,126.9316095,37.56793299
한성화교중고교.서대문소방서,126.9354133,37.57230089
한성화교중고교.서대문소방서,126.9352093,37.57247739
서대문자연사박물관입구,126.9354091,37.5751697
서대문자연사박물관입구,126.9352421,37.57522592
서대문구청.보건소.구의회,126.936066,37.57824484
서대문구청.서대문구의회,126.9358426,37.57861597
동신병원,126.9360099,37.58083052
서대문구보건소별관,126.9362857,37.58266194
정원여중,126.9349879,37.58624953
정원여중.스위스그랜드호텔,126.93526,37.5876618
홍은현대아파트.스위스그랜드호텔,126.9364278,37.58864911
홍은현대아파트,126.9383458,37.59005793
유진상가,126.9428678,37.59175407
유진상가,126.9431392,37.59217992
문화촌현대아파트,126.9465446,37.59224684
문화촌현대아파트,126.9468069,37.59265216
서울여자간호대학교.홍은초등학교,126.9492224,37.59610722
서울여자간호대학교.홍은초등학교,126.9487052,37.59564203
유원하나아파트,126.9526777,37.59588428
유원하나아파트,126.9520651,37.5957428
홍지문.옥천암,126.9565922,37.59657241
홍지문,126.956263,37.59691
북가좌2동주민센터,126.911478,37.579833
북가좌2동주민센터,126.9114609,37.58029965
KT가좌지사,126.9131369,37.58203675
KT가좌지사,126.913402,37.58286361
동도하이츠아파트,126.9150179,37.58467706
동도하이츠아파트,126.9147685,37.58490125
DMC.파크뷰자이,126.9162368,37.57386247
삼성래미안2차아파트,126.913812,37.57125
모래내삼거리,126.9132773,37.57078569
DMC래미안e.편한세상2.4단지,126.9109918,37.5767409
모래내우체국.증가교회,126.9117263,37.57644076
북가좌삼호.DMC아이파크아파트,126.91331,37.57526844
북가좌삼호.DMC아이파크아파트,126.913058,37.57553
DMC센트레빌아파트,126.915772,37.575307
DMC파크뷰자이.별동상가,126.9160853,37.57518908
래미안루센티아.DMC쌍용,126.9185357,37.57556696
명지대사거리,126.9209818,37.57737061
DMC에코자이아파트,126.9195565,37.57643359
DMC센트럴아이파크아파트,126.9218531,37.57821958
명지대,126.9235486,37.57913668
명지대,126.9242906,37.5798843
명지대삼거리,126.9260981,37.58095988
명지대삼거리,126.9263634,37.58127045
고은초등학교.홍제센트럴아이파크,126.9446994,37.58522994
신연중학교서대문도서관,126.9408336,37.58395753
백련교,126.9375486,37.58290066
서대문문화체육회관입구,126.9353907,37.5814082
홍연2교두산아파트앞,126.9308803,37.57842123
홍남교,126.927497,37.576642
연가교,126.9221821,37.57256143
연희파크푸르지오앞,126.927335,37.575359
홍연시장,126.9306867,37.57713344
연희홍연아파트,126.9323548,37.57799767
서대문구청,126.9348719,37.57905066
남가좌현대아파트,126.9218592,37.57491757
신촌기차역,126.9424516,37.55878198
신촌기차역,126.9429329,37.55835649
증산교앞,126.9048029,37.57803995
연희지하차도,126.9325574,37.57715029
연희지하차도,126.9322062,37.57750148
홍연2교현대교통종점,126.9299866,37.57821422
홍연2교현대교통종점,126.9302044,37.57840131
명지대입구.서울무용센터,126.9274076,37.58084912
명지중고등학교,126.9256976,37.5825612
명지중고등학교,126.9256885,37.5829328
명지전문대.충암중고등학교,126.9235951,37.58466587
명지전문대.충암중고등학교,126.9239585,37.58466808
연희동자치회관,126.9312682,37.56951812
연희동자치회관,126.9312959,37.56974757
서대문구보훈회관,126.9293639,37.5717018
서대문구보훈회관,126.929537,37.57183076
홍남교.서대문구행복그린센터,126.9269827,37.5746381
홍남교.서대문구행복그린센터,126.9270267,37.57488551
백련시장,126.9249301,37.57664696
백련시장,126.9247007,37.57708999
명지대사거리.우리은행,126.9225808,37.57742573
명지대사거리국민은행앞,126.9224193,37.57761033
연가초교.DMC래미안클라시스,126.9172943,37.57911895
연가초.연희중.래미안클라시스,126.9180679,37.57895888
북가좌사거리,126.9146691,37.58118193
북가좌사거리,126.9141425,37.58183799
북가좌119안전센터,126.9126209,37.58270463
북가좌119안전센터,126.912037,37.58344599
충정로역5호선,126.964018,37.561714
미동초등학교,126.9644505,37.5631581
DMC한양아파트,126.9085189,37.5764899
북가좌초교·DMC현대아파트,126.9084365,37.5767876
독립문역,126.9564326,37.57541927
경찰청,126.968395,37.563413
충정로역2호선,126.964211,37.55972126
연가교,126.922147,37.57281686
명지대입구.신원지벤스타,126.9281505,37.58045659
현대백화점,126.9330023,37.55666649
서대문종합사회복지관,126.9200245,37.57125972
서대문종합사회복지관,126.9201437,37.57096334
홍남교백련시장입구,126.925184,37.57528557
북가좌초교사거리,126.9102547,37.57872634
북가좌초교사거리,126.910333,37.578365
은가어린이공원구150번종점,126.9196203,37.58293397
증산교앞,126.9047865,37.57831146
DMC두산위브아파트,126.9153237,37.5805575
DMC두산위브아파트,126.9159408,37.58034717
독립문공원.극동아파트,126.9593191,37.57185289
봉원동사거리,126.9464767,37.56686112
봉원사,126.9461048,37.57010246
봉원사,126.9461149,37.570109
봉원동사거리,126.9467009,37.56679635
삼호아파트,126.9594106,37.5714897
서부운수기점,126.910257,37.581632
중소기업은행,126.9129894,37.58225739
봉원사길,126.9460172,37.56835402
봉원사길,126.9461087,37.56860231
연세로.문학의거리,126.9370042,37.55626316
독립문역.서대문형무소역사관,126.9553087,37.57639384
독립문공원,126.9552249,37.57648752
가재울초등학교,126.9189767,37.5739821
가재울초등학교,126.9187611,37.5744343
산골고개,126.9403026,37.59483268
DMC래미안e-편한세상3단지,126.906764,37.57516613
DMC래미안e-편한세상3단지,126.9070551,37.57504742
연흥교회,126.9211652,37.57260898
홍제역4번출구,126.9430828,37.58937328
남가좌동새마을금고,126.917304,37.574429
국립대한민국임시정부기념관,126.9535721,37.57583146
독립문파크빌,126.9518579,37.57457769
두산아파트,126.9320568,37.57877032
DMC.파크뷰자이,126.9163416,37.57376569
아현가구단지,126.9608924,37.55866131
DMC쌍용.래미안루센티아,126.9188102,37.57559193
독립문(가상),126.9600833,37.5722659
정원슈퍼,126.9317244,37.58643602
홍은동국민주택,126.9498503,37.6056753
백련사,126.9285294,37.58483559
풍진베이스타운.안산자락길입구,126.94332,37.58242666
개미마을,126.9539148,37.58979768
두산아파트,126.9492611,37.55912016
북아현삼거리,126.9529748,37.56480507
궁동근린공원입구,126.9241991,37.56957653
뜨란채아파트101동,126.9587733,37.56583701
삼성빌라,126.9338401,37.5956011
소공원,126.9325183,37.58633645
풍림.극동아파트,126.9494723,37.6036389
명지고후문,126.9290895,37.58410695
명진아트빌라,126.9436822,37.58281454
홍은초등학교,126.9503226,37.59688983
삼거리연탄가게,126.9533843,37.59049155
초원약국,126.9500338,37.55977108
추계초등학교,126.9541935,37.5635916
궁동근린공원회관,126.9253683,37.57094333
서서울농협홍은지점.동신병원,126.9361173,37.58097924
뜨란채아파트.노인복지관,126.9590155,37.5680673
금화장오거리,126.9592915,37.564363
미성아파트,126.9344643,37.59328945
삼성그린빌,126.9326751,37.58697091
팔각정,126.930167,37.58329932
고은초교삼거리,126.943852,37.58431223
문화촌주유소,126.9485919,37.59527282
버드나무가게,126.9528846,37.59103651
신촌푸르지오1단지후문.힐스테이트신촌,126.9516429,37.56085094
새마을금고,126.9548741,37.56311969
서대문지역자활센터,126.9262762,37.57212343
산경아파트,126.9603003,37.56852684
경기대후문,126.9614459,37.56391498
홍은중학교,126.934601,37.59233618
동원빌라,126.9332967,37.58705416
포방공영주차장,126.9489372,37.60088916
서대문문화체육회관,126.9319953,37.58122878
성원아파트,126.9427866,37.58423243
홍은사회복지관별관,126.9480492,37.59417338
금강빌라.인왕중학교,126.9519918,37.5918228
중앙여고,126.9555538,37.56222156
홍제초등학교,126.9434056,37.592238
천연동마을금고,126.9614503,37.56843847
미동초교,126.9649492,37.56427381
차고앞,126.9348869,37.5917254
싸이버아파트,126.934002,37.58712214
포방시장,126.9483923,37.59946521
서대문내품애센터,126.9333967,37.58020864
문화촌현대아파트,126.9473598,37.59231928
오동나무앞,126.9511101,37.59286825
경남아파트.북아현119안전센터,126.9558701,37.56102741
행복하우스,126.9286952,37.57313634
삼거리,126.9352938,37.59002166
정원여중입구,126.9345801,37.58643673
호박골다리,126.946708,37.59814527
송죽원,126.9390725,37.58394958
홍제역해링턴플레이스,126.9467051,37.59109425
동성교회,126.9496042,37.59417905
중앙여고,126.9548553,37.56186925
한성고교,126.9564975,37.55945226
현대그린마트,126.9610205,37.57134495
충정로역8번출구,126.9630695,37.56090585
스위스그랜드호텔앞,126.9363704,37.58897698
간호대정문,126.9474272,37.59699996
홍은사거리,126.9412977,37.592395
인왕초등학교,126.945505,37.58925008
문화공원입구,126.9483948,37.59440551
충정로역7번출구,126.9624101,37.55986446
산골고개,126.9406035,37.59503932
홍은초등학교.간호대입구,126.948894,37.59645551
가산빌라,126.9360671,37.58488227
사러가쇼핑,126.9302459,37.56729432
영천시장입구,126.9630257,37.5692775
한국예술원,126.9619046,37.56123978
반석블레스아파트,126.9410116,37.59516717
평화슈퍼,126.9357069,37.58626885
북아현로입구,126.956271,37.557825
아현역1번출구,126.9553925,37.55750698
육교앞,126.9643011,37.56793836
광염교회,126.9619361,37.56230116
풍림1차아파트,126.9420858,37.59435402
스위스그랜드호텔,126.9364417,37.58776776
웨딩타운,126.9515261,37.55727207
서대문문화체육회관,126.9349135,37.58074834
서대문사거리,126.9654575,37.56669519
경기대사회교육원,126.9624253,37.56336483
팔각정,126.9432425,37.59527549
남양아파트,126.9383406,37.589124
서대문전철역,126.9659992,37.56527973
인창중고,126.9636418,37.56421304
홍은유원아파트,126.9450464,37.59696498
유진상가다리앞,126.9446843,37.59192052
문화촌현대아파트입구,126.9471389,37.59260484
바비엥스위트,126.9673182,37.5647773
종근당,126.9629183,37.55982719
이대농협,126.9440526,37.55682362
미동초등학교,126.9651506,37.56439641
인창중고,126.9641668,37.56466374
사천교,126.9180639,37.5680631
벽산아파트후문,126.9459766,37.5962887
현대백화점,126.9347143,37.55616941
아트레온,126.9400904,37.556263
신촌자이엘라,126.9425352,37.55676378
인창중고,126.9642046,37.56449163
연희초등학교,126.9335746,37.56995703
광산사우나,126.9645784,37.56560911
스위스그랜드호텔.현대아파트,126.9363779,37.58933243
모래내시장,126.9156152,37.5690929
연희초등학교,126.933031,37.56971961
홍은성당,126.9464083,37.59602127
간호대입구올해피장애인복지센터,126.9491285,37.59593146
우리은행홍제동지점,126.9451782,37.59177922
미동초등학교,126.9648856,37.5631095
충정로역,126.9645315,37.55953483
연희삼거리,126.934498,37.5715705
연희삼거리,126.9332682,37.56951262
서대문구청,126.9357997,37.57846456
서대문구청,126.9361314,37.5785143
그랜드힐튼호텔,126.9357565,37.58785389
그랜드힐튼호텔,126.9355163,37.58804029
CGV신촌아트레온,126.9385549,37.55579274
경기대후문,126.9616722,37.56400606
서대문성당,126.9640444,37.56727147
삼거리,126.9354331,37.59000462
벽산아파트정문,126.9460106,37.59464513
서대문역7번출구,126.9669875,37.56523946
신촌전철역,126.9371485,37.55539011
금화장오거리,126.9593378,37.56448647
동명여중,126.9629186,37.56806402
차고앞,126.9351294,37.59157054
고은초교삼거리,126.9436845,37.58426169
영천시장입구,126.9619595,37.56848098
홍은중학교,126.9347015,37.59267144
정원여중입구,126.9346366,37.58656022
명진아트빌라,126.9435462,37.5829136
문화공원입구,126.9484966,37.59429121
가재울초등학교,126.9183585,37.57456223
연대앞.세브란스병원,126.9355917,37.56029436
미성아파트,126.9346803,37.59365451
남가좌동아이파크후문,126.9206143,37.57450404
싸이버아파트,126.9340393,37.58721948
동신병원사거리.홍제폭포,126.9356034,37.58156691
동성교회,126.9494683,37.59414025
연희성당,126.9311005,37.56305144
남가좌동아이파크정문,126.9215739,37.57494892
동원빌라,126.9333034,37.58715869
홍은2동주민센터,126.9347152,37.58090862
오동나무,126.9507352,37.59300902
연희브라운스톤,126.9302298,37.56570825
3호선독립문역,126.9584504,37.57245992
삼성그린빌,126.9325461,37.58689785
서대문내품애센터,126.9334963,37.58032133
금강빌라.인왕중학교,126.9516257,37.59221073
하나은행연희동지점,126.9312475,37.56699381
이진아기념도서관,126.9565857,37.57270885
서대문문화체육회관,126.9318572,37.58153548
버드나무가게,126.952751,37.5909941
종근당후문,126.9637437,37.55946971
사러가쇼핑,126.9303733,37.56721105
국민은행,126.9318332,37.56775647
극동아파트119동,126.9547527,37.57296768
사천교,126.9185424,37.56831664
팔각정,126.9303357,37.58331383
삼거리연탄.약수터입구,126.9532666,37.59047258
민속식당,126.9296164,37.56796152
이진아기념도서관,126.9564805,37.57264213
유진상가,126.9426779,37.59166005
명지고후문,126.9292207,37.5841656
개미마을,126.9537786,37.5897136
아현전철역,126.957723,37.55749071
서연중학교,126.9285897,37.56914223
3호선독립문역,126.9583837,37.57240493
이대입구,126.9452863,37.55689989
백련사,126.9286278,37.58490594
평화교회,126.9260014,37.56950468
극동아파트입구,126.9585323,37.5719202
신촌아트레온,126.9407252,37.5564895
북아현동주민센터,126.9567767,37.55964178
삼호아파트.천연동주민센터,126.959391,37.57079143
홍은초등학교.간호대입구,126.9483984,37.59681343
경남아파트.북아현119안전센터,126.9560391,37.56078089
하나로마트.동신병원,126.9354666,37.58003858
영천시장입구,126.961441,37.56895479
간호대정문,126.9471326,37.59731292
중앙여고,126.954953,37.56205803
중앙여고,126.955617,37.56245046
홍은2동어린이집앞,126.934174,37.57954678
감리신학대학교,126.9625725,37.5679216
추계초등학교,126.9542625,37.56369525
두산아파트,126.9320428,37.57872017
서대문센트레빌,126.9639358,37.56717232
포방시장,126.9485645,37.59935085
홍은2동주민센터,126.9344518,37.58041378
광산사우나,126.9644312,37.56561087
포방공영주차장,126.9491591,37.60085952
힐스테이트신촌.신촌푸르지오1단지후문,126.9515498,37.56089665
인창중고,126.9641139,37.56473262
호박골다리,126.9468857,37.59813722
초원약국,126.9498696,37.55981066
홍은동국민주택,126.9499071,37.60519678
풍림.극동아파트,126.9495051,37.60347553
홍은동국민주택,126.9499657,37.60564644
홍제역.3번출구,126.9442328,37.5884322
홍제우체국,126.9463326,37.5867611
홍제2동주민센터,126.9496492,37.58618551
인왕산현대아파트입구,126.9479674,37.58544775
삼호아파트.천연동주민센터,126.9600087,37.57050696
홍제역.1번출구,126.9440478,37.58903494
유진상가.인왕시장,126.9421882,37.59078846
연희브라운스톤,126.930131,37.56604971
신촌기차역,126.9426327,37.55872575
인왕산현대아파트입구,126.9487531,37.58518131
인왕산현대아파트117동,126.951021,37.58630673
북아현로입구,126.9564549,37.55817959
인왕산현대아파트117동,126.9510203,37.58641587
이대전철역,126.9468188,37.55697448
유진상가,126.9419374,37.59065666
인왕산현대아파트101동,126.9504374,37.58612277
홍은2동주민센터,126.934161,37.58019555
뜨란채아파트101동,126.9585131,37.56590986
뜨란채아파트101동,126.9586262,37.5657892
홍지문35통,126.9561381,37.59679404
옥천교앞,126.9543662,37.59636089
대명빌라,126.9270219,37.57292701
인왕시장,126.9429124,37.591139
창덕에버빌,126.9174275,37.56939438
영천동,126.9605988,37.57013705
독립문,126.9593725,37.57148166
영천동,126.960382,37.57006278
동원베네스트아파트입구,126.9447653,37.59825788
홍은유원아파트입구,126.9451708,37.59723094
동원베네스트주차장.두산위브입구,126.9442149,37.59911567
홍은사회복지관별관,126.9474377,37.59412806
서강아파트1차정문앞,126.9340654,37.5949184
연희상가아파트,126.9280444,37.57312243
봉원사입구,126.946427,37.56673064
증산역(증산2교),126.9113531,37.58370698
행운부동산앞,126.9165784,37.58098921
은가경로당앞,126.917958,37.5810401
삼성유치원(씨유앞),126.9185042,37.58151052
두란노어린이집앞,126.9207841,37.58158154
은혜감사어린이집,126.9224798,37.58204551
백련어린이공원(공영주차장),126.9236989,37.58266105
상록운수,126.923358,37.58402827
명지대학교교회,126.9253634,37.58258121
명지대후문(세븐일레븐),126.9248522,37.58146816
백련어린이공원,126.9239938,37.58225598
은혜감사어린이집앞,126.9223609,37.58208823
두란노어린이집,126.9205272,37.58174238
삼성유치원앞(씨유),126.9184796,37.58173993
행운부동산앞,126.9165576,37.58082664
북가좌사거리,126.9137828,37.58153492
북가좌오거리,126.912496,37.581156
북가좌2동주민센터,126.9111738,37.58136598
해담는다리앞,126.9093836,37.58222764
이마트24앞,126.921478,37.58193448
증산2교,126.9109326,37.58390692
홍제천입구,126.9321466,37.57883525
연희IC(가상),126.9180003,37.56885232
홍은IC(가상),126.949733,37.59501873
마포역,126.9479645,37.54094251
마포역,126.9467854,37.54027718
공덕역,126.9509046,37.54360491
공덕역,126.9513544,37.54450168
아현동주민센터,126.9529071,37.54636488
아현동주민센터,126.9532416,37.54707778
마포경찰서,126.9552123,37.55019993
마포경찰서,126.9553048,37.55077036
아현초등학교,126.9571002,37.55407804
아현초등학교,126.9573351,37.55489813
합정역,126.9129885,37.54899938
합정역,126.913856,37.54953229
서교동,126.9195816,37.55363674
서교동,126.9200472,37.55414907
홍대입구역,126.9234653,37.55664034
홍대입구역,126.9243163,37.55732564
동교동삼거리,126.9285427,37.5580671
신촌오거리.현대백화점,126.9358931,37.55539665
신촌오거리.2호선신촌역,126.9401534,37.55610712
이대역,126.9444961,37.55665435
웨딩타운,126.951517,37.557092
아현역,126.9549417,37.557294
홍대입구역(가상),126.9218644,37.55522606
홍대입구역(가상),126.9259252,37.55865155
합정역(가상),126.910155,37.547751
합정역(가상),126.9161215,37.55146138
아현동가구단지,126.9606653,37.55796729
마포구청.성산자동차검사소,126.9024231,37.56495385
마포구청,126.9018904,37.5649024
마포농수산물시장.월드컵공원,126.8974543,37.56610673
월드컵경기장남측.월드컵공원,126.8963262,37.56666799
월드컵경기장서측.문화비축기지,126.8954678,37.5692365
월드컵경기장서측.문화비축기지,126.8949636,37.56949827
월드컵파크3단지.난지천공원,126.887957,37.57335473
월드컵파크3단지.난지천공원,126.8884623,37.57231907
서부면허시험장,126.8804372,37.57788262
서부면허시험장,126.8803981,37.57756103
DMC첨단산업센터,126.8851879,37.5853443
DMC첨단산업센터,126.884787,37.585598
월드컵공원입구.문화비축기지입구,126.892748,37.568523
월드컵파크3단지정문,126.889228,37.573822
월드컵파크2단지.에스플렉스센터,126.890647,37.575267
월드컵파크2단지.에스플렉스센터,126.890291,37.5753385
합정역,126.9143006,37.5485905
합정역,126.9146252,37.54879709
서울화력발전소입구,126.9175062,37.54818909
서울화력발전소입구,126.9174453,37.54793674
상수역,126.921647,37.54768294
상수역,126.9215638,37.54787377
서강초등학교,126.925367,37.54780277
서강초등학교,126.9261941,37.54749109
광흥창역,126.930541,37.54760906
광흥창역,126.9305842,37.54735228
광흥창역,126.9339394,37.54731232
마포세무서,126.9390917,37.5469713
중앙잔디광장,126.8792489,37.56647606
마포역,126.9457368,37.53970901
노을공원입구(난지미술창작스튜디오),126.8806949,37.56940636
공덕역10번출구,126.9528746,37.54194018
공덕역10번출구,126.9528902,37.54172328
난지천공원다목적구장,126.88344,37.57355984
난지천공원,126.8860993,37.5741661
월드컵경기장역,126.9001971,37.56952624
마포구청.농수산물시장,126.8995834,37.56629891
난지천공원다목적구장,126.8832783,37.57385701
공덕역.공덕시장,126.9530315,37.54441349
공덕시장,126.9541479,37.54435185
신덕성결교회,126.9566906,37.54594101
신덕성결교회,126.9561622,37.54589233
한겨레신문사,126.9588159,37.54814675
한겨레신문사,126.9589872,37.54799718
노을공원입구(난지미술창작스튜디오),126.8804862,37.5695835
공덕오거리,126.9531626,37.54307327
공덕오거리,126.9533324,37.54275126
용마루고개.신공덕삼성아파트,126.955885,37.541871
서울대동창회관,126.9507441,37.54244496
공덕역,126.9516318,37.5434939
도화동현대아파트,126.9557015,37.54033222
도화동현대아파트,126.9558325,37.54054292
중동초등학교,126.9104195,37.56687261
중동초등학교,126.9103077,37.56662202
성산2동주민센터,126.9083263,37.56779282
성산2동주민센터,126.908437,37.56800376
성산119안전센터,126.9038567,37.56986178
성산119안전센터,126.9037126,37.56971283
성산아파트,126.9014985,37.57159714
성산아파트,126.9014134,37.57146114
DMC상암센트럴파크,126.8960398,37.57518439
DMC상암센트럴파크,126.8954852,37.57515462
상암초등학교,126.8934222,37.57639171
상암초등학교,126.8937201,37.57654958
신촌로터리,126.9368825,37.55380945
신촌로터리,126.9372676,37.55352401
서강대학교,126.93797,37.5511
서강대학교,126.9373154,37.55182728
광성중고등학교,126.9386715,37.54935481
광성중고등학교,126.93986,37.548952
대흥역,126.9409887,37.54810675
대흥역,126.9427204,37.54767506
용강초등학교,126.9435145,37.54697711
동도중학교.서울디자인고등학교,126.9454015,37.54647789
동도중학교.서울디자인고등학교,126.9467667,37.54564065
공덕역2번출구,126.9483406,37.5451999
공덕역1번출구,126.9493208,37.54443234
서서울농협홍대역점,126.91971,37.556592
동교로사거리,126.9209476,37.55584624
성산동,126.9069033,37.56476894
성산2교,126.9122332,37.5645228
성산2교,126.9132055,37.56386324
성미약수터,126.915105,37.56179661
성미약수터,126.9140662,37.56246357
경성중고.홍대부속여중고입구,126.9158071,37.56055181
경성중고.홍대부속여중고입구,126.916614,37.55965129
경성중고.홍대부속여중고입구,126.917281,37.55940936
서울도시가스마포사옥,126.9193196,37.55722773
서울도시가스마포사옥,126.9182029,37.55787904
마포구청역,126.9026626,37.56272775
마포구청역,126.9024722,37.56245882
마포중앙도서관,126.9067285,37.56367628
마포중앙도서관,126.907457,37.564253
성산2교,126.9135549,37.56566824
성산2교,126.9126441,37.56569295
광흥창역.서강동주민센터,126.9319143,37.54827848
광흥창역.서강동주민센터,126.9314122,37.54825468
창전현대홈타운,126.9326546,37.5508818
창전현대홈타운,126.9321995,37.5507125
신촌로터리,126.9345617,37.55388996
신촌로터리,126.9356826,37.5540512
이대역6번출구,126.9447875,37.55648966
이화여대입구,126.9457319,37.5559161
이대역5번출구,126.9460206,37.55579909
대흥교회,126.9457581,37.55404995
대흥교회,126.9460582,37.55378877
서강대학교후문,126.9439465,37.55049519
마포자이2차아파트.대흥역,126.942535,37.548758
굴레방다리.아현역,126.9574606,37.55715181
양화진성지공원입구,126.9122481,37.54865754
홍대입구,126.9203755,37.55459448
홀트아동복지회,126.9121781,37.54901065
합정역,126.9156095,37.55106044
합정역,126.9153072,37.5502177
홍대입구역,126.9230438,37.55656123
홍대입구역,126.9238133,37.55665183
연남동,126.927541,37.56252217
신촌역,126.934761,37.55563752
극동방송,126.9231512,37.5494238
극동방송,126.9229225,37.54942905
홍익대학교,126.9238048,37.55219058
홍익대학교,126.9246414,37.55307059
산울림소극장,126.9298078,37.55437031
산울림소극장,126.9301572,37.55495817
신수중학교,126.9326481,37.54524221
신수중학교,126.9327521,37.545436
래미안웰스트림아파트,126.9362365,37.54423137
한국출판콘텐츠센터,126.935409,37.5446548
용강동주민센터,126.9404187,37.54191773
용강동주민센터,126.9411794,37.54170996
용강동입구,126.9441051,37.53963255
메세나폴리스,126.9129325,37.55094775
마포한강푸르지오,126.912592,37.550787
성산초등학교입구,126.9118677,37.55313023
성산초등학교입구,126.912262,37.553218
기업은행서교동지점(최규하대통령가옥),126.9114639,37.55479154
기업은행서교동지점(최규하대통령가옥),126.9108956,37.55486951
망원시장.망원동월드컵시장입구,126.9087602,37.55733717
망원시장.망원동월드컵시장입구,126.9089433,37.55759113
마포구청역입구,126.9063647,37.56042755
마포구청역입구,126.9057249,37.56059465
성서초등학교,126.9114976,37.55880324
성서초등학교,126.9111731,37.55851374
새서울의원,126.9072377,37.55109381
미원아파트입구,126.9032162,37.55912293
미원아파트입구,126.9033226,37.55916537
망원2동주민센터,126.9030951,37.56000591
망원2동주민센터,126.9029286,37.56008056
청기와빌라,126.9043928,37.56078228
청기와빌라,126.9047513,37.56076057
망원정입구,126.9069936,37.55259394
성산초등학교,126.9100992,37.55359386
서서울농협,126.9060628,37.55355312
서서울농협,126.9060056,37.55340865
망원1동주민센터,126.9048936,37.55562355
망원1동주민센터,126.9051055,37.5554408
동교초등학교,126.9042154,37.55794625
동교초등학교,126.9040871,37.55789095
월드컵파크7단지,126.8784199,37.58114971
월드컵파크7단지,126.878963,37.581876
월드컵경기장북측,126.8994696,37.57285546
월드컵경기장북측,126.898104,37.573967
경성중고.홍대부속여중고입구,126.9156529,37.5597317
삼진제약,126.9267223,37.55335376
홍대입구역사거리,126.9222054,37.55473841
상암DMC홍보관.YTN,126.891323,37.577985
상암DMC홍보관.YTN,126.8912876,37.57746059
월드컵파크5단지.상암중고등학교입구,126.886335,37.580921
월드컵파크5단지,126.8865178,37.58033328
구룡근린공원,126.8826124,37.58343101
상암고등학교,126.8841995,37.58192392
월드컵파크3단지후문,126.889762,37.571242
마포아트센터,126.9437706,37.54982788
월드컵파크4단지후문.JTBC,126.8898954,37.57736148
디지털미디어시티역2번출구,126.8996741,37.57520782
월드컵파크4단지후문.JTBC,126.8899456,37.57785707
누리꿈스퀘어.MBC,126.889637,37.578988
월드메르디앙아파트,126.9234284,37.54507349
월드메르디앙아파트,126.924291,37.54480912
한강밤섬자이아파트,126.9277927,37.54573584
한강밤섬자이아파트,126.9277295,37.54554928
서강해모로아파트,126.9294971,37.54568641
서강해모로아파트,126.9296149,37.54549455
서교동주민센터.마포신문사,126.9163533,37.55489152
동교로사거리,126.9198284,37.55564455
월드컵경기장북측,126.8979917,37.57375802
강변한신코아,126.9439785,37.53744031
난지한강공원,126.8781937,37.56800892
난지한강공원,126.8750873,37.56876425
월드컵공원입구.문화비축기지입구,126.892749,37.568177
디지털미디어시티역,126.9007549,37.57507808
월드컵파크9.10.11.12단지,126.878833,37.58533
월드컵파크9.10.11.12단지,126.8799672,37.58439531
용마루고개.브라운스톤공덕아파트,126.9568298,37.54113305
하늘초등학교,126.879658,37.585322
월드컵파크10단지,126.8813484,37.58620545
월드컵파크11.12단지,126.8808993,37.58627043
수색교,126.883982,37.58721493
수색교,126.8839599,37.58708175
가좌역1번출구,126.9149413,37.56831592
가좌역,126.9153689,37.5678974
디지털미디어시티역,126.9007798,37.57552634
청구아파트.참누리아파트,126.9028582,37.57423215
청구아파트.참누리아파트,126.9031032,37.57383317
중동현대아파트,126.9072676,37.57168561
중동현대아파트,126.9072884,37.57146364
가좌행복주택.건영월드컵아파트,126.9121016,37.56945135
가좌행복주택.건영월드컵아파트,126.9120367,37.56930489
월드컵아이파크,126.9136074,37.56673371
월드컵아이파크,126.9136847,37.56647135
DMC첨단산업센터,126.8865456,37.58405944
DMC첨단산업센터,126.8866227,37.58361875
SBS.YTN,126.8943777,37.57982979
SBS.YTN,126.8939588,37.57983167
공항철도디지털미디어시티역,126.8990065,37.57669838
공항철도디지털미디어시티역,126.8981968,37.57696348
디지털미디어시티역,126.9005842,37.57535524
상암동주민센터앞,126.8939275,37.5784614
MBC,126.8907318,37.58208346
MBC,126.890786,37.58182673
성산대교북단(가상),126.894362,37.55673512
성산대교(가상),126.8946245,37.55770659
난지천공원.박정희대통령기념관,126.8861729,37.57441276
공덕시장,126.9541673,37.54438686
마포16번종점,126.8988594,37.5608656
서부면허시험장.월드컵파크8단지,126.8821106,37.57853201
창전중앙하이츠아파트,126.9275263,37.5499192
망원유수지.마포구민체육센터,126.8985925,37.55649687
양화진성지,126.9119308,37.54564037
홍대입구역,126.9236679,37.55732547
홍대입구역,126.9234387,37.55772827
아현전철역,126.9562462,37.55713682
샛별문방구.마포전철역,126.9476288,37.5398243
청암대,126.9477584,37.53568922
한겨레신문사,126.9589794,37.5471556
동원데자뷰아파트,126.8992212,37.56033787
창전삼성아파트109동,126.9302782,37.55024461
홍대후문,126.9273675,37.55120613
신촌수정탕,126.9375706,37.54979815
태양빌딩,126.8993651,37.55606411
난지천공원.박정희대통령기념관,126.8860527,37.57408838
다운교회,126.9128255,37.54562502
동교로사거리,126.9210303,37.55579133
코오롱아파트106동앞,126.9231009,37.56090911
가든호텔.삼성프라자,126.9492093,37.54074484
우성아파트3동,126.9475069,37.53616489
대상아파트,126.899642,37.55974261
창전삼성아파트107동,126.9309953,37.55073162
서강유치원,126.927995,37.55191207
삼익아파트입구,126.9356035,37.54990702
용약국,126.9368473,37.5544791
월드컵파크3단지,126.8883543,37.57262531
한이맨션,126.9141581,37.54551586
코오롱아파트104동앞,126.9219754,37.56229335
돼지슈퍼,126.961677,37.556961
형제식당,126.961069,37.557353
하나님의교회,126.9598793,37.54621801
신부파스카아파트,126.9003564,37.55875742
창전삼성아파트104동,126.9315847,37.55107709
육완순무용원,126.9290988,37.55273544
신수경남아파트,126.9336172,37.55001045
성원아파트,126.901618,37.55653457
서일빌딩,126.9159826,37.54541625
청원빌딩,126.918165,37.55841517
코오롱아파트사거리,126.9213939,37.56303456
신일약국,126.9625988,37.55601006
아현실버복지관,126.9602156,37.55764126
S마트,126.943554,37.547055
동교초등학교,126.9014439,37.55722737
창전삼성아파트입구,126.9324081,37.55162993
와우공원입구,126.9300208,37.55318113
마포소방서,126.9326945,37.5490809
광흥창역.서강동주민센터,126.9326343,37.54830043
대흥역,126.9410725,37.54807164
동교초등학교,126.9029521,37.55681141
마포농수산물시장.월드컵경기장,126.8972676,37.56606894
마포새빛문화숲,126.9179054,37.54528965
경성고교입구,126.9166359,37.56011118
대룡빌딩,126.9222717,37.56368213
공덕역입구,126.9515801,37.54203638
성원아파트,126.9015668,37.55671025
한강공원입구,126.8992249,37.55622911
금호태영아파트,126.9317249,37.55372008
경의선책거리.산울림소극장,126.9303701,37.55492495
신수동성당.신수동주민센터,126.9338505,37.54726044
서강수협.신수중학교,126.93239,37.54531505
용강초등학교,126.9435526,37.54705602
망원동사거리,126.9042806,37.55708913
마포구청.마포구청역,126.9009459,37.56575039
마포새빛문화숲후문,126.921036,37.54502866
마포FM,126.9177139,37.56099649
연남동주민센터,126.9230682,37.56408634
도화현대1차아파트111동앞,126.9543656,37.54117514
성원아파트,126.9371835,37.54717215
한국출판콘텐츠센터,126.9353845,37.54469572
서울여자중고등학교,126.9471496,37.54705538
망원시장,126.9059847,37.55743923
월드컵경기장역,126.9002903,37.56927041
상수동,126.92305,37.54649067
경성중고.홍익디자인고,126.9192591,37.56191397
에덴지우아파트,126.9242178,37.5645908
도화현대1차아파트,126.9554309,37.5404826
망원유수지.마포구민체육센터,126.8990019,37.55590701
마포세무서,126.9389468,37.54701628
신수현대아파트.래미안웰스트림,126.936702,37.54371799
염리삼성아파트,126.9475662,37.54848561
구)망원우체국사거리,126.9076978,37.55782498
상수역,126.9235905,37.5476372
코오롱아파트사거리,126.920851,37.56369831
에덴맨션,126.9249462,37.56398392
서부수도사업소,126.9598728,37.55680483
화평교회,126.9011589,37.55443735
신촌역,126.9348063,37.55562043
굴다리시장,126.9414168,37.54627864
신석초등학교,126.9386569,37.54316395
일성여자중고등학교,126.9484113,37.54887345
망원전철역,126.909933,37.55610821
상수두산아파트,126.924441,37.54754675
경성중고후문,126.9202968,37.56437916
하모니마트사거리,126.9253883,37.56336606
만물사부동산,126.9607372,37.55534805
하나님의교회,126.9553128,37.53933186
MBC,126.8917373,37.57962812
월드컵파크4단지,126.8877411,37.57780148
상암중학교,126.8872439,37.57897175
서울산업진흥원.국악방송,126.8889507,37.58073707
우리기술사옥.한국지역정보개발원,126.8878786,37.58226098
DMC빌,126.8855909,37.58239265
우리금융상암센터.DMC빌,126.8855752,37.58193216
도화현대1차아파트단지내,126.954593,37.53978296
양화대교북단(가상),126.9042671,37.54992182
상암고등학교,126.8825327,37.58097801
상암월드컵파크6.7단지,126.8805398,37.58127348
상암월드컵파크6.7단지,126.8806238,37.58105871
상암고등학교,126.8836708,37.5806846
스탠포드호텔,126.8861172,37.58242252
스탠포드호텔,126.8856847,37.58245094
월드컵파크6단지상가,126.8856639,37.57980675
공덕역10번출구,126.9530953,37.54184792
공덕역10번출구,126.952886,37.54183432
웨딩타운,126.9515835,37.55697056
상지초등학교,126.8814544,37.57972097
아현전철역,126.9568347,37.55717411
스탠포드호텔,126.8865649,37.58255931
우리기술사옥.한국지역정보개발원,126.8878117,37.58202676
전자회관,126.8886559,37.58080568
상암중학교,126.8872133,37.57933049
월드컵파크6단지,126.8873114,37.57817863
YTN뉴스퀘어.CJE&M,126.8915797,37.57900735
마포한강아이파크아파트,126.9041145,37.55242313
중동초등학교,126.9101093,37.56682282
대흥태영아파트,126.9430639,37.5457514
용강동주민센터,126.940558,37.54188282
서강대교북단(가상),126.9289675,37.54380108
양화대교북단(가상),126.9082297,37.54740637
마포현대아파트,126.9491538,37.54877555
성산초등학교,126.9123429,37.55422631
서강초등학교,126.9262643,37.54749023
경의선숲길공원입구,126.9190511,37.56589395
대명아파트,126.9243117,37.56245057
환일고등학교,126.9608191,37.55456232
용산성당.현대홈타운,126.9531661,37.53760632
가구단지,126.9607211,37.55802339
하모니마트,126.905998,37.55228047
성모병원사거리,126.9121224,37.56461395
마포대교북단(가상),126.9396617,37.54052155
창전삼성아파트입구,126.9325189,37.55177868
대흥세양아파트,126.944727,37.54484569
아현1동경로당,126.9610258,37.55360566
마포전철역,126.9445498,37.53961835
공덕삼성3차아파트후문,126.951238,37.54915261
고니빌딩,126.9140403,37.55451411
서강쌍용아파트.광흥창역,126.9302872,37.54794592
사천고가앞,127.074999,37.613647
원효초등학교,126.9509197,37.53621232
새서울의원,126.9070201,37.55125951
창전삼성아파트104동,126.93149,37.55128247
와우산로오거리,126.929964,37.55444232
산울림포스트극장,126.9303703,37.55466981
마포자이아파트,126.9460098,37.54410468
성지빌딩,126.9457763,37.54147337
엘지빌딩,126.9534278,37.54878925
서교동주민센터,126.9153507,37.55474033
이랜드,126.9315366,37.54919918
만리동고개,126.9622626,37.55161892
한강타운.우성아파트16동앞,126.9495167,37.53593869
공덕전철역,126.9526849,37.54328394
남경장,126.9098198,37.54875837
창전삼성아파트107동,126.930916,37.55084962
와우공원입구,126.9299421,37.55326111
염리초등학교,126.94676,37.54260289
염리초등학교,126.9471368,37.54262649
아현동주민센터,126.9531058,37.54711827
우리은행서교동지점,126.9173478,37.55325944
마포노인복지관,126.9323104,37.54952942
공덕동주민센터,126.9600892,37.55052035
청암대,126.9479213,37.5357713
성산대교북단(가상),126.893128,37.55799147
성서초등학교,126.9126082,37.55866259
마포역서울가든호텔,126.9471087,37.54074048
창전어린이공원,126.929512,37.55027657
창전어린이공원,126.9292518,37.55016387
창전삼성아파트109동,126.9303623,37.55040416
육완순무용원,126.9290569,37.55285513
중부여성발전센터,126.9451382,37.54121807
재화스퀘어,126.9468983,37.54389603
공덕전철역,126.9510177,37.54552068
월드컵경기장입구,126.9027355,37.56252212
월드컵경기장입구,126.9029579,37.56282351
월드컵파크7단지,126.8804641,37.58225564
월드컵파크7단지,126.8792408,37.58198442
상암동입구,126.8994147,37.57378466
상암동입구,126.8983845,37.5738247
상암월드컵파크5단지,126.8864769,37.58084734
상암월드컵파크5단지,126.8864067,37.58047561
성산대교북단(가상),126.8912154,37.5604831
홍은IC(가상),126.8845383,37.56374227
홍대입구역사거리,126.9209776,37.55452595
창전현대홈타운,126.9327234,37.55087409
삼우빌딩,126.957945,37.54921154
합정역,126.9147926,37.54984878
희성교회,126.9140807,37.55680382
서강유치원,126.9279628,37.55204132
마포전철역,126.9442692,37.53962092
한국컴퓨터,126.9449341,37.54492869
신촌연세병원.기업은행,126.9332204,37.55199173
공덕동성당,126.9568867,37.54838123
우리은행서교동지점,126.9175337,37.55194307
서교동주민센터.마포신문사,126.9162481,37.55487253
홍대후문,126.9273099,37.55130886
대흥태영아파트,126.9430909,37.54595146
동도중학교.서울디지인고등학교,126.9455045,37.54644639
서울서부지방법원,126.9553486,37.5488
세븐일레븐,126.9559962,37.54040681
동교로사거리,126.9198714,37.55565809
난지한강공원(가상),126.8735248,37.57071805
신석초등학교,126.9388467,37.54342321
굴다리시장,126.9417133,37.54638962
서교동주민센터,126.9150521,37.55559976
난지한강공원(가상),126.8730875,37.57021838
서교푸르지오아파트,126.9231792,37.55362727
홍대입구역,126.9232163,37.55668973
신수현대아파트.래미안웰스트림,126.9369441,37.54383346
마포세무서,126.9390394,37.54729837
대흥역사거리,126.9423208,37.5481047
신촌역,126.9356328,37.55532442
마포경찰서,126.9553279,37.55033844
도화현대1차아파트111동앞,126.9545639,37.54124031
홍대정문,126.9238877,37.5529818
동교로사거리,126.9197614,37.55586887
한국출판콘텐츠센터,126.9355502,37.54474732
신수세양아파트,126.9373248,37.54740921
서교동교회,126.9192023,37.55166218
애오개역,126.956534,37.55259464
공덕역입구,126.9516244,37.5422235
레드로드입구,126.9214305,37.55081936
서교동주민센터.마포신문사,126.9161415,37.55506619
서강수협.신수중학교,126.9325019,37.54547551
신수동성당.신수동주민센터,126.934707,37.54748258
숭문중고등학교후문,126.9453442,37.55209168
레드로드입구,126.9214466,37.55064276
가든호텔.삼성프라자,126.9490519,37.54074284
희성교회,126.9142956,37.55687155
광흥창역.서강동주민센터,126.9328324,37.54793659
마포프레스티지자이아파트,126.9460687,37.5534761
홍대정문,126.923651,37.55200396
아현초등학교,126.9558084,37.55583697
샛별문방구.마포전철역,126.9475974,37.54005712
상지초등학교,126.8813929,37.57956518
합정역,126.9149514,37.55058599
성서초등학교,126.9128379,37.55868529
마포소방서,126.9331169,37.5504232
이대전철역,126.9460216,37.55591353
홍대정문,126.9248315,37.55315091
라사라패션직업전문학교,126.9295117,37.55412787
사천고가앞,126.9174119,37.56691465
S마트,126.947454,37.53883395
경성중고사거리,126.9161669,37.56064397
서교푸르지오아파트,126.9231795,37.55391013
경의선숲길공원입구,126.9191849,37.56546318
우성아파트입구,126.9473838,37.53796896
성미약수터,126.9146652,37.5622973
경성중고후문,126.9201211,37.56443625
우성아파트3동,126.9473963,37.53640347
하모니마트,126.9061199,37.55252116
성모병원사거리,126.9125265,37.56464399
코오롱아파트사거리,126.9208408,37.56358079
도화현대1차아파트,126.9553042,37.54045372
마포한강아이파크아파트,126.9041742,37.55263854
중동초등학교,126.9107017,37.56657456
신한은행서교동금융센터점,126.918354,37.55738535
경성중고.홍익디자인고,126.9194964,37.56228718
망원파출소.롯데장학관,126.902646,37.55368977
대우미래사랑아파트,126.9169681,37.556741
효성약국,126.9177091,37.56120824
화평교회,126.9013092,37.55461589
성산시영아파트,126.9036833,37.56997337
한국해양전략연구소,126.9157158,37.55615891
망원파출소.롯데장학관,126.9027471,37.55345583
망원유수지.마포구민체육센터,126.8992531,37.55598562
서교동주민센터,126.9146083,37.55564539
창전삼성아파트,126.932527,37.55158314
임오빌딩,126.9173994,37.55877057
월드컵경기장역,126.8983131,37.5738733
새화빌딩,126.9134454,37.5551111
신촌이랜드청년주택,126.9315214,37.54951163
성산초등학교,126.9119273,37.55441974
우리은행서교동지점,126.9175609,37.55336318
서강쌍용아파트.광흥창역,126.9301264,37.54797196
동교로사거리,126.9210454,37.55605972
동교초등학교,126.9016286,37.55708966
망원전철역,126.9102977,37.55609815
서교동주민센터,126.9152772,37.55565038
서강초등학교,126.9263557,37.5477462
신부파스카아파트,126.9004729,37.55878545
KBS미디어센터,126.8912678,37.5762495
구)망원우체국사거리,126.9072824,37.55790161
홍대후문,126.9254084,37.54776813
대상아파트,126.8998549,37.55965628
월드컵파크2단지,126.8903117,37.57525579
망원동월드컵시장,126.905989,37.55762576
상수역,126.9223889,37.54783917
동원데자뷰아파트,126.8994205,37.56026595
하나은행망원동지점,126.9047035,37.55736161
레드로드입구,126.9205037,37.54792573
마포16번종점,126.8989567,37.56092786
서부면허시험장.월드컵파크8단지,126.8819695,37.57825481
동교초등학교,126.9029564,37.55700155
합정동,126.9181202,37.54760741
마포새빛문화숲,126.9171164,37.54550986
서일빌딩,126.9159632,37.5455541
성우맨션,126.9142497,37.54563577
다운교회,126.9127953,37.54573653
월드컵경기장역,126.9001462,37.56951561
마포구청.마포구청역,126.8995753,37.5663308
상암고등학교,126.8843873,37.58205571
상암고등학교,126.8834948,37.58233666
원효대교북단(가상),126.951978,37.53049434
우성아파트입구,126.9475018,37.53798007
망원교회,126.9001617,37.55623509
망원교회,126.9005292,37.55649582
신촌역,126.9359752,37.55469925
경성중고사거리,126.9157402,37.56062024
삼진제약,126.92683,37.55320742
한국영화아카데미,126.9294391,37.55429814
서교동교회,126.9194138,37.55175064
성산2동주민센터,126.9083872,37.56802445
원효대교북단(가상),126.9502787,37.53045371
월드컵파크7단지,126.8798689,37.58041057
창전삼성아파트110동,126.9283524,37.54993548
신촌역,126.9358957,37.55428706
신촌역,126.9356256,37.5544909
신촌농협.하나로마트,126.9332008,37.55618812
기업은행.신촌연세병원,126.9334876,37.55316601
세븐일레븐,126.9559382,37.54015114
아현고개,126.9469798,37.55662043
양화대교북단(가상),126.9059337,37.54757215
백합아파트,126.9009302,37.55795052
백합아파트,126.9010706,37.55793892
서강대교북단(가상),126.9280834,37.54308918
홍익병원목동관,126.86403,37.53090839
금호어울림.대원칸타빌아파트,126.8665441,37.53269073
목동3단지후문,126.8699099,37.53432434
영도초등학교,126.8705188,37.53555591
신목중학교.목동2단지후문,126.8735523,37.53816526
목동2단지,126.8779874,37.53659993
목동3단지,126.875742,37.534747
목동4단지상가.목동종합운동장,126.875115,37.53229799
목동3.4단지사잇길,126.8719803,37.53279586
목동사거리,126.8638355,37.53326952
영도중.강서고입구.기아양서대리점,126.863622,37.53617351
목동시장.대일고교.배광교회,126.8638409,37.539005
신목중학교,126.8718965,37.53712282
목동스카이아파트.목동3단지,126.8696103,37.53428779
금호어울림.대원칸타빌아파트,126.8668606,37.53287805
신목동역2번출구,126.8823418,37.54385476
신목동역1번출구,126.882069,37.54392207
경서농협,126.856298,37.521363
목동성원아파트,126.8631752,37.54229504
목3동주민센터.현대아이파크.실로암안과,126.862401,37.54483252
등촌역6번출구.목동깨비시장,126.8639369,37.54969481
월촌초등학교,126.8770703,37.54118755
월촌초등학교.우성아파트,126.8753673,37.54050303
목원초등학교.서울지방식품의약품안전청,126.8811364,37.54253255
용왕산,126.8742324,37.53913006
신목동역,126.8814977,37.54594356
목동한신청구아파트,126.8801651,37.54063836
목동한신청구아파트,126.8803505,37.54072866
목동1.2단지사잇길,126.8784758,37.5383884
월촌중학교.목동1단지,126.881671,37.53791238
목동YMCA.서울에너지공사,126.8826598,37.53884228
목동YMCA.서울에너지공사,126.8828573,37.53903531
목동5단지C상가.목동운동장북문,126.8774929,37.53281973
파리공원,126.8783258,37.53462166
목동5단지B상가.목5동주민센터,126.8813067,37.53576989
이대목동병원.목동6단지앞,126.8844278,37.53684743
목동아파트601동앞.이대병원,126.8832528,37.53589268
목동아파트5.6단지사잇길.경인초교,126.8838504,37.53287009
오목교역,126.8763829,37.52506981
양정고등학교,126.8879022,37.53522316
목1동주민센터,126.87358,37.529802
목동역3번출구.홍익병원,126.8644324,37.52738143
CBS방송국,126.8741491,37.52809722
목운초등학교.목운중학교,126.8737705,37.5264187
목동7단지,126.8702312,37.52850969
목운초등학교.목운중학교,126.8733948,37.52612619
목동운동장남문.아이스링크,126.8765922,37.52847438
목동7단지.종로학원,126.8687626,37.52567217
목동대학학원,126.873313,37.524957
오목교역.동신한방병원,126.8768222,37.52444873
갈산초등학교정문,126.8704858,37.51280494
오목교역.청학스포츠타운,126.8754466,37.5234269
새마을금고,126.8736392,37.52106964
신정2동주민센터,126.8714242,37.518983
오목교역.동신한방병원,126.8769219,37.52408548
신목초등학교입구,126.870927,37.517471
목동14단지상가,126.8718896,37.51470815
현대아파트정문,126.8774211,37.51978505
현대아파트정문,126.8782363,37.52078792
삼성아파트정문,126.8769041,37.51634952
삼성아파트후문,126.87715,37.51811503
현대아파트후문,126.8781722,37.52193044
목동14단지C상가앞,126.8741756,37.51404611
목일중학교,126.8739268,37.51401882
목동13단지,126.8693991,37.51426843
목동14단지,126.8695819,37.51474221
신트리공원,126.8579171,37.51448906
목동12.13단지사잇길,126.8635453,37.51305394
목동12.13단지사잇길,126.8632703,37.5132321
신목초등학교입구,126.8707857,37.51730176
목동14단지관리사무소앞,126.8722112,37.51514323
목동11단지,126.8583087,37.51321989
목동14단지관리사무소앞,126.8716908,37.51479619
양천구청역,126.8653279,37.51256669
양천공원,126.869642,37.517872
양천구청,126.86703,37.516543
양천구민체육센터.양천일자리센터,126.8642388,37.51554358
목동12단지,126.8603283,37.51418196
갈산초등학교정문,126.8701085,37.51282761
갈산초등학교후문,126.868709,37.51108938
갈산초등학교후문,126.869212,37.51128816
은정초등학교,126.8667027,37.51032353
은정초등학교,126.867106,37.51009428
목동우성아파트,126.8657102,37.50719817
목동우성아파트입구,126.8642093,37.50845111
양천아파트,126.8633495,37.50817426
봉영여중.목동고,126.8618411,37.50728131
봉영여중.목동고,126.8614269,37.50739076
봉영여중.목동고,126.8618163,37.50863422
양천노인종합복지관,126.8591785,37.51028777
양천구청역,126.8666091,37.51286963
양천아파트,126.862762,37.510264
신정네거리해누리분수광장,126.8515144,37.52188642
신정네거리.신정119안전센터,126.8507301,37.5220233
동방아파트,126.8463249,37.52188249
동방아파트.신월종합사회복지관,126.8462897,37.52142649
신곡시장.금빛새마을금고,126.8437433,37.51964347
신곡시장.금빛새마을금고,126.8438199,37.51928494
신한은행신월동지점,126.8416026,37.51801864
신한은행신월동지점,126.8418635,37.51782796
양강중학교,126.8499936,37.52371103
신월2동주민센터입구,126.8456905,37.52275882
강서초등학교,126.841931,37.52187762
한빛종합사회복지관,126.8392498,37.52125587
신월동남부주유소,126.8385851,37.51939309
신월2동우체국,126.851248,37.523082
신트리사거리,126.8559491,37.51311521
신트리아파트,126.8541402,37.51290132
정랑고개.양천벤처타운,126.8503821,37.51157732
신정학마을아파트,126.8439634,37.50742085
양천고등학교,126.8456572,37.50992673
계남초등학교,126.8584302,37.50975303
목동아파트11단지(1117동),126.859907,37.50730617
신정1동주민센터.신오새마을금고,126.8543711,37.51720336
양명초교.신서중,126.8557025,37.51430526
신트리공원.목동아파트11단지,126.8571829,37.51392049
목동10단지상가,126.8596768,37.51596919
양천문화회관.양천일자리센터,126.862381,37.51693324
목동10단지농협,126.8563817,37.51780102
목동13단지,126.8692997,37.51451385
목동13단지,126.8680275,37.5135267
신서초등학교,126.8618413,37.52064102
신정1동우체국,126.861673,37.521953
우리은행신정동지점,126.859385,37.521705
목동프라자,126.8602781,37.51987595
목동10단지,126.8566525,37.51908697
신정네거리역,126.8534032,37.52103872
신정네거리역,126.8533978,37.51946421
길훈로즈빌아파트,126.871157,37.52243302
미래탐구초중학원.종로학원,126.8694005,37.52481016
목동역5번출구,126.8654053,37.52579678
목동8단지.등촌지하차도,126.8669117,37.52004784
양천구청.양천보건소,126.8661629,37.51816257
목동8단지.한전,126.8683292,37.52018346
진명여고,126.8651038,37.52394011
서울남부지방법원.서울남부지방검찰청,126.865547,37.52179
서울남부지방법원.서울남부지방검찰청,126.8659323,37.5218496
오목교역.청학스포츠타운,126.875315,37.52362783
현대아이파크아파트,126.8732569,37.52103408
목동중학교.서울출입국.외국인청,126.8708457,37.51987716
목동대학학원,126.8728638,37.52472648
목동7단지,126.8671253,37.52558699
제일은행앞,126.8640996,37.5193001
서울남부지방법원.서울남부지방검찰청,126.8633685,37.52219405
신정2동주민센터.목동중학교,126.8703494,37.51906056
목동역7번출구.진명여고,126.8645744,37.52450719
우리은행신정동지점,126.8587127,37.52190114
목동역8번출구.목동오거리,126.8631069,37.52580579
신서고등학교.영상고등학교입구,126.8599725,37.52539572
신정역(은행정).신정4동주민센터,126.8542989,37.52463013
신정1동우체국,126.8614154,37.52215256
서울남부지방법원.서울남부지방검찰청,126.8643535,37.52253395
신정네거리역,126.8534321,37.52127697
신서고등학교.영상고등학교앞,126.8594494,37.52262507
목동제일여성병원,126.8518789,37.52247391
신정4동경서농협,126.8551727,37.52151618
목동역.홍익병원,126.8639152,37.52804955
목동역.목동오거리,126.862791,37.52595861
신서고교.영상고교입구,126.8603986,37.52565303
신정역(은행정).신정4동주민센터,126.853972,37.52486371
양강중학교,126.850553,37.52506713
신월문화체육센터,126.835249,37.519969
신월동우성상가,126.833826,37.5217809
중부운수앞,126.8307798,37.52410407
신월문화체육센터,126.8362023,37.52011737
신월동우성상가,126.8339904,37.52171757
국립과학수사연구소입구,126.8370346,37.52235526
신안파크아파트후문,126.8288365,37.52392556
신안파크아파트후문,126.828914,37.52409847
국립과학수사연구소.고강동종점,126.8257795,37.52345522
신정1동주민센터.신오새마을금고,126.8538762,37.51760318
신정네거리역,126.8528217,37.51985338
신트리아파트,126.8538684,37.5130326
정랑고개.양천벤처타운,126.8498548,37.51166135
서부트럭터미널.신정동일하이빌아파트,126.842363,37.510935
강신중학교,126.8403599,37.51527132
남명초교.신정3동주민센터,126.8549126,37.51507653
금옥중.금옥여고.백암고등학교,126.8445827,37.50985233
양강중학교,126.85028,37.524862
양강중학교,126.849505,37.52384985
신월2동주민센터입구.경창전통시장,126.8460404,37.52310058
강서초등학교,126.841679,37.52202595
한빛종합사회복지관,126.8387477,37.52134173
과학수사연구소입구,126.836962,37.52190465
서부트럭터미널.신정동일하이빌아파트,126.8423998,37.51008863
신정현대아파트.서부트럭터미널,126.8429841,37.5083598
넓은들공원,126.8392002,37.51079611
넓은들공원,126.8386454,37.51106565
신정현대아파트,126.8421396,37.50878182
신정숲속마을아파트,126.8341354,37.50644704
신정숲속마을아파트.댓골마을입구,126.8356123,37.50676368
양천중앙도서관.푸른마을2단지,126.8340906,37.51419128
양천중앙도서관.푸른마을2단지,126.833988,37.514032
신월시영아파트.강월초등학교,126.83553,37.515731
신월시영아파트.강월초등학교,126.835305,37.515937
강월초교입구사거리,126.8377839,37.51635995
강월초교입구사거리,126.8378579,37.51669255
금실어린이공원,126.8377739,37.51795429
금실어린이공원,126.8378532,37.51742852
강신중학교,126.8398086,37.51586282
양서중학교,126.8309503,37.53154635
신월1동주민센터.신월보건지소,126.831048,37.53218127
신월3동주민센터.신월3동우체국,126.8288289,37.53466482
서부여성발전센터,126.8290122,37.5351643
가로공원공영주차장.신영시장,126.833027,37.53637599
국민은행신월동지점,126.8291079,37.535805
서서울호수공원,126.8325722,37.52903473
서서울호수공원,126.8329213,37.52925059
하나은행신월동지점,126.8379927,37.53047685
가로공원공영주차장,126.8325797,37.53665081
양원초교.광영여고,126.8235072,37.5390246
국민은행신월동지점,126.8296039,37.53621493
메디힐병원.서울금융고등학교,126.8277769,37.53699263
신화중학교,126.8313536,37.53965099
신월5동주민센터.신월중학교,126.8275324,37.53947839
신월5동주민센터.신월중학교,126.8276176,37.53924983
신월중학교입구,126.8252825,37.5399012
신월중학교입구,126.8256582,37.54013151
광영고.신동아파밀리에아파트,126.8233616,37.53935779
서울금융고등학교,126.8270247,37.53732043
신화중학교,126.8307631,37.53935507
경창빌딩,126.8385825,37.51865936
신월시영아파트중문,126.8367193,37.51909545
신월시영아파트중문,126.8365807,37.51908399
목원초등학교.서울지방식품의약품안전청,126.8813546,37.5430365
양천노인종합복지관,126.8590793,37.51041154
양서중학교,126.8302431,37.53279646
양명초등학교,126.8572418,37.5160834
신목동역-서울지방식품의약품안전청,126.8833583,37.5436358
목동파라곤,126.8755215,37.5300691
신정현대아파트.서부트럭터미널,126.8420066,37.50901089
대일관광고.푸른마을3단지,126.8362219,37.51117817
대일관광고.푸른마을3단지,126.835885,37.511319
신정현대아파트,126.8410742,37.50863659
신월문화체육센터,126.8368774,37.52051249
목동아파트1102동앞,126.8601148,37.51157957
트럭터미널주유소앞,126.8415438,37.50908777
목동아파트1434동앞,126.8719841,37.51566106
목동아파트1216동앞,126.8621877,37.51150542
신월동기점,126.8385294,37.52947735
목동아파트1218동앞,126.863621,37.51171675
양천공영차고지,126.8372402,37.50842378
국립과학수사연구소.고강동종점,126.8259332,37.52363095
신월동기점,126.8386621,37.52957676
양천공영차고지,126.8376467,37.5087014
신정이펜하우스3단지,126.8304154,37.51412118
푸른마을1단지아파트,126.8353881,37.51265311
신정교입구,126.8739017,37.51860526
중부운수앞,126.8307795,37.52422031
서남병원.이든채아파트,126.83488,37.512878
신정교입구,126.8736165,37.51857081
신월청소년문화센터,126.8264418,37.5354516
계남초등학교,126.8577593,37.51012389
신목동역-서울지방식품의약품안전청,126.8835304,37.54364328
보람쉬움아파트,126.8354826,37.52979988
보람쉬움아파트.신영시장,126.8352416,37.52990444
신정이펜하우스2단지,126.8305421,37.51450289
신정이펜하우스1단지아파트,126.8280797,37.51398714
이펜하우스1단지.어르신요양센터,126.8288197,37.51339443
양천어르신요양센터,126.8284426,37.51361822
신정이펜하우스3.4단지,126.8304617,37.51128845
신정이펜하우스5단지.서남병원,126.8334705,37.51119587
푸른마을아파트3단지,126.8365885,37.51207898
강서보건소.9호선등촌역,126.8680475,37.54903807
염창역.골든서울호텔,126.8761513,37.54686997
목2동주민센터,126.8713803,37.5461773
동일하이빌아파트,126.8408156,37.51001402
팔복부동산.목동교회,126.8703833,37.5438945
신정현대아파트.서부트럭터미널,126.8412612,37.50842688
목동문화체육센터.건영아파트,126.8690347,37.54175562
한성교회.금옥여고.백암고,126.843065,37.51078477
우신웨스트빌.목동보건지소,126.8690376,37.53946323
대림.수정아파트,126.842443,37.51233834
벽산.대주아파트,126.8415303,37.51438982
성원.극동아파트,126.8716473,37.53800362
목동센트럴2단지,126.8410313,37.51552994
목동센트럴1단지,126.8407068,37.51642688
농협.영도초등학교,126.8705499,37.53591818
학마을2단지아파트,126.8442805,37.5088382
한신청구아파트,126.8815755,37.53969003
학마을2단지아파트,126.8440959,37.50896012
신정1동주민센터,126.8547129,37.51836539
목동10단지,126.8566247,37.51893713
오목교역.대학학원,126.8741567,37.52481065
목동프라자,126.8593706,37.51939999
신서초교,126.8621672,37.52063509
서울남부지법,126.8629843,37.52168132
한신청구아파트정문,126.8816171,37.53981803
목동8단지천주교,126.8688815,37.52259812
목동3.4단지사잇길,126.8716438,37.53279798
용왕산입구,126.8731058,37.53808809
성원.극동아파트,126.8717854,37.53800737
목동9단지B상가,126.860685,37.51826527
현대아파트.월드메르디앙아파트,126.869913,37.5390524
목동프라자,126.8592177,37.51950794
우신웨스트빌.목동보건지소,126.8688076,37.54023882
목동문화체육센터.건영아파트,126.8691975,37.54185041
신정1동주민센터,126.8543801,37.51840905
팔복부동산.목동교회,126.8704988,37.54384867
목2동주민센터,126.8713325,37.54669524
양동중학교,126.8687519,37.54752231
수명산입구,126.8288757,37.54341363
거산아파트,126.8319712,37.54019666
신곡시장,126.8425811,37.51874534
목동센트럴1단지,126.8404714,37.51655194
목동센트럴2단지.이마트24,126.8408153,37.51574513
벽산.대주아파트,126.8413478,37.51456079
대림.수정아파트,126.8423503,37.51229857
한성교회.백암고,126.842932,37.51110809
금옥여고.대우미래사랑아파트,126.8436827,37.50966462
동일하이빌아파트,126.8406524,37.51014356
현대아파트.월드메르디앙아파트,126.8703584,37.53871227
롯데캐슬아파트.목3동시장,126.8670352,37.54807006
신정이펜하우스1단지,126.8280891,37.51506022
서남병원,126.8325984,37.51173975
신은초등학교,126.8335393,37.5133381
신은초등학교,126.8336663,37.51344415
서남병원,126.8325259,37.511757
이펜하우스3.4단지,126.8295805,37.51204853
양천어르신요양센터,126.82891,37.51344186
신정이펜하우스1단지.새금성교회,126.8284977,37.51445264
목동역,126.8642855,37.52536741
목동역,126.8647257,37.52533548
갈산초등학교,126.8700048,37.51293597
갈산초등학교,126.8703835,37.51304632
화곡입구,126.8272224,37.53699272
화곡입구,126.827728,37.53709889
국립과학수사연구소,126.8366145,37.52302142
서부트럭터미널,126.8437883,37.50782651
대일고등학교,126.8638776,37.53940874
양천공영차고지,126.8374185,37.5084115
오목교역,126.875144,37.52343784
오목교역,126.8753761,37.52332997
신도림4차e편한세상,126.8877444,37.51219814
목동현대백화점,126.8741805,37.52816907
강서양천교육지원청,126.829937,37.541566
거산아파트,126.8316906,37.5407169
신월사거리,126.8277442,37.53593379
염창역.서울도시가스,126.8758966,37.5471462
염창역.서울도시가스,126.8750053,37.54696382
등촌역.강서보건소,126.8687187,37.54911388
등촌역.강서보건소,126.8675998,37.54941062
등촌중학교.백석초등학교,126.8614386,37.55262621
등촌중학교.백석초등학교,126.8606811,37.55290522
강서구청사거리.서울디지털대학교,126.8555268,37.55488738
강서구청사거리.서울디지털대학교,126.8540843,37.55523558
KBS스포츠월드,126.850512,37.556782
KBS스포츠월드,126.8489274,37.55705053
한국가스기술공사,126.845633,37.558022
한국가스기술공사,126.8437363,37.5579718
발산역,126.83922,37.558502
송정역,126.8098253,37.5614517
송정역,126.8109376,37.56135437
"공항중학교.마곡엠밸리9,10단지",126.8155483,37.5608008
발산역,126.8376109,37.55857335
마곡역,126.827513,37.559695
마곡역,126.8262227,37.55972845
"공항중학교.마곡엠밸리9,10단지",126.8171528,37.56073797
마곡동로사거리,126.8339922,37.55907348
마곡동로사거리,126.8324755,37.55910513
강서세무서,126.8221992,37.56013525
강서세무서,126.8228597,37.56016063
화원중학교,126.8410402,37.53783315
서울식물원.식물문화센터,126.835058,37.56833693
백석초등학교.한국임업진흥원,126.8616543,37.55270361
등촌중학교.한국임업진흥원,126.8601041,37.55295219
강서대학교.강서LG베스트샵,126.8560334,37.55484521
하이웨이주유소.강서대학교,126.8557935,37.55453407
서울식물원.숲문화학교,126.8341461,37.5662276
LG사이언스파크,126.8335273,37.56197854
등촌주공5단지아파트,126.8437953,37.55819262
발산역4번출구,126.8392815,37.558627
발산역5번출구,126.8394839,37.55821097
송정역,126.8114083,37.56141881
공항중학교,126.815009,37.561102
송정역4번출구,126.8107201,37.56117608
송정역,126.8090169,37.56167898
공항시장,126.8088329,37.5622655
공항시장,126.8087504,37.56242304
공항시장역3번출구,126.8109494,37.56382489
공항시장역.공항성산교회,126.811384,37.5647465
방화주유소,126.812578,37.566218
방화2동청성아파트앞,126.811615,37.56697617
방신전통시장입구,126.8128628,37.56995293
마곡우촌아파트,126.8114749,37.57002343
방신전통시장정문.방화사거리,126.8115903,37.57271878
방신전통시장정문.방화사거리,126.8113414,37.57265711
한서고등학교.보람아파트,126.811733,37.57483
한서고등학교.보람아파트,126.8114186,37.57481624
방화역2번출구,126.812627,37.576742
방화역3번출구,126.8123587,37.57691187
방화3동주민센터.국립국어원,126.813513,37.57913
방화7단지.국립국어원,126.8133545,37.57930827
가양역4번출구.가양8단지아파트,126.8559124,37.56186214
가양역7번출구.마포중고교,126.8542039,37.55892751
가양역8번출구.마포중고교,126.8541936,37.55955916
경복비즈니스고등학교,126.8534483,37.55752808
경복비즈니스고등학교,126.853122,37.55766284
강서구청.한국건강관리협회,126.8505842,37.55262795
강서구청.한국건강관리협회,126.8501699,37.55266887
우장초등학교,126.8481814,37.55035323
우장초등학교,126.8477783,37.54936691
한국폴리텍1.서울강서대학교,126.8452748,37.54608728
한국폴리텍1.서울강서대학교,126.8447321,37.54584327
화곡본동시장,126.8426282,37.54317865
화곡본동시장,126.8432514,37.54334348
화곡역6번출구,126.8387506,37.5410376
화곡역7번출구,126.8370056,37.54087302
강서구청소년상담복지센터,126.8355644,37.54019528
화곡푸르지오,126.834479,37.54015064
외발산신광명마을,126.8215259,37.54606458
외발산신광명마을,126.821132,37.545958
강서면허시험장.메이필드호텔,126.819496,37.5496839
강서면허시험장.메이필드호텔,126.8202256,37.54779762
강서농수산물도매시장,126.81998,37.55187
영인운수.차고지,126.8179353,37.54533512
대한항공.메이필드호텔,126.8168175,37.54972277
공항동송정중학교,126.8149361,37.5527773
공항동송정중학교,126.815368,37.55313
국립항공박물관.공항동천주교회,126.811917,37.555638
국립항공박물관.공항동천주교회,126.811943,37.555152
공항동지하도입구,126.808185,37.559087
영인운수.차고지,126.818294,37.5452133
방화중학교,126.8059168,37.5646214
방화동도시개발11단지,126.804202,37.570852
개화119안전센터,126.8026,37.575195
개화119안전센터,126.802225,37.575128
개화역1번출구.개화검문소,126.800345,37.578455
개화역1번출구.개화검문소,126.7997884,37.57849426
상사마을,126.7985641,37.58249255
상사마을,126.798335,37.58182
영일고등학교.강서도서관,126.8633554,37.54898858
아이파크아파트.백석중학교.실로암안과,126.8621413,37.5451449
등촌2동주민센터.등촌동대림아파트,126.8629699,37.54194247
대일고교.임광아파트.배광교회,126.8635679,37.53979135
용문사.시립화곡청소년센터,126.8633458,37.53709721
목동사거리,126.8635224,37.53319859
목동사거리,126.8636088,37.53163377
화곡동남부시장,126.8588539,37.53183633
성석교회,126.8575906,37.53151222
서울신정초등학교,126.8529083,37.53112932
서울신정초등학교,126.8525297,37.53093063
화곡8동주민센터,126.8495912,37.53082331
화곡8동주민센터.까치산시장,126.8488201,37.53058851
KT강서지사,126.8475167,37.52997229
KT강서지사,126.8478811,37.52995383
화곡동유림아파트,126.844302,37.530479
화곡동유림아파트,126.8444275,37.5303526
황외과앞,126.8378394,37.53096322
까치산역2번출구,126.8468456,37.53177067
까치산역4번출구,126.8461928,37.53223863
화곡동백구사,126.8425221,37.53260032
화곡동백구사,126.8407944,37.53238177
화곡대림아파트,126.8389263,37.53300318
화곡동대림아파트.화곡중앙시장,126.8383241,37.53418041
강서문화원.강서K병원,126.837192,37.5367735
강서문화원.강서K병원,126.8368737,37.53743987
강서문화원.강서K병원,126.83667,37.53690603
강서문화원.강서K병원,126.8362927,37.53717865
다운어린이공원.치유하는교회,126.8437952,37.53256448
화원중학교,126.840433,37.537977
신월초등학교,126.8389691,37.5386349
신월초등학교,126.8394912,37.53896541
화곡역5번출구,126.8409451,37.54064792
화곡역4번출구,126.8411221,37.54095273
화곡역1번출구,126.8395162,37.54279784
화곡역8번출구,126.8388886,37.54292941
대원시장,126.8382264,37.54406298
대원시장,126.8373132,37.54452489
화곡중고등학교,126.8362223,37.54722398
화곡중고등학교,126.8364708,37.54742029
우장산역1번출구,126.8365028,37.549241
우장산역4번출구,126.8362285,37.54979426
명덕고등학교.서울스타병원,126.8365206,37.55309439
명덕고등학교.서울스타병원,126.8363717,37.55329124
발산역.우장산힐스테이트,126.8376255,37.5560386
발산역.우장산힐스테이트,126.8374836,37.55676559
발산역2번출구,126.838558,37.56009
발산역3번출구,126.8389703,37.56017015
서울호서전문학교.등촌주공3단지아파트,126.839465,37.562868
서울호서전문학교.등촌주공3단지아파트,126.839755,37.562662
서울강서우체국,126.8403694,37.56456709
서울강서우체국,126.8400518,37.56456734
양천향교역.휴먼빌아파트,126.8416018,37.56921563
양천향교입구,126.8414302,37.5700308
가양한강타운아파트,126.8434528,37.57040291
가양한강타운아파트,126.8438103,37.57050587
가양2단지성지아파트.동양고등학교,126.846539,37.5696276
가양2단지성지아파트.동양고등학교,126.8473483,37.56964441
한보구암마을아파트,126.8490282,37.56877036
가양동천주교영등포공업고등학교,126.8496503,37.56848329
서울서진학교.우체국앞.허준박물관,126.851331,37.56684872
탑산초등학교.허준박물관,126.8517606,37.56669819
가양4단지아파트,126.8532911,37.56526185
대림경동아파트,126.8532162,37.56558806
가양5단지아파트,126.85513,37.564242
가양2동강변아파트,126.8556381,37.56417994
가양6단지아파트,126.8579044,37.56294639
가양초등학교,126.85982,37.561717
강서구청별관,126.859759,37.56119946
가양3동주민센터,126.860753,37.56141252
가양9단지아파트,126.863307,37.559812
가양9단지아파트.세현고등학교,126.8636097,37.55981193
염창동아3차아파트.나이아가라호텔,126.8776266,37.54912227
염창동아3차아파트,126.8776893,37.54881687
염창동새마을금고,126.873324,37.55023509
염창동새마을금고,126.8727945,37.55015703
염창동한마음.관음삼성아파트,126.8697189,37.55304709
염창동관음삼성아파트,126.8693581,37.55292955
태영.삼성한사랑아파트,126.8654574,37.55506527
금호.한솔아파트,126.865485,37.55544736
블루나인비지니스센터,126.8637439,37.55624283
블루나인비지니스센터,126.8639189,37.55650706
증미역1번출구.강서소방서,126.8614346,37.55786325
증미역3번출구.강서소방서,126.8617195,37.55723078
가양역6번출구.현대프린스텔,126.8563498,37.56021961
가양역5번출구.현대아파트,126.8567272,37.56041196
가양역9번출구.우성아파트,126.8539737,37.56145209
가양역1번출구.우성아파트,126.853228,37.562223
SBS공개홀,126.8508002,37.5634891
SBS공개홀,126.849849,37.5636591
가양4.5단지상가앞,126.8526273,37.56408453
서울서진학교,126.849851,37.565616
등촌동대림아파트,126.848394,37.56440514
강서한강자이아파트,126.847871,37.56501451
가양동CJ주식회사,126.8449352,37.56665411
가양동CJ주식회사,126.8440631,37.56681325
양천향교역1번출구.양천초교,126.840356,37.569105
양천향교역8번출구.양천초교,126.840489,37.568749
겸재정선미술관.서울식물원,126.838569,37.56977833
겸재정선미술관.서울식물원,126.8372947,37.57077334
마곡실내배드민턴장,126.8298473,37.57261855
마곡실내배드민턴장,126.8319559,37.57267477
서남물재생센터,126.8273192,37.57300456
서남물재생센터,126.8271585,37.57277006
서남환경공원.마곡청구아파트,126.8233293,37.57328221
서남환경공원.마곡청구아파트,126.822208,37.57313662
방화2단지아파트,126.81844,37.573256
방화2단지아파트,126.818829,37.573514
방화동동부센트레빌아파트,126.8138644,37.57332251
방화동동부센트레빌아파트,126.814217,37.573528
한서고등학교.방화사거리,126.810512,37.573128
한서고등학교.방화사거리,126.809421,37.573162
개화산역2번출구,126.806172,37.572521
개화초교.개화산역2번출구,126.805346,37.572655
등촌3동천주교회,126.8457976,37.56008125
등촌3동천주교회,126.8460351,37.5599579
등촌3동5단지아파트.등촌고등학교,126.84519,37.561745
등촌3동5단지아파트.등촌고등학교,126.8452051,37.56194938
등촌3동주공4단지아파트,126.8431809,37.56242874
등촌동부영아파트,126.84275,37.562722
등촌3동주공10단지아파트,126.8474153,37.56196643
등촌3동대림아파트,126.84749,37.56258981
마곡13단지힐스테이트아파트,126.8179662,37.55669601
다솔마을.강서농수산물도매시장,126.8198769,37.55481797
강서공업고등학교,126.816627,37.57552923
방화1.2단지아파트,126.8168825,37.57522329
서울항공비즈니스고등학교,126.8168323,37.56951691
서울항공비즈니스고등학교,126.8163793,37.56896517
공항중학교,126.8162656,37.56318918
공항중학교.마곡엠밸리9단지,126.81676,37.562458
양천향교역7번출구,126.8407488,37.56700014
방신전통시장입구,126.8126603,37.57005257
방화주유소,126.8125292,37.56669108
제과점앞,126.8099418,37.56021095
공항동천주교회,126.811612,37.557387
강서한방병원,126.8390315,37.53012593
강서한방병원,126.8393407,37.52999299
강서한강자이아파트,126.8500719,37.56636461
강서구청별관,126.859807,37.561162
우장산동주민센터,126.8415761,37.54792505
문성유치원,126.8442262,37.54691496
우장산투웨니퍼스트오피스텔,126.84579,37.54719857
가양7단지상가,126.861713,37.560708
등촌주공9단지,126.850602,37.561643
강서구민올림픽체육센터,126.850182,37.559912
등촌주공6단지,126.848477,37.560553
등현초등학교,126.8472695,37.56110288
가양7단지상가앞,126.861831,37.56074916
우장산휴먼빌아파트,126.8434782,37.54743835
우장산동주민센터,126.841406,37.54807574
양서1단지우장산아이파크이편한세상,126.8370212,37.5480022
우장산파크빌,126.8453329,37.54665287
강서힐스테이트아파트,126.8369631,37.54785305
등촌주공6단지앞,126.848447,37.560355
강서구민올림픽체육센터,126.850322,37.559795
등촌9단지SBS공개홀,126.850932,37.561875
가양4.5단지상가앞,126.852823,37.563943
삼정그린코아아파트,126.8117012,37.57159607
강서농협,126.8128867,37.56832217
강서농협,126.812767,37.568388
서울방화초등학교,126.805304,37.568165
공항동주민센터,126.810557,37.55883
천주교성당,126.812261,37.556398
마곡나루역4번출구.서울식물원,126.8277729,37.56525441
마곡나루역5번출구.서울식물원,126.827501,37.56536889
마곡역교차로,126.8285731,37.55934955
이대서울병원,126.83483,37.55873959
김포공항국내선,126.8042072,37.55874178
김포공항국내선,126.8046467,37.55839112
김포공항국제선,126.801112,37.56531
김포공항국제선,126.8010313,37.56499803
발산역7번출구,126.8379025,37.55773868
신방화역5번출구,126.8174478,37.56739453
마곡엠밸리6.7단지.마곡중학교,126.8214498,37.56710783
마곡나루역1번출구,126.8257999,37.56675393
마곡역,126.826863,37.56108
마곡역,126.827203,37.560522
마곡나루역1번출구.웰튼병원,126.8265563,37.56695587
마곡동로사거리,126.8314961,37.55946749
마곡엠밸리11.12단지,126.8215713,37.56006448
마곡13단지힐스테이트후문,126.8187359,37.55663412
공진초등학교,126.8216429,37.55843228
송정역,126.812279,37.56131557
외발산동기점,126.8213322,37.54520915
한국공항공사,126.798872,37.562433
한국공항공사,126.7987624,37.56252212
이마트(가상),126.7984631,37.56254745
개화동상사마을종점,126.80181,37.588697
마곡수명산파크7단지,126.8230654,37.54921873
마곡수명산파크5단지6단지,126.8253549,37.55130795
마곡수명산파크2단지,126.8264227,37.55490711
마곡수명산파크2단지,126.826058,37.554787
마곡수명산파크3단지4단지,126.8252226,37.55168483
마곡수명산파크7단지,126.822762,37.549322
마곡역6번출구,126.825491,37.559571
마곡역,126.8243288,37.56021843
화곡2동주민센터,126.8552227,37.53137688
화곡2동주민센터,126.8544836,37.53117632
마곡엠밸리14단지아파트,126.826412,37.557467
마곡엠밸리15단지아파트,126.8267496,37.55743876
발산역9번출구,126.8365136,37.55891933
공항동주민센터,126.810619,37.558964
신방화사거리,126.816922,37.572868
신방화사거리,126.8165347,37.57278556
마곡우촌아파트,126.8117127,37.5701349
개화역광역환승센터,126.797811,37.57845
개화역광역환승센터,126.797978,37.57822
방화2동청성아파트,126.8118934,37.56656391
핑크힐병원,126.8755585,37.54931475
롯데몰.김포공항역,126.8030234,37.56237983
송정중학교정문,126.8162291,37.55433721
염창동주민센터,126.8711269,37.55368009
대통마트,126.8561331,37.53514925
강원슈퍼,126.8569291,37.53566111
화곡보람3차아파트,126.8582381,37.53649486
에이엔케슬,126.8591687,37.53713606
한광고,126.8584806,37.53779304
신정여상,126.8575412,37.53728369
명지해드는터아파트,126.8564711,37.53663598
동우아트빌,126.8559329,37.53646922
미주아파트,126.8549372,37.53741388
방송인아파트,126.854109,37.53703347
곰달래약국,126.858041,37.53151997
중앙하이츠빌라,126.8581895,37.53076413
곰달래아파트,126.8565796,37.52965845
삼성아파트,126.8541282,37.52921921
은창아파트,126.8518828,37.52893527
화곡전화국,126.8479082,37.52947641
까치산역4번출구,126.8460661,37.53264329
까치시장,126.846278,37.53374267
화곡탑건진선미아파트,126.8467094,37.53618055
GS화곡개나리점,126.848008,37.536642
빨래세탁소,126.8491624,37.53716878
공작세탁소,126.8545741,37.53659151
주영렉스빌,126.855148,37.53604702
대통마트,126.8559979,37.53484255
국민약국,126.857847,37.53175403
주영렉스빌,126.8550458,37.53589825
약수터,126.8516393,37.53877765
신광명마을,126.8240687,37.54710826
수명중고등학교,126.8240952,37.54930247
마곡.수명산파크4단지,126.8244871,37.55061504
방화중학교,126.8065584,37.56426742
한마음아파트,126.8680232,37.55510781
우성아파트앞,126.8708997,37.55551558
우성아파트,126.8709494,37.55556159
봉제산정상,126.851736,37.53670398
생태공원,126.8185408,37.5834339
NC백화점앞,126.8402473,37.5594763
염창역1번출구.강서평생학습관,126.8737556,37.54729799
명지해드는터아파트,126.8563584,37.53676359
하이웨이주유소,126.8542799,37.55446914
서광아파트,126.8194426,37.57883323
마곡엠밸리7단지앞,126.8244646,37.56542073
대림아파트,126.8751414,37.54833031
하나마트,126.8531016,37.55249234
정곡초교,126.8186173,37.57600074
등명중학교,126.8429615,37.55909511
동아3차아파트,126.8760291,37.54946212
미주아파트,126.8551022,37.53750509
백연공원,126.8520878,37.55062851
방화4단지,126.8134033,37.57674503
등촌3동성당사거리,126.8458654,37.55882591
새마을금고,126.8732765,37.55023775
방송인아파트,126.8540561,37.53719673
강서대학교,126.8512243,37.54947853
방화3동주민센터,126.8135875,37.57859255
등촌6단지,126.8476783,37.55956986
관음삼성.보람더하임아파트,126.8703833,37.55242246
공작세탁소,126.8543809,37.53646602
골목시장,126.8502357,37.54861944
등촌9단지,126.8487623,37.56140678
염창중학교,126.870934,37.55335209
대통마트,126.8558561,37.53505651
SK브로드밴드강서방송,126.8492844,37.54780995
정곡초교,126.8195724,37.57584687
강서세무서.공항초교,126.820609,37.56200546
남부시장,126.8576985,37.53251978
수정빌딩,126.8475437,37.54580838
다솔마을,126.8166634,37.55515462
화곡유치원,126.8461327,37.5444216
마곡엠밸리14단지,126.8256703,37.55803579
등촌7단지아파트,126.8530358,37.56126336
삼천리아파트,126.8698493,37.55617403
화곡중앙하이츠빌라,126.8580424,37.53074774
본동시장,126.84422,37.54283113
마곡엠밸리14단지,126.8247274,37.55832353
한서고등학교.보람아파트,126.8114927,37.57486654
한마음아파트,126.8678151,37.5550445
곰달래아파트,126.8572149,37.52979428
본동사무소,126.8477354,37.54270209
볏골어린이공원,126.8419755,37.54096763
방신시장.LG베스트샵,126.812587,37.57334232
마곡엠밸리11.12단지상가,126.821037,37.55866262
삼성아파트,126.8542115,37.52943377
거성빌라,126.8490739,37.54217874
마곡13단지힐스테이트상가,126.820138,37.55836393
겸재정선미술관입구,126.8376286,37.5717978
한국건강관리협회,126.8509972,37.55382512
증미역2번출구,126.8626081,37.55718046
은창아파트,126.8518067,37.5291208
강서구립봉제산어르신복지센터,126.8502913,37.54177299
본동시장.새마을금고본점,126.8427421,37.54281926
금호APT,126.8371205,37.57433998
강서구청입구,126.8496142,37.55320432
등촌강변샤르망오피스텔,126.8571485,37.55862474
마곡13단지힐스테이트후문,126.8179906,37.55673739
대영마트,126.8510552,37.5405746
우체국,126.845932,37.54419393
벽산아파트,126.8367589,37.57556406
우장산꿈에그린아파트,126.8477997,37.5532921
등촌현대아파트,126.8550856,37.55661729
까치산역1번출구,126.8463346,37.53260556
정은파크빌,126.8514174,37.54000556
화곡초교,126.8465565,37.54358481
벽산아파트,126.8366806,37.57573888
롯데3차APT,126.8465771,37.55287241
하이웨이주유소,126.8540853,37.55559064
까치시장,126.8460804,37.53354057
약수터,126.8515081,37.53877208
금호APT,126.8369598,37.5742938
강서구민회관,126.8442712,37.55306583
선교교회,126.8477613,37.53434202
겸재정선미술관입구,126.8374305,37.57183087
발산어린이집,126.8416539,37.55436714
화곡탑건진선미아파트,126.8468187,37.53599341
삼거리,126.8501324,37.53738778
롯데1차,126.8409792,37.55451274
GS화곡개나리점,126.8480437,37.53656745
강서노인회관,126.8399796,37.55453248
빨래터세탁소,126.8492383,37.5369625
안골공원,126.8512591,37.53593151
우장산월드메르디앙아파트,126.8378891,37.55479015
방화동동부센트레빌아파트,126.8138108,37.5733692
삼거리,126.8502334,37.53733682
강남슈퍼,126.8510241,37.53519411
프라임마트,126.8182381,37.57287379
태창아파트,126.8508561,37.53757663
신정초교,126.851208,37.53259739
정은파크빌,126.8515067,37.5400282
마곡한솔솔파크,126.8226596,37.57004464
가양역,126.8566507,37.56045016
길훈아파트,126.8225723,37.56868401
마곡중학교,126.820558,37.56896197
김포공항국내선,126.8033334,37.55954037
마곡나루역,126.8277919,37.5672229
롯데R&D센터,126.8284268,37.57131906
마곡나루역,126.8280656,37.5671627
대한항공,126.8150621,37.54998341
LG사이언스파크,126.833984,37.5627653
김포공항국내선,126.8040502,37.55928887
마곡엠밸리1단지,126.819153,37.56780913
마곡나루역1번출구,126.8258171,37.56668638
마곡나루역5번출구,126.8274785,37.5653148
대한항공,126.8164831,37.54988855
서울식물원.숲문화학교,126.8345109,37.56631596
마곡역2번출구,126.8259968,37.55996297
강서세무서.공항초교,126.8209337,37.56190171
강서세무서,126.8213949,37.56235628
마곡엠밸리7단지입구,126.824676,37.565172
마곡엠밸리7단지,126.8235748,37.56716959
마곡역,126.8268428,37.56120533
마곡엠밸리3단지입구,126.8199974,37.56745676
마곡중학교후문,126.8208225,37.56863731
길훈아파트,126.8227,37.5688329
마곡한솔솔파크,126.8228444,37.56967326
프라임마트,126.8181869,37.57298634
방화동동부센트레빌아파트,126.8142022,37.57352361
방신시장,126.8129196,37.5736123
한서고등학교.보람아파트,126.8117492,37.57501249
동아1.2차아파트,126.8718806,37.5546675
약수터,126.8515195,37.53828377
동아1.2차아파트,126.8720632,37.55465858
화곡역7번출구,126.8387732,37.54132981
마곡우림필유아파트,126.8206648,37.57201904
마곡우림필유아파트,126.8202678,37.5720488
대영마트,126.8511435,37.54059814
롯데R&D센터,126.8285451,37.57031237
마곡엠밸리7단지.712동,126.8235219,37.56717613
신방화역4번출구.마곡중학교,126.8199237,37.56745014
신방화역7번출구,126.816377,37.56661
마곡엠밸리4단지,126.8249811,37.56893158
마곡엠밸리5단지,126.816778,37.566192
화곡중앙골목시장,126.8377759,37.53470178
송화시장,126.8352516,37.54798224
삼천리아파트,126.8698053,37.55611181
LG주유소,126.8577464,37.53152971
오쇠동꽃단지,126.7978638,37.53822117
오쇠동꽃단지,126.7974938,37.53820882
강서구립봉제산어르신복지센터,126.850392,37.54177762
화곡중.고등학교,126.833277,37.548016
증미역,126.8636352,37.55669001
삼거리,126.8501047,37.53717987
남부시장,126.8578071,37.53253613
송정역,126.8091452,37.56134422
거성빌라,126.849591,37.54219617
김포공항국내선,126.8030851,37.55970576
강서면허시험장,126.8188279,37.55027309
염창역.서울골든호텔,126.8761933,37.54725651
덕원여자고등학교.덕원예술고등학교,126.8321738,37.54925115
증미역,126.8638396,37.55628705
봉제산정상,126.8516123,37.53667755
김포공항국내선,126.803681,37.55950851
성우빌딩,126.8575558,37.53362667
발산초등학교,126.8314178,37.55078824
김포공항국내선,126.8044803,37.5585727
로미오이발클럽,126.8530366,37.53603466
방화대교남단(가상),126.8160003,37.58358116
강서면허시험장메이필트호텔,126.8181908,37.55024778
강서구의회,126.8621435,37.54518365
강서구의회,126.8629064,37.54634875
대일고등학교,126.8634754,37.53900909
목동사거리,126.8636807,37.53067508
김포공항국제선,126.8021757,37.56587131
강서면허시험장.강서농수산물시장,126.8184685,37.55009773
염창역2번출구,126.87631,37.547248
태영송화아파트,126.8675138,37.55387545
김포공항국제선,126.801935,37.56570601
대통마트,126.8562745,37.53492464
화곡초교,126.8467696,37.54342829
수명산근린공원,126.830814,37.55201286
관음삼성.보람더하임아파트,126.8703511,37.55205208
청송평화아파트,126.8537362,37.53529991
아람마트,126.8549622,37.53440734
마곡수명산파크1단지앞,126.829825,37.55341895
새마을금고,126.8724183,37.55039001
성심사,126.8541747,37.53368889
성심사,126.8540195,37.53383054
마곡.수명산파크2단지,126.8278597,37.55361795
아람마트,126.8550585,37.53427963
현대빌라,126.8539119,37.53443759
화곡역7번출구,126.8386545,37.54127017
마곡.수명산파크3단지,126.8258981,37.55318615
가양대교남단(가상),126.8668036,37.56055986
청송평화아파트,126.853828,37.535221
가양대교남단(가상),126.8671119,37.56094137
마곡수명산파크3단지.4단지,126.8252405,37.55174523
화곡보람3차아파트,126.8583825,37.53639532
로미오이발클럽,126.8531191,37.53615716
푸르지오APT,126.8311221,37.54185797
염동초교.염창보람더하임아파트,126.8704365,37.55205753
에이엔케슬,126.8593609,37.53722631
염동초교.염창보람더하임아파트,126.8706059,37.55227396
화곡유치원,126.8462318,37.54424387
나이아가라.리버파크.골든서울호텔,126.8778401,37.54885787
한광고,126.8586511,37.53789009
수정빌딩,126.8476446,37.54568011
마곡수명산파크7단지정문,126.8242285,37.54796995
신정여상,126.8574726,37.53746027
SK브로드밴드강서방송,126.849183,37.54758725
나이아가라.리버파크.골든서울호텔,126.8778935,37.54912598
골목시장,126.8502247,37.54847525
서울자동차학원,126.8215964,37.54690451
강서대학교,126.8513127,37.54940115
백연공원,126.852199,37.550627
하나마트,126.8531946,37.55244731
강서구청후문,126.8502252,37.55045586
화곡보람2차아파트,126.8540264,37.55388543
화곡6동주민센터,126.8507266,37.55157295
개화동상사마을종점(가상),126.7985207,37.58257404
본동사무소,126.847722,37.54280843
황제참치,126.8514758,37.55277415
청과시장2,126.8212167,37.55185365
콘티넨탈호텔,126.8522417,37.55409071
강서면허시험장,126.8191068,37.54950105
등촌역1번출구,126.8628059,37.55219983
발산역3번출구,126.8386305,37.55924607
마곡수명산파크7단지상가,126.8222347,37.54738305
마곡수명산파크7단지정문,126.8242775,37.54785107
수명중.고등학교,126.8241693,37.55006761
기업은행,126.8408607,37.56608841
마곡수명산파크5단지.6단지,126.8253975,37.55140845
김포공항국내선(11-2번홈),126.8027332,37.55985521
마곡수명산파크상가,126.826199,37.55334094
2.8공원,126.8378903,37.57070784
마곡수명산파크5단지아파트,126.8281311,37.55347216
김포공항국내선(11-3번홈),126.802614,37.56001617
수명산파크1단지아파트앞,126.8297394,37.55325753
방화대교(가상),126.8204379,37.58354775
수명산근린공원,126.830908,37.55157056
방화대교(가상),126.8217039,37.58424493
발산초등학교,126.8318357,37.54962732
2.8공원,126.8377373,37.57074728
화곡중.고등학교,126.8331242,37.54787562
마곡철교(가상),126.8368633,37.5774689
송화시장,126.8353186,37.54787149
마곡철교(가상),126.8370996,37.57776068
우장산월드메르디앙아파트,126.8379443,37.55462522
강서노인회관,126.8395111,37.55447057
롯데1차,126.8404847,37.55437097
김포공항국제선(1경기),126.8013317,37.56527679
발산어린이집,126.8415568,37.55426969
강서구민회관,126.8442048,37.55288372
방화3동주민센터,126.8136548,37.57838631
롯데3차APT,126.8464574,37.5527407
방화동삼익아파트,126.8132285,37.57680692
공영주차장,126.8478384,37.55318672
강서구청입구,126.849806,37.553128
서광아파트,126.8196509,37.57883265
생태공원,126.8185765,37.58348242
등촌7단지,126.8531999,37.56127708
등촌10단지,126.8486444,37.56153368
등촌미주.진로아파트,126.8477466,37.55990696
등촌3동성당사거리,126.8456364,37.55896348
등촌5단지,126.8439156,37.55914234
원당근린공원앞,126.8417736,37.55935034
발산역.NC백화점,126.8394595,37.5597454
동우아트빌,126.8560741,37.53656792
태창아파트,126.8507879,37.53775351
김포공항역3번출구,126.8017921,37.5625377
강서농수산물도매시장,126.8181069,37.55349769
강서농수산물도매시장종점,126.8226727,37.55451677
등촌동주공9단지,126.849752,37.56291828
등촌주공9단지,126.8499826,37.56273491
등촌동주공8단지,126.8513905,37.56210126
국립항공박물관,126.8076814,37.55633063
등촌주공8단지,126.8521,37.56162367
대한항공화물청사,126.8132205,37.55143217
대한항공훈련센터,126.8131745,37.54628775
가양대교(가상),126.8585762,37.56545633
가양대교(가상),126.8585869,37.56586878
김포공항화물청사,126.8112609,37.55342047
김포공항세관.국립항공박물관,126.8080679,37.55566085
강원슈퍼,126.8570263,37.53551602
대한항공빌딩,126.8145691,37.55073415
대한항공,126.8168536,37.549578
김포공항국제선,126.8008097,37.56488592
신도림역,126.8892229,37.50967555
신도림역,126.8884639,37.50910805
신도림동.구로역,126.8839791,37.50600214
신도림동.구로역,126.883228,37.50534359
구일역.중앙유통상가,126.8746998,37.49988063
구일역.제일제당,126.8745361,37.49970251
동양미래대학.구로성심병원,126.8679977,37.4996344
동양미래대학.구로성심병원,126.8670187,37.49937648
개봉역.영화아파트,126.860179,37.49690678
개봉역.한마을아파트,126.8620566,37.49647736
경인중학교.개봉사거리,126.8554228,37.4973831
경인중학교.개봉사거리,126.8551316,37.49717103
구로디지털단지역,126.9015481,37.48309943
신도림역,126.8921031,37.50654722
신도림역,126.8915708,37.50701588
서울미래초등학교,126.889452,37.505102
서울미래초등학교,126.8893191,37.50525394
한국SGI,126.8897821,37.50247704
거리공원.구로신협본점앞,126.8885489,37.50277998
거리공원,126.8918355,37.49997415
구로도서관.대성스카이렉스,126.8910758,37.49956354
구로고등학교,126.8915775,37.49656811
영림중학교,126.8916231,37.49691409
구로구청,126.8879268,37.49456195
구로구청,126.8876042,37.49475088
고대구로병원후문,126.8845657,37.49323225
대림역,126.8939772,37.49094575
대림역,126.8937988,37.49113706
영서중학교,126.8922035,37.4898314
영서중학교,126.8923358,37.49020094
구로두산아파트,126.890072,37.488807
구로종합사회복지관,126.889168,37.487893
남구로역2번출구,126.886787,37.485278
남구로역5번출구.구로4동자치회관,126.886453,37.48531
한국산업단지공단.이마트구로점,126.8967541,37.4841411
고용노동부관악지청.이마트구로점,126.8980497,37.48365104
디지털산업1단지,126.8950387,37.48385126
디지털산업1단지,126.8947643,37.4839659
하이엔드1차·보건지소·치매센터,126.8929302,37.48174777
지하이시티·보건지소·치매센터,126.8926352,37.48169766
디지털단지오거리,126.8908839,37.4800218
디지털단지오거리,126.890398,37.479933
퀸즈빌,126.8328027,37.48731378
가리봉시장,126.8871282,37.48300829
가리봉시장,126.8869929,37.4824286
남구로역3번출구,126.886268,37.48418
남구로역,126.8856451,37.4860984
구로시장,126.8848621,37.48799093
구로시장,126.88461,37.48798
구로4동우체국.고대구로병원정문,126.8842399,37.49024842
구로4동우체국.고대구로병원정문,126.8840651,37.48990222
구로119안전센터,126.8832313,37.49378426
구로119안전센터,126.8829564,37.49383625
우리유앤미아파트,126.8823841,37.49677418
구로변전소.구로초등학교,126.8840767,37.49778869
구로2동성당,126.8823344,37.49957385
구로역·NC신구로점,126.8828494,37.50003843
구로역·NC신구로점,126.8825806,37.50084604
구로역.구로기계공구상가,126.8793093,37.50356809
구로역.구로기계공구상가,126.8789985,37.50341729
기업은행구로중앙지점,126.877402,37.50516558
기업은행구로중앙지점,126.8772441,37.50487346
두암빌라,126.8257159,37.49508609
항동우남퍼스트빌,126.8190131,37.47661633
신도림중학교,126.8849527,37.50649443
신도림중학교,126.884705,37.506772
구로역,126.882277,37.50455
구로역,126.8821395,37.5048451
초롱타운회전교차로,126.8798379,37.49570305
솔길공원,126.8803655,37.48929067
GS25,126.8802099,37.49288327
한일유앤아이아파트,126.8760349,37.48564621
항동우남퍼스트빌,126.8187529,37.47668232
구로SKV1지식산업센터,126.8171865,37.47768914
구로SKV1.제일풍경채포레스트,126.8170927,37.4775799
개봉사거리,126.8572965,37.49714471
경인중학교,126.8563002,37.49689537
개봉치안센터,126.8518576,37.49819602
오류1동주민센터.오류문화센터,126.8461421,37.49683797
오류1동주민센터.오류문화센터,126.844651,37.49653144
오류동역,126.8433601,37.49569185
오류동역,126.842537,37.49560231
씨티월드,126.8406827,37.4944629
오류지구대.신오류주유소,126.8394648,37.49426454
서울가든빌라앞,126.8311076,37.49120294
서울가든빌라앞,126.8316708,37.491563
성공회대학교유한공고앞,126.8250439,37.48944695
영풍마드레빌아파트.소공원사거리,126.8395381,37.49113093
연세중앙교회,126.8354231,37.49310828
궁동청소년문화의집,126.8328204,37.49332352
궁동청소년문화의집.구로검사소,126.8336322,37.49313321
우신고등학교,126.830847,37.4933
우신고등학교,126.8304506,37.4930634
온수역,126.82376,37.492802
온수역,126.8244009,37.49277702
온수동새마을금고,126.8243872,37.49605595
정진학교.온수힐스테이트아파트,126.8221461,37.49697459
수궁동주민센터,126.830866,37.494651
수궁동주민센터,126.8308533,37.49435913
수궁119안전센터,126.829596,37.496815
수궁119안전센터,126.8293339,37.49678424
예림디자인고.오류고.서울공연예술고,126.829242,37.498605
예림디자인고.오류고.서울공연예술고,126.82904,37.4984
서서울생활과학고.궁동도서관,126.828971,37.50283939
서서울생활과학고.궁동도서관,126.8291845,37.50220449
오남중학교.삼미주택,126.8367979,37.48853275
오남중학교,126.837157,37.48810374
구로2동지하차도입구,126.8812545,37.49019708
구로우체국.이펜하우스5단지후문,126.8422808,37.48194555
천왕역4번출구,126.8393715,37.4859414
오류2동주민센터,126.839782,37.48864343
오류2동주민센터,126.8396656,37.48888204
오류2동새마을금고,126.8406512,37.49052297
오류2동새마을금고,126.8405721,37.49062221
대원주유소,126.8565298,37.4869344
대원주유소,126.8561852,37.4873584
현대아파트.개봉중앙시장,126.856131,37.49075706
현대아파트.개봉중앙시장,126.8558657,37.49053374
덕의초등학교,126.8594403,37.50633773
덕의초등학교,126.8583582,37.50615802
고척근린공원,126.8552979,37.50472246
고척근린공원.고척도서관,126.8544694,37.50463373
세곡초등학교,126.8498423,37.50266835
세곡초등학교,126.850607,37.50318205
개봉푸르지오아파트,126.8478312,37.50213683
개봉푸르지오아파트,126.8480532,37.50199384
고척근린시장,126.850809,37.50112329
용두연립,126.851795,37.49900153
우리유엔미아파트,126.8826343,37.49721504
구로2동성당,126.8825792,37.49983757
고척파크푸르지오아파트,126.8593137,37.50754212
고척시장,126.8619416,37.5038511
고척시장,126.861991,37.50313711
고척중학교,126.8638647,37.50046556
고척중학교,126.8632418,37.50096715
구로디지털단지역,126.901646,37.48348969
삼부르네상스.효성아파트,126.894636,37.47874444
구일우성아파트,126.8757008,37.48949759
구일우성아파트,126.875812,37.49013
개봉역,126.8567242,37.49397888
개봉역,126.8575704,37.49348435
개봉1동사거리.개봉푸르지오아파트,126.8467947,37.50141323
개봉1동사거리,126.8469151,37.50046951
구로1동우체국,126.8745026,37.49156829
구일우성아파트,126.8762607,37.48871476
디지털단지입구,126.8764578,37.48642369
구로보건소,126.8891718,37.50023072
궁동삼거리,126.8284512,37.50640132
구일우성아파트,126.8758257,37.48974303
개봉역,126.8570002,37.49344724
웰크론,126.8938547,37.4829061
남구로역2번출구,126.8873712,37.48493217
개봉고가,126.855585,37.49365601
구로남초등학교,126.8910105,37.48398953
연세중앙교회,126.8359814,37.49330279
가리봉파출소,126.891741,37.47924639
동양빌라,126.8315971,37.49518984
남구로역6번출구,126.8885674,37.4877325
궁동입구,126.83408,37.4934389
현대아파트,126.886618,37.504635
롯데아파트,126.8847255,37.50282309
구로역·NC신구로점,126.882557,37.501827
롯데아파트,126.8847504,37.50272117
제중병원,126.8866148,37.50361498
구로역,126.882775,37.50207124
구로중앙하이츠아파트.화원복지관,126.8798196,37.49828666
신동아미래지움아파트,126.8803765,37.50012077
초롱타운아파트,126.8800117,37.49582924
한양수자인아파트앞,126.8246295,37.47810715
온수동종점,126.821273,37.491642
온수동종점,126.8212178,37.49196839
구로구청,126.8884812,37.49592855
대림역,126.8943735,37.49350098
구로중학교,126.8908083,37.49309315
우신고등학교후문,126.824903,37.49604407
동양빌라,126.8313007,37.49531709
궁동입구,126.8342168,37.49345532
동부골든아파트,126.8401619,37.49873071
거성푸르뫼아파트,126.8433198,37.50032244
거성푸르뫼아파트,126.8435534,37.5006161
오류동삼거리,126.8408784,37.49537031
오류동삼거리,126.8403663,37.49580947
동부골든.한신플러스타운,126.8403826,37.4986319
구로역.나인스애비뉴,126.8834798,37.49982279
개봉1동사거리,126.8453709,37.50121091
개봉1동사거리,126.8455329,37.50106785
동부골든아파트후문,126.842311,37.50008
동부골든아파트후문,126.8419151,37.49956847
항동하버라인3단지,126.8229434,37.47874661
항동하버라인3단지,126.8230451,37.47916111
푸른수목원,126.8244378,37.48149466
항동복합행정센터,126.8220934,37.47963057
푸른수목원,126.8245518,37.48119036
항동복합행정센터,126.8222802,37.47952048
푸른수목원후문.저수지앞,126.8224245,37.48428958
매화빌라,126.8231547,37.47665433
그린빌라정문,126.8234322,37.48604325
매화빌라,126.8233185,37.47671239
푸른수목원후문.저수지앞,126.8222927,37.48378226
항동중흥S클래스,126.8216009,37.48108359
항동하버라인2단지,126.821657,37.4812765
디지털단지오거리,126.8887535,37.48011533
연지타운2단지,126.8408329,37.48373069
연지타운2단지,126.8412298,37.48380003
원각사입구,126.8295257,37.50055659
삼각공원,126.8925198,37.50185337
고척고교.한일유앤아이.삼익아파트,126.852461,37.50823595
삼덕마을입구,126.8500804,37.50747963
삼덕마을입구,126.8501021,37.50734089
그랜드아파트.홍진연립,126.8479514,37.50808327
그랜드아파트.홍진연립,126.8479005,37.50790667
오류중학교,126.8469113,37.50797495
연지마을,126.8422699,37.48276303
신도림역,126.8900418,37.51045343
경남아너스빌아파트,126.8394522,37.49084575
서울남부교정시설,126.8397338,37.47688081
오류남초등학교후문,126.8371912,37.48931564
서울남부교정시설입구,126.8416444,37.47679544
천왕이펜하우스6단지후문,126.841954,37.4772613
미래여성병원,126.8402025,37.49128524
동부그린아파트,126.8322991,37.49004763
오류동푸르지오아파트.송기산내과의원,126.8415591,37.49129846
1호선구일역,126.8722336,37.49547596
SK허브수.한신아파트,126.8733862,37.49548273
그린빌라정문,126.8234379,37.4858461
경서농협앞,126.8639481,37.50267444
고척고교.한일유앤아이.삼익아파트,126.8526426,37.5080363
구388버스정류장,126.8468826,37.50031178
구로디지털단지역,126.9014954,37.48448438
천왕역3번출구,126.8386191,37.48719299
대림역4번출구,126.8941899,37.49440806
동아1차APT105동,126.8820034,37.51008302
오류동역.시장입구,126.8438114,37.49346696
개봉한진아파트.기점,126.8520773,37.48604673
개봉역,126.8586856,37.4951118
개봉역,126.8581281,37.49503364
구.사조참치,126.9000464,37.48317476
신도림중학교,126.8844436,37.51069733
개봉사거리,126.8559171,37.49744142
우리은행앞,126.84346,37.49226585
123전자타운.2001아울렛,126.8623394,37.49709674
개봉3동주민센터,126.8540164,37.48616087
국민은행.구로구민회관.구로아트밸리,126.8896836,37.49582064
1호선구일역,126.8722281,37.49530538
용두연립,126.8520611,37.49879912
남부종합상가,126.8424809,37.49166543
고척공구상가,126.8606651,37.49850584
개봉전화국,126.8560066,37.48635774
세븐일레븐편의점,126.8557099,37.49165158
대림6차태영프라자,126.883187,37.50625186
고척초등학교,126.8580365,37.49964103
개봉1동주민센터,126.8510152,37.50038644
보람아파트,126.8968737,37.48628535
개봉역.림괄아파트,126.858684,37.49388204
덕의초등학교.고척동성당,126.8576518,37.5056425
이마트,126.8540092,37.49157109
구로고대병원정문,126.8834654,37.49235083
대림5차아파트.신도림주민센터,126.8813606,37.50744851
세곡초등학교,126.8493638,37.5027164
새마을금고사거리,126.859043,37.50169929
삼환로노즈빌아파트,126.8567826,37.49888493
낙원할인마트,126.8495366,37.49997839
오류고등학교.수궁동복지회관,126.8286519,37.49876118
경북슈퍼마켓,126.8568382,37.48817832
오류동삼거리,126.8404273,37.49567606
대림5차아파트702동,126.8796862,37.50765857
서울가든아파트,126.8603584,37.50107368
성화단지앞,126.8557461,37.5004599
현대별장맨션타운4차.덕성교회,126.8265496,37.49815347
구로2동지하차도입구,126.8811731,37.49016427
대림3차아파트,126.8784998,37.50688061
고척1동주민센터.한효아파트,126.8620827,37.50077474
대우아파트,126.856127,37.50235628
개봉1치안센터,126.8469793,37.50337745
우신중.고후문,126.8255107,37.49600732
항동중학교,126.8220255,37.48323675
항동중학교,126.8215348,37.48275848
한일유엔아이APT.현대로얄APT,126.8765438,37.48599013
신도림미성아파트,126.8764811,37.50600355
금강수목원아파트정문.동도아트빌,126.832499,37.48929645
청구아파트후문,126.8635071,37.50114585
경남아파트앞,126.8564113,37.50391553
삼원목욕탕,126.8462945,37.50472371
온수초교후문,126.8247852,37.49434461
월드아파트,126.8768479,37.50538803
서해그랑블아파트.금강수목원아파트후문,126.8309461,37.48832027
고척시장,126.862377,37.50310353
양우아파트,126.8559186,37.5048737
경북슈퍼마켓,126.8569163,37.48810905
오류중학교,126.8454007,37.50649681
온수역,126.8250915,37.49295466
센추리아파트,126.8612662,37.50496571
고척2동주민센터.고척지구대,126.8585086,37.5066045
철산교앞,126.859418,37.48809308
우신중.고후문,126.8255144,37.49587216
오류동교회,126.8396348,37.49673019
리가아파트,126.8608037,37.50605948
덕의공원,126.855762,37.50687898
현대IPARK후문,126.8600859,37.48891659
건강약국,126.844646,37.5027959
현대별장맨션타운4차.덕성교회,126.8266538,37.49810496
항아리,126.8864312,37.49867586
한일유엔아이APT,126.8759504,37.48561824
럭비구장,126.826998,37.49127886
세양청마루아파트,126.8623952,37.50672328
진성아파트,126.8550888,37.5070726
현대IPARK정문,126.8609086,37.49104416
개봉전화국,126.8560121,37.48644334
개봉중학교,126.8429598,37.50229993
오류중학교,126.8452627,37.50649843
오류고등학교.수궁동복지회관,126.8284021,37.4986707
온수역,126.8238225,37.49203726
경남1차.중앙하이츠아파트,126.863013,37.50536335
구민체육센터후문,126.8539612,37.50752685
현대2차APT,126.860544,37.49188086
개봉3동주민센터,126.8540082,37.4862735
건강약국,126.8447062,37.50266532
삼원목욕탕,126.8461848,37.50471005
거성아파트,126.8507702,37.48986067
GS25.한신아파트,126.8740427,37.49573382
구로고.구로도서관,126.8908028,37.49856988
천왕역1번출구,126.8391747,37.48576614
오류동역2번출구,126.8437913,37.49362911
미래빌라,126.8419896,37.49270769
우림필유아파트,126.847189,37.49424505
동부에이스,126.849717,37.49490271
개봉푸르지오후문,126.8491645,37.50017011
개봉푸르지오정문,126.8487501,37.50104575
개봉1동사거리,126.845545,37.50141611
신도림역.아이파크아파트,126.8884581,37.51060737
동아2차아파트상가,126.8867871,37.5086078
동진빌라.오정초등학교,126.8253388,37.49066893
마젤란아파트.예인학원앞,126.8632963,37.50440863
개봉한진아파트.기점,126.8520748,37.48614945
정도주택,126.8516947,37.49410557
신세기아파트,126.8534478,37.49390954
브라운스톤,126.8531456,37.49089304
개웅어린이공원,126.8532407,37.48995611
거성슈퍼,126.8526923,37.48995768
대림그린빌라,126.851855,37.48996213
에덴맨션,126.8514712,37.49271774
구로보건소.금호새솔아파트,126.8905655,37.5003559
구로공구상가,126.8774141,37.50471684
한화비즈메트로,126.8935677,37.48064686
한국산업기술시험원.디지털탑프라자,126.8973623,37.48161251
구로디지털단지우체국,126.8981516,37.48298698
JNK디지털타워,126.8974692,37.48209193
에이스하이엔드타워2차.G밸리산업박물관,126.8957891,37.48081102
대륭포스트타워8차,126.894584,37.480603
에이스하이엔드타워1차,126.8929112,37.48122292
천왕이펜하우스6단지후문,126.8427844,37.47790676
천왕이펜하우스6단지후문,126.8426741,37.47820668
연지타운2단지,126.8448667,37.48193475
연지타운2단지,126.8452305,37.48210554
남부교도소,126.8407003,37.47643247
남부교도소,126.8409403,37.4762796
지타워.G밸리산업박물관,126.8949415,37.48055799
작은굴다리,126.8455401,37.5029617
개봉1치안센터,126.8466956,37.50328877
하이츠.영화.우방.한국현대,126.874854,37.49685249
영림중학교,126.891508,37.49767403
유한공고.성공회대앞,126.8246024,37.48847996
우성꿈동산.산업인아파트,126.8636136,37.50353479
거성푸르뫼아파트입구,126.8463908,37.50132217
삼성그린빌라,126.8516795,37.49048506
SK허브수.구로우성APT,126.8738019,37.495684
구로구민회관,126.8905573,37.49629912
KEB하나은행,126.8957737,37.48449299
동삼빌라,126.8239106,37.48726514
천왕이펜하우스2단지,126.8379747,37.48565247
구로우체국.이펜하우스3단지후문,126.8421453,37.48189581
금강수목원아파트,126.8343983,37.48929374
덕성빌라,126.8516375,37.49111488
현대상선.구일중학교,126.8745919,37.4953253
구로구청,126.88918,37.49468728
오류동교회,126.8397315,37.49697722
한일한의원,126.8644523,37.50193991
항동하버라인10단지,126.825692,37.47976251
큰굴다리,126.847276,37.49930666
항동제일풍경채,126.816872,37.47589344
선경아트빌라,126.851532,37.49200152
구로중학교,126.890181,37.4932861
항동생활체육관,126.8227065,37.47739966
디지털단지오거리,126.8908072,37.47999562
디지털1단지,126.8948984,37.4837488
코오롱싸이언스밸리.베스트웨스턴구로호텔,126.8991865,37.48351825
베스트웨스턴구로호텔코오롱싸이언스밸리,126.8992002,37.48330302
유풍약국,126.8653108,37.50127317
구민체육관후문,126.8537205,37.5074094
개봉교입구,126.8561472,37.48595984
알뜰슈퍼,126.8486712,37.49955265
크로바마트,126.8514133,37.49354758
동구로새마을금고,126.8921564,37.49110854
동양미래대학교.구로성심병원,126.8664493,37.50029407
진성아파트,126.8549532,37.50691982
대원카센터,126.8546041,37.48512353
낙원할인마트,126.8496003,37.49983678
개봉사거리,126.8558272,37.49712051
구로주공APT,126.8759202,37.49155739
구로시장.남구로시장,126.8909462,37.48929152
푸른수목원후문,126.8225268,37.4842023
청구아파트.동아한신아파트,126.8644775,37.50050808
덕의공원,126.8559436,37.50657321
한진APT후문,126.8539078,37.48381246
개봉1동주민센터,126.8510595,37.50031802
롯데시티호텔구로,126.8979937,37.48509049
롯데시티호텔구로,126.8970039,37.48540047
구일우성아파트,126.8758108,37.48990122
구로3동주민센터.삼성래미안아파트,126.8905109,37.48741064
신도림역,126.8877203,37.50854787
고척1동주민센터.한효아파트,126.8624422,37.50083373
금강수목원아파트,126.8344573,37.48945826
항동하버라인4단지,126.8254007,37.48190379
고척2동주민센터.고척지구대,126.858576,37.50640248
별장쉐르빌앞,126.8334133,37.48729663
덕일전자공업고등학교,126.8375264,37.4898477
개명초교,126.8526749,37.48228086
항동하버라인4단지.푸른수목원,126.8259557,37.48271777
항동하버라인3단지아파트,126.8252503,37.47973214
우성아파트,126.8856063,37.51158448
신도림역,126.8897751,37.51055775
도림천역2번출구,126.8831161,37.51457321
구로3파출소,126.8916518,37.48614912
동삼빌라,126.8239763,37.48719856
천왕이펜하우스3단지입구,126.838209,37.482418
신도림동아3차아파트,126.8836885,37.51021083
구로보건소,126.8889644,37.50035972
서울가든아파트,126.8604736,37.50116123
구로역(NC백화점),126.8831339,37.4996999
구로역(NC백화점),126.8829913,37.50048011
구로구청,126.8903215,37.4957879
구로구청,126.8885413,37.49587003
오류동입구,126.8469521,37.50047864
개봉역입구,126.8558389,37.49122523
개봉역입구,126.856151,37.49103306
개봉교,126.856136,37.48764669
개봉교,126.8565859,37.48658033
대림역,126.8944156,37.49335324
고척사거리.고척파크프리지오,126.8596543,37.50682458
대상APT,126.8499684,37.48205685
구로시장.남구로시장입구,126.8815338,37.49017455
에이스테크노타워,126.8941495,37.48502178
구로공구상가,126.8795721,37.5033557
보성운수기종점,126.8928277,37.49015859
새마을금고사거리,126.8586283,37.50150325
양우아파트,126.8557649,37.50481765
영화APT,126.848571,37.48241443
천왕역,126.8386352,37.48629922
대우자동차정비소,126.8821344,37.49154212
고척초등학교,126.85815,37.499467
경남아파트,126.8563547,37.50387372
남부주유소,126.8472689,37.48234404
신도림역2번출구,126.8918838,37.50763724
구로고대병원후문,126.8856372,37.49347753
구로3동현대아파트,126.8978497,37.48698924
공구상가,126.8601179,37.498625
대우아파트,126.8559981,37.50235252
123전자타운.2001아울렛,126.8618086,37.49729256
성화단지앞,126.8556554,37.50057963
구로디지털단지입구,126.9006494,37.48292657
삼환로즈빌아파트,126.8566416,37.4987023
문성골,126.8999955,37.48149236
에이스테크노타워,126.8937835,37.48526977
구로3파출소,126.891792,37.48618349
구로3동주민센터.삼성래미안아파트,126.8905622,37.48738713
구로시장.남구로시장,126.891194,37.4891692
구로구청후문,126.88805,37.49603548
동구로새마을금고,126.8922617,37.49140762
구로구청,126.8894341,37.49473188
강서수도사업소.민원센터,126.8908356,37.49609204
영림중학교,126.8916635,37.49761747
구로고.구로도서관,126.8908715,37.49862057
항아리,126.8862918,37.49885324
미성아파트,126.8774688,37.50581985
대림1.2차아파트,126.8782394,37.50634689
대림5차아파트702동,126.8798403,37.5074731
대림5차아파트.신도림주민센터,126.8813246,37.50734214
대림6차태영프라자,126.8830796,37.50622022
신도림역,126.890041,37.510724
현대우성아파트,126.8854408,37.51174628
동아1차아파트102동,126.884131,37.510818
동아1차아파트105동,126.8824063,37.51000237
1호선구일역,126.8722148,37.49521732
금강수목원아파트정문,126.8329902,37.48920579
고척근린시장,126.8510129,37.50098477
구로시장.남구로시장입구,126.883867,37.49076619
구로주공.구일우성APT,126.8759759,37.49137813
구로1동주민센터.연예인APT,126.8761587,37.49295615
천왕이펜하우스5단지입구,126.8421808,37.47944324
구일고교.구일초등학교,126.8747646,37.49319298
구로1동주민센터.연예인APT,126.8759946,37.49307264
구로디지털단지역,126.901828,37.48405757
구일초등학교.구일고등학교,126.874803,37.49326443
개봉역,126.8586581,37.49526586
개봉역,126.8587649,37.49501638
KEB하나은행,126.895851,37.48495713
천왕이펜하우스3단지입구,126.8384191,37.48270709
천왕역2번출구,126.8383396,37.48636417
천왕이펜하우스4단지,126.838628,37.48104411
천왕이펜하우스6단지,126.8406703,37.47937634
천왕이펜하우스5단지,126.8403094,37.47989311
천왕이펜하우스3.4단지,126.8386932,37.48123341
온수남부역,126.8242097,37.49184319
온수남부,126.8243078,37.4919749
궁동사거리,126.8279101,37.50609686
유한공고.성공회대학교,126.824741,37.48954527
문성초등학교,126.8986661,37.47536371
문성초등학교,126.89833,37.474034
금천우체국,126.8980297,37.46897822
금천우체국,126.898003,37.470136
말미고개.금천소방서,126.8975538,37.46360328
말미고개.금천소방서,126.8974984,37.46483311
금천구청.금천경찰서,126.8988722,37.45920883
금천구청.금천경찰서,126.8993022,37.45784056
시흥사거리,126.9015701,37.4522224
시흥사거리,126.9011282,37.45308926
박미삼거리.국립전통예술중고,126.9032727,37.44784322
박미삼거리.국립전통예술중고,126.902663,37.449067
시흥유통센터,126.9036255,37.44019331
시흥유통센터,126.9033731,37.44096347
한일유엔아이아파트,126.8762259,37.48545902
디지털3단지.롯데정보통신,126.8767176,37.48486747
에이스하이엔드타워5차,126.8793253,37.48569684
디지털3단지.영창실업,126.8790777,37.48325486
디지털3단지운동장,126.877893,37.48216273
가산디지털단지역,126.8810424,37.48129265
가산디지털단지역,126.8814808,37.48080391
디지털3단지.월드벤처센터,126.8794436,37.47890111
디지털3단지.(주)로옴코리아,126.8802198,37.47960694
디지털3단지사거리,126.8805771,37.47667143
디지털3단지사거리,126.8804495,37.47584499
디지털3단지사거리,126.8813406,37.4757765
금천패션아울렛사거리.마리오,126.8883366,37.47826337
금천패션아울렛사거리.W몰,126.8878763,37.47766169
금천패션아울렛사거리.현대아울렛,126.8884894,37.47811485
디지털단지오거리,126.8907158,37.47821042
디지털단지오거리,126.8909708,37.47829286
디지털단지오거리,126.893435,37.4785564
가산초등학교,126.8955562,37.47823462
가산동주민센터.금천글로벌센터,126.8920987,37.47661223
가산동주민센터.금천글로벌센터,126.8927188,37.47624424
구립가산도서관.두산위브아파트,126.8938872,37.47462165
구립가산도서관.두산위브아파트,126.8945662,37.47409967
독산사거리,126.8959625,37.47201507
독산사거리,126.8965997,37.47178362
독산주공13단지,126.8876203,37.45684407
독산1동한신코아,126.8882117,37.45671307
독산주공14단지,126.8868621,37.46113533
독산주공14단지,126.887089,37.46137163
독산근린공원,126.8844154,37.46417907
독산근린공원,126.8844061,37.46455446
독산동우시장.금천50플러스센터,126.8950253,37.46659366
독산동우시장.금천50플러스센터,126.8954898,37.46641713
시흥사거리.시흥대교,126.8995918,37.45448536
시흥사거리.금천파출소,126.8996881,37.45429668
벽산아파트1단지.호압사입구,126.9207601,37.45275737
벽산아파트1단지.호압사입구,126.9211863,37.45307731
벽산아파트5단지,126.9189468,37.44676644
벽산아파트5단지,126.9186873,37.44634729
시흥동은행나무.은행나무시장,126.9090455,37.45103052
시흥동은행나무.은행나무시장,126.909058,37.450843
은행나무입구사거리,126.9072079,37.45178422
은행나무입구사거리,126.906735,37.451855
독산한신아파트,126.8899494,37.45692201
금하마을,126.8915088,37.45412149
독산고개,126.8984645,37.47551542
독산고개,126.8989325,37.47644161
독산사거리.한국전력구로금천지사,126.8981018,37.4720755
남문시장.청춘삘딩,126.8986309,37.47296493
금천우체국.독산1동주민센터,126.897785,37.47019212
디지털단지오거리.가산파출소,126.8883314,37.47982436
홈플러스금천점,126.897671,37.468914
시흥사거리,126.900957,37.452863
문일고입구,126.9017298,37.45110528
문일고입구,126.9023184,37.45080258
남서울힐스테이트.국립전통예술고,126.9033769,37.4468088
금천폭포공원.천주교시흥성당,126.903517,37.44771275
박미마을,126.9032059,37.44135302
박미마을.금천고등학교,126.9039411,37.44300923
기아대교,126.9029829,37.43948788
시흥3동주민센터앞,126.9036272,37.44016703
석수역,126.9033112,37.43552416
백산초등학교,126.903978,37.44876292
백산초등학교,126.9043011,37.44872646
은행나무입구사거리,126.9057879,37.45111177
은행나무입구사거리,126.9059901,37.45142635
경남아파트,126.9062606,37.45361543
시흥초등학교.금천구보훈회관,126.9058231,37.45456755
시흥초등학교.금천구보훈회관,126.9059442,37.45535252
동산교회앞,126.9052839,37.45734705
동산교회앞,126.9056143,37.45702652
현대시장.시흥4동주민센터,126.9048243,37.45960215
현대시장.시흥4동주민센터,126.9051696,37.45924018
남부여성발전센터,126.9041056,37.46245548
남부여성발전센터,126.9043527,37.46245738
독산동정훈단지,126.902132,37.46552631
독산동정훈단지,126.903006,37.46445224
독산초등학교,126.8994092,37.46659398
독산초등학교,126.9000327,37.46631415
독산4동주민센터,126.9020379,37.46757975
독산동성당앞,126.9022258,37.46891568
독산동성당앞,126.9027437,37.46970728
독산동쌈지공원,126.9029464,37.47126546
독산동쌈지공원,126.9031983,37.47140854
독산3동주민센터,126.9033549,37.47532708
독산3동주민센터,126.9036415,37.47582293
모두의학교.금천문화예술정보학교,126.9036964,37.47883897
모두의학교.금천문화예술정보학교,126.9039352,37.47865894
모두의학교.금천문화예술정보학교,126.9055934,37.47994976
관악구보훈회관.신림푸르지오,126.909139,37.48063959
독산고등학교,126.9114635,37.47732564
독산고등학교,126.9115033,37.4771297
독산3치안센터.꿈꾸는나무,126.9071878,37.47676599
독산3치안센터.꿈꾸는나무,126.907331,37.47653685
금천우체국.독산1동주민센터,126.897265,37.46975761
진도아파트,126.8924286,37.47041562
제일모직아울렛,126.8860924,37.4745288
벽산디지털밸리,126.8852129,37.47672191
마리오아울렛,126.8843812,37.47854591
국민연금공단구로금천지사앞,126.8840197,37.48069194
가산디지털단지역,126.8829647,37.4811414
마리오아울렛,126.8840085,37.47882008
벽산디지털밸리,126.8851459,37.47622629
제일모직아울렛,126.8859059,37.47450609
진도아파트,126.892317,37.47019926
현대지식산업센터,126.8955443,37.46990409
가산디지털단지역입구,126.8867151,37.48143788
가산동기점,126.875255,37.48522703
가산동종점,126.8751624,37.48521498
가산디지털단지역1번출구,126.8834302,37.48175455
범일운수종점,126.9117325,37.45041263
삼익아파트앞,126.909455,37.462545
삼익아파트,126.909395,37.462425
디지털3단지.영창실업,126.8789631,37.48332716
디지털3단지.가산비즈니스센터,126.8797336,37.47961095
디지털3단지운동장,126.8780189,37.4825262
남문시장입구,126.9008469,37.47124119
가산디지털단지역,126.8831137,37.48141018
스타밸리앞,126.8848613,37.48115903
독산동남문시장,126.9031981,37.4737444
독산동남문시장,126.903414,37.4733474
금빛공원앞,126.9042968,37.45310743
금빛공원앞,126.904456,37.45327967
경동택배,126.9040103,37.45027868
삼화약국,126.9040552,37.45017225
대우당약국,126.9065092,37.4507504
화인전자산업,126.906159,37.45086967
은행나무로입구,126.9079435,37.45099182
시흥대교,126.8972683,37.45328039
가산디지털단지역1호선,126.8811521,37.48167569
가산한화비즈메트로2차,126.882162,37.47253424
RSM타워.르노코리아서부사업소,126.883112,37.471015
시흥1동공영주차장.금천노인종합복지관,126.897101,37.451425
독산한신코아.한신아파트,126.88771,37.45657923
가산디지털단지역,126.882956,37.48131709
벽산3단지,126.9175043,37.45338114
성지아파트,126.8986162,37.45118514
롯데캐슬1차서문.해가든아파트,126.8924496,37.46008705
무지개아파트,126.8986617,37.45685676
벽산3단지앞,126.9169114,37.45298202
독산역,126.8892263,37.46700017
문성중학교,126.9058668,37.47562467
홈플러스.문일중고입구,126.9002035,37.45091976
금천현대아파트,126.891609,37.461975
독산주공1319동,126.8876303,37.45846157
아톰주식회사,126.8829837,37.47077305
호남슈퍼,126.9151831,37.45222169
남문교회,126.9059678,37.4737106
문일고입구,126.9016534,37.45112282
탑동초등학교.청담종합사회복지관,126.9144663,37.45205372
태영빌라,126.9063091,37.47181965
무지개아파트,126.8985727,37.45708808
두산초등학교,126.8916464,37.46649025
독산주공14단지,126.8858272,37.45939832
온누리아파트,126.886709,37.47349206
어울샘.동산중앙교회,126.9118509,37.45205088
구민문화체육센터,126.9066831,37.47017903
독산현대아파트.금천50플러스센터,126.8944525,37.4671221
시흥유통상가.금천고,126.9035255,37.44324858
에이스하이엔드타워클래식,126.8893158,37.47357904
새마을금고,126.9104911,37.45135776
해찬아파트,126.9070812,37.46824647
진도3차아파트,126.8939001,37.46840839
박미마을,126.9031686,37.44093161
가산테라타워,126.889936,37.47397043
시흥동은행나무,126.9079384,37.45145409
시흥사거리.대명시장,126.9012542,37.45466295
구립독산도서관,126.9077733,37.46719362
유창슈퍼,126.892472,37.46854496
구립가산도서관.두산위브아파트,126.8924061,37.47352352
은행나무입구사거리,126.9054639,37.45262538
시흥초등학교.시흥1동주민센터,126.903583,37.4535493
산기슭공원,126.9067112,37.46397673
독산역,126.8898144,37.46605005
진도2차아파트,126.8917891,37.47013389
시흥초등학교.금빛공원,126.90424,37.45336781
삼익APT.금강APT,126.906826,37.46277298
두산로입구,126.8872684,37.47185601
빅마켓.청광아파트,126.8937185,37.47051862
대륭테크노2차,126.884672,37.468994
두산위브아파트정문,126.8938819,37.47488012
남부여성발전센터,126.9052549,37.4627815
길상마트,126.8938893,37.47202091
대륭테크노타운,126.8837224,37.46949005
가산동주민센터.금천글로벌센터,126.8936891,37.47607571
대륭테크노타운19차,126.8816669,37.47426991
에이스태세라타워,126.8824731,37.47245526
고원약국,126.8947463,37.47669925
꿈나래어린이집,126.8972131,37.45482801
우방아파트.범일운수종점,126.9132502,37.44998352
가산초교,126.8965101,37.4770825
STXV타워,126.8832544,37.47677684
독산고개입구,126.8977,37.47590603
벽산아파트5단지,126.9210181,37.45005846
빅마켓,126.8954116,37.47002992
한신IT타워,126.8862425,37.47993001
가산동주민센터,126.8909586,37.47690755
SG세계물산,126.8894662,37.47630403
가산로데오거리,126.8878115,37.47839369
호압사입구,126.9205758,37.45172277
이앤씨드림타워7차,126.8866639,37.47980025
LG전자.W몰,126.8886452,37.4769118
가산디지털단지역1호선앞,126.8814207,37.48091469
금천육교앞,126.8915244,37.45541586
벽산1단지입구,126.9198493,37.450143
시흥모터스,126.8894417,37.47057655
문성초등학교,126.8981181,37.4739744
섭리의집,126.908762,37.44634212
섭리의집,126.908789,37.44622806
가산디지털단지역,126.8833101,37.48020471
KCC웰츠밸리,126.8798436,37.48355333
독산고개입구,126.8984628,37.47716188
벽산6단지입구,126.9181166,37.44995987
독산역,126.8876525,37.46631024
독산역,126.8878906,37.46650252
남부여성발전센터앞,126.9053177,37.46263441
남부여성발전센터앞,126.9051583,37.46280279
산업단지백양사,126.8829205,37.47700899
에이스하이엔드10차,126.8869686,37.46849567
대륭테크노타운17차,126.8866427,37.46851437
금천패션아울렛사거리.마리오,126.8874418,37.47781653
범일운수종점,126.9116027,37.45027738
한울중학교,126.907201,37.462674
한울중학교,126.907302,37.462522
STXV타워,126.8831443,37.47704706
가산초교,126.896486,37.47716551
동일여고.금천사이언스큐브,126.916774,37.450027
두산로입구,126.887063,37.47191004
석수역,126.9027764,37.4348586
가산디지털단지역,126.884209,37.48078222
가산디지털단지역,126.8829677,37.48121185
패션단지,126.8885942,37.47849049
패션단지,126.888745,37.47823922
벽산디지털밸리2차,126.8773485,37.48394996
고원약국,126.89467,37.47686941
안천중학교,126.8873429,37.45865644
제일교회,126.9134027,37.45017225
서울디자인직업전문학교.청년취업사관학교,126.8958617,37.4723732
대륭테크노타운8차,126.8768958,37.48487852
가산동주민센터.금천글로벌센터,126.8935289,37.47614629
범일운수종점,126.9110853,37.45059235
벽산디지털밸리6차,126.879153,37.48564035
두산위브아파트정문,126.8936139,37.47488708
독산한신아파트,126.8892871,37.45719077
길상마트,126.893783,37.47206677
가산디지털단지역1호선,126.8812832,37.48096853
한국건설생활환경시험연구원,126.8800924,37.48331446
빅마켓.청광아파트,126.8936133,37.47050951
롯데캐슬2차,126.8934387,37.45802688
문일고입구,126.9022459,37.45093588
구립가산도서관.두산위브아파트,126.8923053,37.47364057
롯데캐슬2차,126.8934675,37.45766425
진도2차아파트,126.8917003,37.47024752
한진택배,126.8810805,37.47508699
가산테라타워,126.8902582,37.47412979
금천구종합청사.금천구청역,126.8953639,37.45604028
유창슈퍼,126.8927663,37.46849457
마이크로오피스사거리앞,126.8826579,37.47211392
성지아트빌,126.889197,37.47360596
시흥모터스,126.8891735,37.47041637
홈플러스.문일중고입구,126.8996929,37.45092973
진도3차아파트,126.8937009,37.46859474
대륭테크노타운,126.8835908,37.46932078
온누리아파트,126.8874164,37.4736651
성지아파트,126.8987382,37.45126274
독산현대아파트.금천50플러스센터,126.894378,37.46703733
대륭테크노2차.12차,126.8847975,37.46882969
시흥1동공영주차장.금천노인종합복지관,126.896631,37.451388
두산초등학교,126.8916077,37.46663743
교학사,126.8862112,37.46924106
홈플러스금천점,126.897548,37.46949113
독산역,126.8896698,37.46600036
서울디자인직업전문학교.청년취업사관학교,126.8955994,37.47237927
가산디지털단지역,126.8831128,37.48128853
새마을금고,126.9105225,37.45121007
금천구종합청사.금천구청역,126.8945114,37.45617177
어울샘.동산중앙교회,126.9117006,37.45183018
삼익APT.금강APT,126.9070674,37.4628624
탑동초등학교.청담종합사회복지관,126.9140494,37.451875
산기슭공원B,126.906804,37.46393175
안천초등학교,126.8881257,37.4575384
호남슈퍼,126.9157184,37.45221142
구립독산도서관,126.907918,37.46721446
벽산3단지앞,126.9170696,37.45302268
해찬아파트,126.9072452,37.46824119
구민문화체육센터,126.9068155,37.4701485
한일유엔아이,126.8760099,37.48552897
태영빌라,126.9064958,37.47172699
남문교회,126.9060943,37.47363431
문성중학교,126.9060093,37.4756347
난곡중학교,126.9110144,37.47708203
산기슭공원,126.9067178,37.46384963
하안주공1317동,126.8882725,37.45760703
금천현대아파트,126.8915232,37.46167676
롯데캐슬1차서문.해가든아파트,126.8922978,37.45992534
금빛공원,126.9051352,37.45272538
시흥사거리.대명시장,126.9018204,37.45476434
시흥동은행나무,126.9092629,37.45068376
시흥2동주민센터.동일여고,126.9140087,37.44992497
두산어린이공원,126.8941392,37.47362781
금천구종합청사.금천구청역,126.8954899,37.45637456
두산어린이공원,126.894257,37.473619
롯데캐슬3차,126.8962926,37.45997185
롯데캐슬1차정문.해가든아파트,126.8942482,37.46080402
롯데캐슬1차동문,126.8964634,37.4591671
롯데캐슬1차정문.해가든아파트,126.8940924,37.46100249
백운한비치.금광포란재아파트,126.9117159,37.45126552
시흥5동주민센터,126.9087037,37.45135285
삼성산자연공원.삼성체육공원,126.9094953,37.45482454
시흥아파트앞,126.9081188,37.45643105
신흥초등학교,126.9082693,37.45935713
한빛무궁화아파트,126.9079251,37.46047057
금천폭포공원,126.9037053,37.44721189
영일빌라,126.9064018,37.44735012
시흥계곡앞,126.9103494,37.44664491
시흥5동성당,126.9115228,37.44832817
한울중학교앞,126.9077737,37.4623255
한빛무궁화아파트,126.9079227,37.46061369
신흥초등학교,126.9081362,37.45932091
시흥아파트앞,126.9078869,37.4566174
삼성체육공원.삼성산자연공원,126.9092909,37.4546757
시흥5동주민센터,126.9085768,37.4516321
금광포란재.백운한비치아파트,126.9113929,37.45113233
관악우방아파트,126.9122579,37.44990836
시흥5동성당,126.9116502,37.44862022
시흥계곡앞,126.9103557,37.44693981
영일빌라,126.9060637,37.44750575
금천문화원.국립전통예술중고,126.9045527,37.44641556
금천고등학교,126.9047098,37.44472204
시흥3동공영주차장앞,126.9044714,37.44287907
기아대교앞,126.9027905,37.43795943
석수역,126.9028582,37.43497355
석수역,126.9033006,37.43500421
시흥사거리,126.9016076,37.45267344
안양천로입구,126.8931359,37.45248151
남문시장입구.청춘삘딩,126.9000106,37.47122568
LG전자,126.8858636,37.47106285
LG전자,126.8859089,37.47025181
구로세관,126.885225,37.47242282
구로세관,126.88494,37.47248742
7호선가산디지털단지역,126.8820731,37.47950241
문래동남성아파트,126.893705,37.511828
문래동남성아파트,126.892312,37.511202
남부지방법원등기국.구로세무서(에이스하이테크시티),126.9011874,37.51448389
남부지방법원등기국.구로세무서(에이스하이테크시티),126.8997458,37.51404034
영등포역,126.9050921,37.51586575
영등포역,126.9070304,37.51658793
여의도환승센터,126.9242437,37.52552256
여의도환승센터,126.9242066,37.52605812
서울영림초등학교,126.904837,37.48714573
강남성심병원.대림성모병원,126.9080014,37.49098228
경남아너스빌아파트,126.9115746,37.49558675
보라매공원,126.916382,37.4970613
보라매역.동작세무서,126.9202814,37.49897187
서울지방병무청,126.9219622,37.50439333
대방역,126.9248246,37.51265738
여의도환승센터,126.9243413,37.5261697
여의도환승센터,126.9240997,37.52531749
당산역광역환승센터,126.9030904,37.53645865
당산역광역환승센터,126.9031762,37.5365735
대성병원,126.9099271,37.51228562
영등포공원.영등포문화원,126.9114185,37.5138042
영등포공원.영등포문화원,126.9119431,37.51495079
영등포시장역3번출구,126.905199,37.52185521
영등포시장,126.9066539,37.51973455
영등포로터리,126.9097732,37.5191224
영등포로터리,126.9092906,37.51891444
영등포시장,126.9064499,37.51944576
경방타임스퀘어.신세계백화점,126.9057837,37.51838374
경방타임스퀘어.신세계백화점,126.9062396,37.51750823
영등포역.패어필드호텔,126.9075991,37.51692641
영등포역,126.9090468,37.51706269
경방타임스퀘어.신세계백화점,126.9053991,37.5183573
김안과병원,126.9030257,37.52007107
김안과병원,126.9028341,37.52041603
영등포시장역4번출구,126.904785,37.521318
신화병원,126.9051549,37.52453053
신화병원,126.9055402,37.52489489
영동초교,126.9068195,37.52515902
영동초교.영등포평생학습관,126.9073622,37.52549701
삼환아파트,126.905597,37.529082
당산푸르지오아파트,126.905958,37.529032
하이서울유스호스텔,126.9036578,37.52563767
국회의사당,126.9180242,37.5298981
KBS,126.9181132,37.52465351
국회의사당,126.9178873,37.52941064
국회의사당역.KB국민은행,126.918191,37.52851886
국회의사당역5번출구,126.9175806,37.52799361
양평동한솔아파트,126.89024,37.544408
여의도순복음교회,126.9247531,37.53091088
여의도순복음교회,126.9229308,37.53169132
여의도공원,126.927892,37.52952968
여의나루역1번출구,126.9314781,37.5274578
여의나루역2번출구,126.9320238,37.52738751
여의도중학교,126.9356353,37.52440959
여의도중학교,126.9359647,37.52445956
63빌딩.가톨릭대학교여의도성모병원,126.9376069,37.51940395
63빌딩.가톨릭대학교여의도성모병원,126.9377093,37.51916181
시범아파트,126.9351905,37.52104285
시범아파트.대교아파트,126.9344292,37.52103491
여의동주민센터,126.9342191,37.5187057
여의동주민센터,126.9339733,37.5185186
진주아파트,126.9323106,37.51924625
KBS별관,126.9315859,37.51919525
샛강역3번출구,126.9303002,37.51810879
여의도공원,126.920262,37.523605
샛강역1번출구.여의도자이,126.9272111,37.518817
샛강역4번출구.여의도자이,126.9267431,37.51867691
여의도역6번출구,126.9249201,37.52061442
여의도역5번출구,126.9248157,37.52129043
한국거래소,126.9270684,37.52335293
한국거래소,126.9270706,37.52366933
삼부아파트,126.9301172,37.52512645
여의도공작아파트,126.9309977,37.52599202
한국경제인협회,126.9188837,37.52189063
당산동진로아파트,126.8968775,37.5213256
당산동진로아파트,126.8969911,37.5210022
필립메디컬센터,126.8952459,37.5206988
양남사거리,126.8917786,37.52212031
영등포교보생명,126.8920699,37.52172139
현대아파트,126.8961601,37.52305598
영등포구청,126.8969364,37.52622132
영등포구청,126.8963809,37.52541345
영등포구민회관.영등포경찰서,126.8997281,37.52674095
당산동삼익아파트,126.8959624,37.52818415
당산역,126.9005255,37.53472897
당산119안전센터.당산역,126.8994546,37.53492539
당산역삼성래미안아파트,126.903388,37.533022
당산역삼성래미안아파트,126.9035824,37.53318971
당산역2번출구,126.9024102,37.53486299
당산역,126.9008639,37.5328063
당산역,126.9013031,37.53282626
페어몬트앰배서더,126.9292813,37.52497608
당산삼성아파트,126.8981321,37.52882988
당산유원제일1차아파트,126.8976085,37.52871704
서울영등포우체국,126.8960123,37.52848316
도림동자치회관,126.9074866,37.5095426
도림새마을금고,126.9003201,37.50842853
도림새마을금고,126.9000627,37.50825878
신길가마산로교차로,126.9111163,37.50651496
문래역3번출구,126.8942228,37.51923302
문래역3번출구,126.8944125,37.51906425
문래동대림아파트,126.8896944,37.51690823
국화아파트,126.8923756,37.51565437
현대6차아파트,126.884328,37.518198
문래롯데캐슬,126.8845694,37.51841083
문래중학교,126.8847215,37.51976357
문래중학교,126.8849459,37.51995191
문래동국화아파트,126.8913941,37.51577982
대림아파트,126.8892689,37.51685884
양평1동주민센터,126.8882761,37.52269641
양평신동아아파트,126.8873567,37.52248022
관악고등학교,126.8840592,37.52299426
관악고등학교,126.8848486,37.52316173
당중초등학교,126.890987,37.526998
당중초등학교,126.8912932,37.52690465
남부고용노동지청,126.8902117,37.52381997
남부고용노동지청,126.8905443,37.52368798
선유도역1번출구.한신아파트,126.8932341,37.53835761
선유도역8번출구.한신아파트,126.8932769,37.53803607
선유도역.롯데제과,126.8948754,37.53719667
선유도역.롯데제과,126.8955567,37.53714501
양평한신아파트.선유도공원입구,126.8944278,37.54164859
영등포아리수정수센터,126.8841131,37.54752411
양평한신아파트.선유도공원입구,126.894663,37.54203099
안양천입구,126.8834637,37.54746926
양평동한솔아파트,126.8903472,37.54391653
신풍역3번출구,126.9080214,37.49998322
당산초등학교앞,126.8945006,37.53882104
영등포세무서.선유고등학교,126.8962878,37.53423862
영등포세무서.선유고등학교,126.8967008,37.53440878
선유중학교,126.8945217,37.53205199
선유중학교,126.894106,37.530961
신길역1번출구,126.916956,37.516815
신길1동새마을금고,126.9200351,37.51364094
신길1동새마을금고,126.9195132,37.51408303
대신시장,126.916462,37.51186652
대윤병원,126.9181497,37.51452626
대신시장,126.9162974,37.51206748
영등포농협.신길2동새마을금고,126.9131764,37.51137596
우신초등학교,126.9106003,37.5093089
포레나신길아파트,126.910149,37.50341332
성락교회,126.9025871,37.50458539
성락교회,126.9028725,37.50474953
도림동자치회관,126.9076717,37.50929403
우신초등학교,126.9108372,37.50957896
신길힐스테이트클래시안아파트,126.9108113,37.50498918
신길동홍어거리,126.911472,37.51082057
신풍역.백악관웨딩문화원앞,126.9097782,37.50143082
신길5동주민센터,126.9053856,37.50095936
신길5동주민센터,126.9049278,37.50105488
신풍역,126.9068971,37.50001207
영등포농협도림로지점.우리시장,126.9045628,37.49817827
영등포농협도림로지점,126.9045757,37.49867389
태양의집.KT대방지사,126.9088077,37.4950915
신길주유소,126.9083965,37.49840117
신풍역.백악관웨딩문화원앞,126.910085,37.50132384
레미안에스티움북문,126.916458,37.501245
신길3동주민센터,126.90639,37.507364
대방역,126.9237906,37.51276936
대방역,126.9242224,37.51300482
공군호텔,126.9240537,37.50987069
서울지방병무청,126.9221593,37.50517472
대방초등학교,126.9210085,37.50238414
태양의집,126.908241,37.49614974
대림동우체국,126.9054526,37.48943828
흰돌교회,126.9029549,37.49131612
대동초등학교,126.9006323,37.49418115
대림역12번출구,126.8966231,37.49252167
대동초등학교.명지성모병원,126.8992448,37.49429985
대동초등학교,126.9006612,37.49366143
흰돌교회,126.9032573,37.49054306
대림동우체국,126.9047297,37.48962784
대림동우성아파트,126.9020385,37.4959961
대림역9번출구,126.8965781,37.49288072
대동초등학교.명지성모병원,126.8986961,37.49417159
대림동우성아파트,126.9023481,37.4965119
YDP미래평생학습관,126.8955056,37.50378645
대림동현대3차아파트,126.8964336,37.50449265
신영초등학교,126.8971376,37.50162686
YDP미래평생학습관,126.8961721,37.50301282
선유도공원,126.902595,37.542245
선유도공원,126.902915,37.542025
신길역5호선,126.9148309,37.51855816
국회의사당,126.9191537,37.53064228
산업은행본점,126.9208526,37.52796717
더현대서울,126.9281836,37.52500458
유진투자증권,126.9269899,37.52553105
파크원타워.LG트윈타워,126.9272062,37.52709217
신길파크자이아파트,126.9132459,37.50505997
여의도한양아파트,126.9320647,37.52092035
하나은행여의도지점,126.9311456,37.52132812
여의도수정아파트,126.9304856,37.522463
신풍역6번출구,126.9104305,37.50031683
여의도역3번출구,126.923253,37.523355
영진시장.신길새마을금고,126.9154975,37.500155
문래우체국.문래예술공단,126.8951938,37.51425859
문래우체국.문래예술공단,126.8947765,37.5141627
대림3동주민센터,126.8988103,37.4978472
대방역,126.923495,37.512907
신길가마산로교차로,126.9109089,37.50636919
대길초등학교,126.9122243,37.4989132
미보빌딩,126.9167141,37.49841755
신길역1호선,126.9166369,37.5167591
신길보라매SK뷰아파트,126.919256,37.504066
현대아파트,126.8957767,37.52298716
여의도순복음교회,126.9241543,37.53001122
래미안에스티움,126.9127738,37.50016491
문래자이아파트,126.8945856,37.51662494
대방역,126.9265562,37.51374786
대방역,126.9259751,37.51358763
대길초등학교,126.9145709,37.49858919
대방천사거리,126.9196869,37.49872928
대방천사거리,126.9197991,37.49848876
대림코오롱아파트,126.8942967,37.50690736
영등포로터리,126.910372,37.51861348
새길어린이집.신풍역3번출구,126.9074087,37.49934992
새길어린이집.신풍역3번출구,126.9069956,37.4995771
영문초등학교,126.887835,37.520197
영문초등학교,126.8879576,37.52004716
문래역1번출구,126.8942561,37.51663125
양화중학교.홈플러스,126.8952833,37.519369
기계회관,126.9226787,37.52909926
신동아아파트,126.8946317,37.49807251
신영초교,126.8963033,37.49893094
우성5차아파트,126.9032049,37.50760453
우성5차아파트,126.903036,37.50734058
현대3차성원아파트,126.896616,37.50429424
래미안에스티움(신길파크자이),126.9128987,37.50218325
대림3동사거리.명지춘혜병원,126.8976369,37.50047659
현대2차아파트,126.8952039,37.50335109
성원아파트.한국상하수도협회,126.896757,37.5025757
베뢰아국제대학원대학교,126.8989671,37.50107293
성원아파트입구,126.8979949,37.50496619
신길우성1차.건영아파트,126.8995853,37.50605602
건영아파트,126.9008516,37.50635442
신길바다마을아파트.보라매sk뷰,126.916049,37.502859
성애병원,126.9230916,37.51151277
신길보라매sk뷰.바다마을아파트,126.9161719,37.50290417
우성2차아파트,126.9104509,37.49925766
보라매역4번출구,126.9193169,37.49984645
신길새마을금고.영진시장,126.9170659,37.49989094
신길광장공원,126.9039927,37.49993735
대성아파트.건영아파트후문,126.9003307,37.50323086
대성유니드아파트,126.9027079,37.50083681
레미안에스티움북문,126.9166259,37.50142009
건영아파트후문,126.9005629,37.50268933
대림동코오롱아파트,126.8945682,37.50769815
문래동종점,126.8864004,37.51567355
문래동시점,126.8867116,37.51554771
KT&G영등포지사.문래동종점,126.8872632,37.5154221
신길1차우성아파트,126.8998713,37.5058716
보라매역.5번출구,126.918913,37.50004166
영등포동.영등포푸르지오아파트,126.9046724,37.51014178
우신사거리,126.910017,37.51088808
크라운사거리,126.9053801,37.50830191
고추말,126.9062762,37.51194733
코끼리유통,126.9070387,37.50585489
대영고등학교.신길센트럴아이파크,126.904153,37.504783
동양볼링장,126.8884242,37.51676826
보라매공원입구,126.9165754,37.49857062
현대2차아파트후문,126.8940864,37.50301006
크라운사거리,126.9051713,37.50913531
신길3동주민센터,126.9064945,37.5069672
고추말,126.9061093,37.51195846
SG메디피움,126.9047286,37.50508007
도림사거리,126.9012712,37.50705052
기림약국,126.9008725,37.49977289
신길광장공원,126.9045015,37.49996704
코사마트,126.9020269,37.49840177
성락빌딩,126.89948,37.500908
우리은행,126.9032579,37.49746349
두산위브진주아파트,126.8853096,37.51642062
현대3차아파트,126.884898,37.516298
CM충무병원,126.9027079,37.51835277
대방역,126.9241172,37.51302007
타임스퀘어.영등포소방서,126.9045916,37.51801198
당산신동아파밀리에,126.9008142,37.51967798
영등포청과시장,126.9018128,37.52366996
영등포청과시장,126.9017747,37.52248498
서울시립청소년성문화센터,126.9023143,37.52515178
서울시립청소년성문화센터,126.9023885,37.52467985
한강아파트,126.9034084,37.52774784
빅마켓영등포점,126.903873,37.52806631
당산센트럴아이파크아파트,126.9043581,37.53009057
영등포농협당산역지점,126.9049657,37.53081552
신풍시장,126.9101668,37.50574471
신길건영아파트,126.9015875,37.50344046
신길건영아파트,126.9016891,37.50373545
수정교회,126.8986617,37.50114475
대림3동주민센터,126.89831,37.49816725
대영중학교.신길센트럴아이파크,126.9037579,37.50331589
당산역11번출구,126.9013081,37.53332181
대림역,126.8949855,37.49418817
현대2.3차아파트,126.8962827,37.53174087
한국수자원연구소,126.8895618,37.5439176
성애병원,126.9218041,37.51175342
당산우편물취급소,126.8987625,37.52959661
기아자동차서비스센터,126.8913397,37.54154486
놀이터,126.9219968,37.5102388
대림역7호선,126.8973316,37.49296383
효성아파트,126.8998638,37.53099515
한신아파트.선유도공원,126.8923573,37.54061046
돈보스코.홈플러스,126.9132359,37.49665583
오거리,126.9215459,37.50881476
우성2차아파트,126.8998625,37.49536357
당산역.삼성래미안APT,126.9015345,37.53322514
경남아너스빌,126.9108451,37.49465175
골프장,126.9204516,37.50919069
코스트코,126.891661,37.52836662
대림3동주민센터,126.8985174,37.49836066
삼성래미안4차아파트북문,126.9030109,37.53322862
선유도역.롯데홈쇼핑,126.8931341,37.53702457
강남성심병원.대림성모병원,126.9080614,37.49130653
대신시장.기업은행,126.9173778,37.51186326
당중초등학교.노동부남부지청,126.8906255,37.52538663
정현부페,126.8980363,37.49954069
당산중학교.한국소방안전원,126.9065022,37.53188907
영등포동.영등포푸르지오아파트,126.9053948,37.51101964
신대림한솔솔파크아파트.충심교회,126.8990679,37.48846972
영은교회,126.888207,37.52536169
삼성래미안3차아파트,126.9072184,37.53009826
SK엔카,126.8923382,37.53423608
중앙시장,126.9007035,37.48990476
양평역,126.8860807,37.52505719
대림요양병원,126.9001498,37.50233141
한국산업인력공단,126.9077327,37.52870015
거성파스텔아파트,126.8924532,37.53211681
농협.대림2동주민센터,126.9017291,37.49081213
삼성아파트.오목교아래,126.88346,37.52341538
인구보건복지협회.제일빌딩,126.9087701,37.52603821
선유고등학교,126.8945892,37.53313337
대림포교원,126.903088,37.49205588
벽산아파트,126.8824379,37.5232854
성락교회,126.9029769,37.5044937
한강성심병원,126.910544,37.52332997
대림1동새마을금고,126.9042356,37.49308948
신동아아파트.관악고교,126.8852431,37.52166185
도림사거리,126.9017767,37.50631744
근로복지공단.서울남부지사,126.9119175,37.52132966
대림1동주민센터,126.9064554,37.49506377
e편한세상문래에듀플라츠,126.8858599,37.52031164
선의원,126.9092502,37.51250602
태양의집.썬프라자,126.9073027,37.49581776
영신고등학교,126.9083814,37.49759253
신풍역.수녀원,126.9077008,37.49944141
근로복지공단.서울남부지사,126.912138,37.52140371
현대홈타운아파트,126.8958915,37.52341618
삼성래미안아파트1단지,126.9162315,37.50520628
벽산메가트리움APT,126.8979142,37.51856953
약산약국,126.9142969,37.51131388
한강성심병원,126.9107747,37.52339863
문래역.홈플러스,126.8952702,37.52045481
대영초중고,126.9045861,37.50208367
삼성래미안아파트2단지,126.9142275,37.50671281
영일시장.록스,126.9008725,37.5183513
인구보건복지협회.호텔아벤트리,126.9089588,37.52621678
교보생명,126.8927265,37.52065869
한국산업인력공단,126.9081846,37.52829752
GS홈쇼핑앞,126.8900549,37.52103289
영등포역,126.906089,37.51715665
마포대교(가상),126.9408122,37.53723852
마포대교(가상),126.9417993,37.53751927
켄싱턴호텔.여의도,126.9220913,37.53039645
문래힐스테이트,126.8893961,37.51896245
래미안에스티움,126.9137184,37.49985866
삼성래미안3차아파트,126.9073493,37.53041014
GS25앞,126.8879275,37.52137241
당산역.지하철2호선,126.9023378,37.53474
당산중학교.한국소방안전원,126.906607,37.53223157
모랫말.도림새마을금고,126.9002173,37.50852023
삼성래미안동문,126.9047437,37.53111633
양평역,126.886255,37.52533294
도림고가.영등포아트자이,126.8989591,37.51046734
당산센트럴아이파크아파트,126.9025106,37.52944737
영은교회,126.8888972,37.52508675
도림교회,126.8973227,37.50934676
선화약국,126.9172406,37.51065357
문래자이아파트상가,126.8945641,37.51643869
효성아파트,126.9009081,37.53017333
노동부남부지청,126.8917297,37.52463884
도림동주민센터,126.8964095,37.50879719
푸른숲아파트,126.9174162,37.50870291
문래자이정문,126.896353,37.5169494
대신시장,126.9165402,37.51212378
현대APT후문,126.8944185,37.52422857
코오롱아파트,126.8948324,37.50803184
대성유니드아파트,126.9027188,37.50116752
골프장,126.9199045,37.50883348
문래자이후문,126.8986416,37.51689912
농협,126.9130017,37.51136093
영등포구청.우리은행,126.8966954,37.52543985
골프장,126.9202844,37.50904062
문래주민센터,126.8993511,37.51760168
놀이터,126.9224212,37.51001921
금호아파트,126.8979309,37.51877189
크라운사거리,126.9049107,37.50833757
도림동주민센터,126.8961494,37.50849026
도림교회,126.8973308,37.50922692
현대홈타운아파트,126.8915322,37.51957718
건영아파트,126.9018102,37.5057687
선유고등학교,126.8945867,37.53329016
도림고가.동아에코빌,126.8988261,37.5101176
거성현대6차아파트,126.8920914,37.5327076
도림새마을금고,126.8999436,37.50848576
e편한세상문래에듀플라츠,126.8858416,37.52044949
SK엔카,126.8925203,37.53430293
도림사거리,126.9009386,37.50709079
대림요양병원,126.8999335,37.50253217
선유도역.롯데홈쇼핑,126.8934442,37.53704851
정현부페,126.8977582,37.49938636
당산초등학교,126.8947636,37.5386978
대영초중고,126.904047,37.502528
노동부남부지청,126.8909005,37.52537247
대림3동주민센터,126.8983425,37.49807937
한신아파트.선유도공원,126.8924693,37.54065922
남성아파트,126.8910896,37.51220349
신안인스빌아파트,126.8885414,37.51373547
삼환아파트,126.8904512,37.51378551
우성2차아파트,126.8994441,37.49555362
동양아파트,126.89027,37.54176104
대동초등학교.명지성모병원,126.8987628,37.49420138
지적공사.여의도자이,126.9273528,37.51879339
지적공사.여의도자이,126.926491,37.5189481
여의도메리어트호텔,126.9184613,37.52171426
여의도메리어트호텔,126.9192874,37.52104202
구립복지관,126.9080396,37.49804045
대림역7호선,126.8966204,37.49282264
한솔아파트,126.8880522,37.54389185
문래동주민센터,126.898694,37.51695966
태양의집.썬프라자,126.9073566,37.49612237
신길동오거리,126.9159402,37.51039136
신기목련아파트,126.9158201,37.50901724
영등포역.페어필드메리어트,126.9081072,37.51672755
영등포시장전철역,126.9051913,37.52168219
경방타임스퀘어.신세계백화점,126.9059322,37.51729803
영등포전화국,126.9059276,37.52907539
영등포전화국,126.9055997,37.52887238
영등포시장전철역,126.904781,37.52141063
당산역,126.9039757,37.53265658
대영고등학교.신길센트럴아이파크,126.9049222,37.50488237
대림1동주민센터,126.9061885,37.49509149
대림1동새마을금고,126.9042511,37.49335802
대림포교원,126.9032198,37.49243715
농협.대림2동주민센터,126.9014159,37.49081097
신대림한솔솔파크아파트.충심교회,126.8992325,37.48889338
대림역,126.8951274,37.49379542
당서초교,126.8995389,37.53111111
국회의사당,126.9181628,37.52827531
현대3차유원아파트,126.8973008,37.53193459
양화대교전망카페,126.901182,37.53982
신풍프라자,126.9015123,37.50178648
양화대교전망카페,126.900755,37.539938
문래힐스테이트아파트,126.8914974,37.51942396
문래힐스테이트아파트,126.891513,37.51965629
영등포소방서.타임스퀘어,126.9036355,37.51827387
영등포구청,126.8952227,37.5243138
해군호텔,126.91589,37.50425862
진로A,126.8955641,37.52061275
현대2.3차아파트,126.896939,37.5326083
신동아아파트.관악고교,126.8855026,37.52235589
한국거래소공항방면,126.9269644,37.52350346
당산역,126.9010481,37.53300289
삼성래미안아파트,126.9130481,37.50740694
골프장,126.9199176,37.50869347
삼환아파트,126.9200285,37.50713139
병무청,126.9216231,37.50636562
성당,126.921656,37.50515997
신길한성아파트,126.9199107,37.50415136
신길중앙새마을금고신길4동지점,126.9126669,37.50542579
래미안영등포프레비뉴아파트,126.9069365,37.50563536
신길힐스테이트클래시안아파트,126.911453,37.50559069
신길파크자이아파트,126.9135628,37.50493406
서울해군호텔,126.9160027,37.50425862
성당,126.9217263,37.50504467
병무청,126.9217498,37.506363
삼환아파트,126.9198821,37.50749061
오거리,126.9215732,37.5086679
서울해군호텔,126.915975,37.50454386
영등포역1번출구,126.907997,37.514679
영등포역2번출구,126.9078197,37.51458398
신길GS자이아파트정문,126.9171066,37.50629856
신길GS자이아파트후문,126.9157993,37.50610029
신길4동주민센터,126.9115552,37.50818054
우신초등학교,126.9108194,37.50959291
우신초등학교,126.9106848,37.50937612
신길GS자이아파트정문,126.9172437,37.50613105
성산대교남단(가상),126.889006,37.54683353
여의2교(가상),126.9110464,37.52516769
여의2교(가상),126.9113834,37.52529139
근로복지공단(가상),126.9163165,37.51999923
양화한강공원(가상),126.9035092,37.53642189
양화한강공원(가상),126.904003,37.5370044
푸른숲아파트,126.9176243,37.50871567
공군호텔,126.9241282,37.51004555
공군호텔,126.9246178,37.51020175
성산대교(가상),126.888743,37.54753988
성산대교(가상),126.8887539,37.54788278
양화대교(가상),126.9004416,37.53881345
양화대교(가상),126.9006839,37.53919168
여의하류IC(가상),126.9090792,37.5318708
여의하류IC(가상),126.9095942,37.5320282
여의2교(가상),126.9107877,37.52629139
영등포푸르지오,126.9034754,37.51177321
대우미래사랑,126.9009464,37.51230006
영등포아트자이,126.8988576,37.51099065
영등포아트자이,126.8995215,37.51145974
대우미래사랑,126.9004177,37.51181032
영등포푸르지오후문,126.904886,37.513267
대한항공훈련센터,126.8123007,37.54588628
여의나루역,126.9328494,37.52647067
여의2교(가상),126.9116112,37.52660834
당산역,126.8998731,37.53502216
여의도지하차도(가상),126.9188154,37.52687709
은성병원,126.9058034,37.52706584
동작상떼빌아파트,126.904448,37.486449
신대방경남아파트,126.9075952,37.49025215
신대방현대아파트,126.9114762,37.49528274
보라매공원,126.9162239,37.496899
보라매역.동작세무서,126.9201964,37.4981412
강남중학교,126.9218984,37.50378955
현대아파트,126.931437,37.513174
현대아파트.유한양행,126.9323737,37.51323685
노량진수산시장.CTS기독교TV,126.938456,37.513423
노량진수산시장.CTS기독교TV,126.9388656,37.51348008
노량진역,126.943811,37.513733
노량진역,126.9447115,37.51383259
노들역,126.949256,37.512825
노들역,126.9509622,37.5127342
갯마을앞,126.9833117,37.49755505
정금마을.방배경찰서,126.9826144,37.49423389
경문고교.배나무골앞,126.9826229,37.49159122
총신대입구역.남성사계시장입구앞,126.9822244,37.48821683
사당동우체국앞,126.9819451,37.48322737
방배노인종합복지관,126.9818146,37.48067903
서울지방병무청앞,126.923275,37.506935
공군호텔,126.9245411,37.51001067
대방역,126.9263634,37.51258813
KT동작지사,126.9356601,37.51303954
노량진역3번출구,126.9418756,37.51349516
노량진역2번출구,126.9434702,37.51390589
사육신공원,126.9463011,37.51336661
사육신공원,126.947977,37.513315
노들역,126.9510505,37.51286531
노들역,126.951007,37.512565
흑석동효사정앞,126.9607462,37.51155451
흑석동효사정앞,126.9612375,37.5115729
흑석역.흑석동빗물펌프장,126.9632135,37.50830494
흑석역.명수대현대아파트,126.9650448,37.50749841
흑석역.명수대현대아파트,126.9655922,37.50758507
흑석동명수대현대아파트,126.9662734,37.50734853
비계,126.967675,37.50651
비계,126.9685845,37.506437
흑석동한강현대아파트,126.971748,37.505867
흑석동한강현대아파트,126.971971,37.505609
동작역.국립현충원,126.976865,37.502586
동작역.국립현충원,126.9766526,37.5031886
부평IC(미정차),126.7210313,37.52086121
사당1동관악시장앞,126.9778215,37.47683189
엔지니어링회관,126.9728451,37.47604923
서울공업고등학교,126.9223388,37.49977514
서울공업고등학교,126.921571,37.49996145
대림초등학교,126.926481,37.49960777
대림초등학교,126.9261279,37.49985536
성대시장,126.9309086,37.49999612
성대시장,126.9317049,37.50028324
상도초등학교입구,126.9367066,37.50335235
상도초등학교입구,126.9357683,37.50295988
장승배기역,126.9385221,37.50467614
동작문화복지센터.동작보건소,126.9407909,37.50493772
동작문화복지센터.동작보건소,126.9417293,37.50532973
상도노빌리티아파트,126.9459415,37.50479471
상도노빌리티아파트,126.9468675,37.50432696
상도터널노량진동,126.9541122,37.51205669
상도터널노량진동,126.9536979,37.51200632
상도터널상도동,126.9495037,37.50459881
상도터널상도동,126.9495191,37.50385865
상도역,126.9486225,37.50162713
상도역,126.9495197,37.50124906
상도동중앙하이츠빌.상도전통시장,126.951185,37.49881318
상도동중앙하이츠빌.상도전통시장,126.9517744,37.49868997
숭실대입구역,126.952804,37.49692604
숭실대입구역,126.9533492,37.49616661
숭실대입구역,126.9537335,37.49646142
봉현초등학교,126.9562149,37.4916784
봉천고개.관악현대아파트,126.9565953,37.49173261
숭실대중문앞,126.957055,37.49515
숭실대중문앞,126.9572808,37.49531836
숭실대별관앞,126.9602929,37.49463907
숭실대별관앞,126.9599068,37.49498474
사당5치안센터,126.9656493,37.48902778
총신대,126.9661798,37.48874228
총신대,126.9664744,37.48785982
사당중학교,126.9682728,37.48635563
사당중학교,126.9681789,37.48663695
남성역,126.9707465,37.48492912
남성역,126.9710943,37.48458754
남성역골목시장,126.9730148,37.48380429
남성역골목시장,126.9727824,37.48367626
남성초등학교,126.9785857,37.4840746
남성초등학교,126.97843,37.48429923
이수역9번출구,126.9798968,37.48444354
이수역10번출구,126.9801875,37.48483286
신대방삼거리,126.9278411,37.49777487
신대방삼거리,126.9282547,37.49833051
보라매병원입구,126.927191,37.494757
동작구청.노량진초등학교앞,126.9400541,37.51055022
동작구청.노량진초등학교앞,126.940337,37.510453
장성교회,126.9399682,37.50821101
청화병원,126.9400798,37.50724508
중앙대학교,126.961322,37.50816693
중앙대학교,126.9615072,37.50850924
중앙대학교,126.9614383,37.50834522
7호선장승배기역.상도2치안센터,126.9391356,37.50417184
7호선장승배기역.상도2치안센터,126.9393255,37.50434045
상도2동아이파크.포스코더샵아파트,126.9408309,37.50147931
상도2동아이파크.포스코더샵아파트,126.9411385,37.50151368
신상도초등학교,126.9435349,37.4993164
중앙대후문,126.9536356,37.50480829
중앙대후문,126.953431,37.5045505
중앙대정문,126.9582944,37.50680989
중앙대중문,126.9572653,37.50664283
중앙대정문,126.9591142,37.50723139
신대방역,126.9123159,37.48737915
신대방역,126.9117427,37.48741715
동작상떼빌아파트,126.9071028,37.48825374
신대방경남아파트,126.907227,37.48842865
사당롯데캐슬골든포레.사당해그린,126.963578,37.492298
서울특별시.보라매병원,126.9244804,37.49275543
신상도초등학교,126.9436737,37.49937392
상도4동약수맨션,126.94355,37.49794237
경향렉스빌.롯데캐슬비엔,126.942914,37.49592954
경향렉스빌.롯데캐슬비엔,126.9427353,37.49598532
상도4동약수맨션,126.9433569,37.49795904
래미안상도3차중문,126.953868,37.499875
금양빌딩,126.9535019,37.49950651
동작구청정문,126.9400622,37.51237684
상도SH빌아파트상도팰리스후문,126.9539709,37.50265464
상도SH빌아파트상도팰리스후문,126.9542926,37.50314151
상도3차삼성래미안후문,126.9538227,37.50105476
상도3차삼성래미안후문,126.953569,37.50094074
상도1동주민센터.상도3차래미안,126.9533572,37.49840616
상도1동주민센터.상도3차래미안,126.9532555,37.49822141
노들역앞,126.952211,37.513521
대방역1번출구앞,126.9274743,37.51309751
대방역.여의교앞,126.92733,37.514757
노들역4번출구앞,126.9533594,37.51245728
동작실버센터입구,126.9566106,37.51312088
사당동대아신협앞,126.9762904,37.48337743
사당역9번출구앞,126.9813959,37.47739263
사당롯데캐슬골든포레.사당해그린,126.9630718,37.49243659
사당솔밭도서관,126.967056,37.48401713
효주파크빌,126.9267494,37.50272846
남성초등학교입구,126.9769232,37.48375635
벽산아파트,126.9218266,37.49773319
정금마을,126.9813618,37.49377731
이수힐스테이트.이수푸르지오,126.9797525,37.49405822
사당역10번출구,126.9815811,37.47868741
현대2차아파트후문,126.9320348,37.5107013
극동상가,126.9740958,37.49168729
삼성래미안.롯데캐슬,126.9711492,37.48962703
자이아파트정문앞,126.9627803,37.48913684
달마사.흑석어린이집,126.960569,37.500332
사자암,126.936319,37.49376893
노들역.노량진교회,126.9544767,37.51242849
대림현대아파트.사당3동주민센터,126.9724841,37.48615684
행복유치원,126.9408149,37.49616289
이수역,126.9806262,37.48500144
보라매공원,126.9185785,37.4946211
신대방삼거리역,126.928182,37.4999673
현대2차아파트후문,126.9321404,37.51106326
극동아파트110동,126.9746719,37.49036369
극동아파트110동,126.974121,37.49084746
대림아파트후문.래미안로이파크,126.9721846,37.48865193
자이아파트상가앞,126.963156,37.4886828
삼성래미안아파트,126.9592635,37.49780918
상도4동성문교회.상도어울마당,126.940108,37.499156
당곡중.고등학교,126.9353995,37.49304524
대림프라자,126.9738758,37.48392602
롯데캐슬,126.9712716,37.48982344
보라매공원입구,126.9180851,37.49600606
강현중학교,126.9278709,37.50206774
구중앙슈퍼앞,126.935504,37.49461192
유앤미아파트,126.9604578,37.50070632
우리교회,126.9317185,37.49776043
극동아파트112동,126.9763424,37.48859878
삼일공원,126.9738555,37.48685101
사당종합체육관,126.9696348,37.49252403
숭실대후문,126.9610346,37.49509528
더크는킨더어린이집,126.9406673,37.49962656
갑을명가아파트,126.934574,37.49369409
사당시장,126.9751267,37.48309007
롯데캐슬비엔,126.9430909,37.49684335
삼거리,126.9683026,37.48559981
대방어린이도서관,126.9254813,37.50296195
성심슈퍼,126.9344156,37.49514297
흑석자이.흑석한강센트레빌2차,126.960429,37.50209
롯데캐슬.샤인,126.9714964,37.49092231
남성초등학교.사당청소년문화의집,126.9748407,37.48601049
신남성초교후문,126.9645999,37.48902837
현대아이파크,126.9416028,37.50088857
영은교회,126.934095,37.49439578
이수시너스.이수역7번출구,126.9818671,37.48391001
갑을명가,126.9667509,37.48257548
성남중고,126.9253134,37.50457842
청운종합복지관,126.9334403,37.49556685
은로초등학교,126.9609202,37.50326307
롯데캐슬.샤인,126.9712023,37.49109568
동작삼일수영장,126.9747984,37.48739368
삼거리우편물취급소,126.9770554,37.48416458
사당.인정아파트,126.9649636,37.48997103
선재유통,126.9328022,37.49465817
중앙대병원,126.9607328,37.50768989
밤골터널.상도역롯데캐슬파크엘,126.9460153,37.50186515
동작고교,126.9664294,37.48182186
대림아파트후문.성남중.고교,126.9248146,37.50567475
구동사무소,126.9324299,37.49610964
중대부속초등학교,126.9610502,37.50537246
국사봉중학교,126.9437281,37.49318067
장승배기역4번출구,126.9377215,37.50448109
빙수골공영주차장,126.9321581,37.49527957
상도역7호선,126.9472102,37.50274748
이수역,126.9799858,37.48451517
동작상떼빌앞,126.9080421,37.4877057
대방동주민센터,126.926167,37.50817722
빙수골마을공원,126.9321117,37.4965519
중앙대병원후문.흑석시장,126.9618461,37.50713856
방범초소,126.943742,37.49416828
주택가,126.9368294,37.50536009
백경세탁소,126.9308348,37.49664487
중앙대중문,126.957288,37.50673852
중대후문입구,126.9501363,37.50434551
신대방1동주민센터,126.9095786,37.48704097
주공아파트.남도학숙,126.9289889,37.50870233
상도3동주민센터,126.9312735,37.49917272
삼성래미안.동작청소년문화의집,126.9345388,37.50563681
하손초장교회,126.9300612,37.49781765
중앙대후문,126.9535419,37.50505122
이화약국,126.9505375,37.50495121
숭의여중.고교,126.9299523,37.50791444
현대한의원,126.932562,37.50015927
사당문화복지관,126.9695707,37.48534234
효사정앞,126.960741,37.51143126
효사정앞,126.9626137,37.51030369
사회복지관앞,126.9330781,37.50606719
7호선신대방삼거리역2번출구.국민은행,126.9284181,37.49896582
대림프라자,126.9743794,37.48380726
상도은빛어르신복지관.터널경로당,126.9512513,37.50657169
동광교회,126.9344857,37.50155436
남성역.남성역골목시장,126.9722197,37.48418069
대방목욕탕,126.9323906,37.50710487
건영아파트,126.9515988,37.50788294
갯마을,126.982537,37.49623364
현대아파트,126.9320468,37.51205262
경문고등학교,126.982448,37.49018111
삼거리우편물취급소,126.9772691,37.48421778
밤골.상도역롯데캐슬파크엘,126.9455944,37.50215202
남부교회,126.9322871,37.50897099
정금마을,126.9825629,37.49433928
동작고등학교,126.9664442,37.48157226
KT동작지사,126.9344731,37.51218014
7호선장승배기역2번출구,126.9389672,37.50393206
총신대역,126.9820416,37.48734738
남성초등학교.사당청소년문화의집,126.9749764,37.48613757
동원베네스트,126.9451749,37.50345392
신동아정문,126.9512523,37.51014997
사당솔밭도서관,126.967088,37.48342692
해태타워앞,126.9246607,37.4910939
경성의원.새마을금고앞,126.9359546,37.51261889
상도2동주민센터,126.9417827,37.50505265
상도은빛어르신복지관,126.9505398,37.5063886
삼일공원,126.9740161,37.48697269
부강탕,126.9459909,37.50436711
대방역1번출구,126.9274282,37.51306991
극동아파트앞,126.9513637,37.51107274
이수역,126.982087,37.48657252
삼거리,126.9684496,37.48553497
전문건설회관.보라매병원,126.924958,37.49235924
대림아파트후문.래미안로이파크,126.9725907,37.48846189
상도브라운스톤,126.943805,37.50528612
흑석동,126.9654485,37.50767604
흑석역.명수현대아파트,126.9650934,37.50745607
노들역5번출구,126.9521593,37.51229045
상도노빌리티,126.946671,37.50518002
상도역.하나은행,126.9473327,37.50381985
봉천고개관악현대아파트,126.9566324,37.4921183
동작삼일수영장,126.9747872,37.48717651
동작고교.사당5동주민센터,126.9675297,37.48520689
건영아파트,126.948005,37.50697024
우성201동.극동112동,126.975933,37.4881461
삼호APT.오네뜨아파트,126.9656301,37.48654523
상도감리교회,126.9415426,37.50549137
남부교회,126.932072,37.50919524
도시가스.두산아파트,126.9447021,37.50505316
핸드픽트호텔,126.9334329,37.50129574
핸드픽트호텔,126.9335302,37.50161101
7호선신대방삼거리역4번출구,126.9267443,37.4998233
우성아파트,126.946895,37.508606
숭실대입구역2번출구,126.9535564,37.49619652
시장입구,126.9771578,37.4894721
신남성초교입구,126.9645032,37.48790286
새소망교회,126.9420034,37.50639721
대방목욕탕,126.932239,37.507519
본동초등학교,126.953555,37.5107267
코오롱하늘채아파트,126.9240091,37.49917007
강남교회.오거리,126.944929,37.51027785
봉천고개현대아파트,126.9562362,37.49190199
신동아아파트,126.9765787,37.49000725
LG아파트상가,126.9635608,37.48860093
신동아아파트701동앞,126.9432253,37.50748092
사회복지관앞,126.9330952,37.5059023
동작우체국,126.9238815,37.49781023
테니스장.우성아파트304동,126.9759361,37.49061897
자이아파트정문앞,126.9628435,37.48930537
신동아관리사무소.영어마루도서관,126.9440018,37.5083076
삼성래미안.동작청소년문화의집,126.9348171,37.50553561
대방역2번출구앞,126.927588,37.51277896
경성의원.새마을금고앞,126.9359804,37.51279371
노량진역,126.9414536,37.51372379
신동아상가,126.9463254,37.5079978
주택가,126.9364798,37.50550408
예스플러스,126.9224942,37.50396386
KT동작전화국,126.9345611,37.51236942
9호선노량진역.동작구청,126.9400888,37.51301484
숭실대후문,126.9611601,37.49504846
건영아파트,126.9476598,37.50736653
장승배기역4번출구,126.9375688,37.50441973
테니스장앞,126.9593671,37.49811161
동작대교(가상),126.9796763,37.50451971
숭의여중고교.공군항공안전단,126.929696,37.50738263
7호선장승배기역5번출구,126.9389753,37.50509629
명창빌딩,126.9365067,37.50449666
더크는킨더어린이집,126.940666,37.49977524
본동시장,126.9519738,37.51223991
성원아파트,126.9254189,37.50882177
상도4동성문교회.상도어울마당,126.9399947,37.49914503
극동아파트,126.9512098,37.51111052
대방동주민센터,126.926164,37.5083867
쌍용아파트,126.932986,37.50150396
삼성래미안아파트,126.9510848,37.51034544
대림아파트후문.성남중.고교,126.924992,37.50586589
성대시장,126.9322988,37.50008085
노량진역,126.9432479,37.51350389
강현중학교.동작청소년문화의집,126.9345123,37.50300042
한신아파트,126.9512589,37.50873975
대방교회,126.9230394,37.50397142
김한욱치과의원.대륙서점,126.9333826,37.49897548
건영아파트후문,126.9515027,37.5078063
홍원사,126.9241422,37.5039451
강남교회.오거리,126.9447876,37.51024624
상도은빛어르신복지관.터널경로당,126.9509538,37.50654093
영동슈퍼,126.9241105,37.50286916
사거리,126.9367943,37.49603636
우성아파트,126.946766,37.508537
범한택시,126.9240184,37.50006127
제일성민교회,126.9371966,37.49546063
신동아리버파크,126.9477108,37.50667651
안일약국,126.9345558,37.49776166
상도역7호선,126.9470766,37.50290692
달마사,126.96069,37.49953577
동작하이슈퍼,126.9365045,37.49501799
상도노빌리티,126.9466417,37.50538385
밤골.상도역롯데캐슬파크엘,126.945922,37.50195521
한강대교(가상),126.956781,37.51373682
상도역,126.9489458,37.50357996
약수맨션.약수당약국,126.9435185,37.49825261
현진빌라.고마트,126.9430024,37.49721095
중앙대후문,126.9539816,37.50501298
건영아파트,126.9476345,37.50744782
중앙대중문,126.9573559,37.50648935
신동아상가,126.9460742,37.50813015
중앙대정문,126.9582233,37.50674377
신동아관리사무소.영어마루도서관,126.9445446,37.50849799
여의상류(가상),126.94061,37.51656215
중앙대병원,126.9613765,37.50754052
신동아아파트701동앞,126.9429719,37.50750243
보라매어린이집.문창중학교,126.9231862,37.49771915
중앙대병원후문.흑석시장,126.9612696,37.50646276
여의교(가상),126.9276683,37.51480272
새소망교회,126.9415658,37.50620956
동작우체국,126.9245071,37.49772953
중앙대부속초등학교.롯데캐슬에듀포레,126.9607857,37.5049212
신대방삼거리역.성대시장,126.9279312,37.49822547
은로초등학교,126.9607815,37.50325738
신대방1동경남아파트,126.907561,37.48993195
흑석한강센트레빌2차.흑석자이,126.9603298,37.50221996
부강탕,126.9459783,37.50454733
유앤미아파트,126.9601326,37.5009247
동원베네스트,126.9447645,37.50320593
보라매병원.전문건설회관,126.923833,37.492988
동양아파트.달마사,126.9598585,37.49956344
밤골.상도역롯데캐슬파크엘,126.9455074,37.50196545
아카데미타워,126.9244164,37.49121269
서울교(가상),126.9151853,37.5198554
신대방역,126.9130147,37.48749918
빌라삼거리.영도교회.약수터,126.9436054,37.49535407
신대방1동주민센터,126.9097457,37.48721231
방범초소,126.9435829,37.49442638
신대방현대아파트,126.9116914,37.49515845
국사봉중학교,126.943573,37.49338424
신대방우성아파트앞,126.9103818,37.493343
교수아파트,126.9134228,37.49629638
보라매공원입구,126.91778,37.49607139
보라매공원,126.9182419,37.49476728
삼일초등학교앞,126.9756633,37.48810573
동작경희병원,126.9360217,37.50285279
신동아상가,126.9514071,37.50875963
현대아파트,126.9319173,37.51234556
서달산약수터,126.9620217,37.49984892
신대방역,126.9130382,37.48660473
신대방역,126.9129713,37.48676868
장성교회,126.939901,37.50743942
숭의여중고교.공군항공안전단,126.9301467,37.50799926
대방동주공아파트,126.92888,37.50905279
노량진신한은행,126.9441708,37.51215539
노량진한국법학교육원,126.9443313,37.5123537
7호선신대방삼거리역2번출구.국민은행,126.9285172,37.49882848
하손초장교회,126.9300251,37.4977131
백경세탁소,126.9307149,37.49659074
빙수골공영주차장,126.932011,37.49529931
선재유통,126.9327547,37.49455452
영은교회,126.9339921,37.4943795
갑을명가아파트,126.9344802,37.49360122
당곡중.고등학교,126.9355631,37.49291755
사자암,126.936405,37.49371671
동작하이슈퍼,126.9367297,37.49491806
제일성민교회,126.9374011,37.49533743
보문사,126.9386456,37.49612024
동아아파트,126.9401631,37.49643103
행복유치원,126.9412494,37.49575211
동아아파트,126.9401307,37.49660586
보문사,126.9385591,37.4962395
사당1동주민센터입구,126.9787426,37.4840874
노들역5번출구앞,126.9525312,37.51254035
한강대교남단(가상),126.9554511,37.51421559
한강대교남단(가상),126.9555809,37.51461663
동작대교남단(가상),126.9735854,37.50572365
동작대교남단(가상),126.9739596,37.50614095
청호아파트,126.9637882,37.50075174
푸르지오후문,126.9643336,37.50159279
푸르지오상가,126.9650367,37.50341979
흑석한강푸르지오,126.9653558,37.50429386
흑석동주민센터,126.9664605,37.50586692
대방중학교,126.9144839,37.49549219
상도감리교회.보건소,126.9413119,37.50549486
수도여고.남부수도사업소,126.9152513,37.49355475
동작구민체육센터.기상청,126.9172421,37.4942401
동작구민체육센터.기상청,126.9171797,37.49441397
수도여고.남부수도사업소,126.9148816,37.49387742
대방중학교,126.9145762,37.49553129
정금마을,126.981166,37.49393266
경동아파트,126.9537175,37.50948414
동양중학교,126.9548037,37.50911421
극락정사,126.9518057,37.50804792
흑석역,126.9623026,37.50920115
중앙대병원,126.9603642,37.50743565
상도역1번출구,126.9478369,37.50258556
봉천고개관악현대아파트,126.9566012,37.49134514
동작대교(가상),126.9797337,37.50511884
상도3동주민센터,126.9298934,37.49950352
양녕청년주택,126.9361666,37.49667945
두산위브아파트,126.9708755,37.48487779
서울교(가상),126.9159846,37.52034469
보라매역.동작세무서,126.9201907,37.49923085
여의교(가상),126.9279151,37.51551756
보라매역.동작세무서,126.9202294,37.49799255
한강대교(가상),126.9571941,37.51411978
신남성초교입구,126.9645406,37.48770913
삼호.오네뜨아파트,126.9653451,37.48660372
사당5동주민센터,126.9674932,37.48507374
구로디지털단지역,126.9024471,37.4839346
구로디지털단지역,126.9024669,37.48397701
사당자동차학원,126.9832946,37.47130059
사당역,126.9817224,37.47482331
서울미술고.인헌중고,126.9655544,37.47646634
낙성대입구,126.9618757,37.47790968
행운동주민센터,126.956869,37.47984444
서울대입구역5번출구,126.9510142,37.48162815
KT관악지점,126.9471913,37.48203902
봉천역.관악초등학교,126.9431519,37.48244034
KT&G관악지점,126.9373129,37.48447547
신림사거리.신림역,126.9278542,37.48414928
남부초등학교,126.9220448,37.48340202
호림박물관,126.9183766,37.48272316
난곡입구,126.915723,37.482237
관악구보훈회관.신림푸르지오,126.9112397,37.48136167
천주교성령봉사회관.등불교회,126.9079579,37.48075541
KT구로지사,126.9049986,37.48026467
난곡입구,126.9161388,37.48193997
남서울중학교.성보중고등학교,126.9210109,37.48281955
신림사거리.신림역,126.9280626,37.4838178
KT&G관악지점,126.936125,37.484533
봉천역.관악초등학교,126.9431154,37.48205514
KT관악지점,126.9484611,37.48148289
봉천사거리,126.9545838,37.48036847
낙성대동,126.9573911,37.47927478
낙성대입구,126.9608875,37.47784448
인헌중고.서울미술고,126.966624,37.47565344
예술인마을.사당초등학교,126.9738847,37.47593684
남서울농협남현동지점,126.9773009,37.47637096
서울대학교,126.9479523,37.46674146
서울대학교,126.9488427,37.46685391
서울여상.서울문영여중고앞,126.9533001,37.47316048
관악구청,126.9524978,37.47798198
봉천사거리.봉천중앙시장,126.9542258,37.48288738
봉원중학교.행운동우성아파트,126.9559129,37.48490109
관악푸르지오아파트,126.9581661,37.48770344
성현동동아아파트,126.9577326,37.48840165
봉원중학교.행운동우성아파트,126.9553358,37.48485803
봉천사거리.봉천중앙시장,126.9538387,37.48315455
관악구청,126.9521876,37.47934713
관악경찰서.관악소방서,126.952572,37.475253
서울여상.서울문영여중고앞,126.952845,37.473002
신림중.삼성고.관악아트홀·도서관,126.9443922,37.4703797
서울산업정보학교.삼성교,126.9411248,37.47101429
신성초등학교,126.9374234,37.47107797
서울대벤처타운역1번출구,126.9336863,37.47320697
쑥고개입구,126.9374951,37.47619171
서원역1번출구,126.9323857,37.47864981
신림사거리,126.9300715,37.48192579
신림동별빛거리입구,126.929632,37.48584789
당곡역.보라매공원.보라매병원,126.9276206,37.49044181
당곡역2번출구.롯데백화점관악점,126.9274853,37.49000924
신림동별빛거리입구,126.9290604,37.48641518
신림사거리,126.9296378,37.4827671
서원역,126.932723,37.47791856
서림동주민센터.신화단지,126.93639,37.47558025
서울대벤처타운역.삼성동시장,126.9329597,37.47271275
대학동고시촌입구,126.938381,37.470538
서울산업정보학교.삼성교,126.9420277,37.47057382
관악산입구.관악아트홀·중앙도서관,126.9468707,37.46775787
당곡역.당곡사거리.롯데백화점,126.9270747,37.49100414
사당역4번출구,126.981359,37.47554085
남현동홈플러스앞,126.98253,37.472373
남태령역,126.987784,37.46557
낙성대입구,126.9579938,37.47829314
삼성동주민센터,126.9330212,37.47000561
미림고개,126.9319829,37.46811289
미림여고.미림여자정보과학고,126.931333,37.465641
신우초등학교,126.93169,37.462487
삼성산성지,126.929865,37.458825
산장아파트,126.927725,37.459955
삼성산주공아파트,126.925109,37.461345
산복터널.관악산휴먼시아2단지,126.922015,37.458697
산복터널.관악산휴먼시아2단지,126.9225758,37.45908122
삼성산주공아파트,126.925091,37.46110627
산장아파트,126.9275003,37.45979614
삼성산성지,126.9298864,37.45861275
신우초등학교,126.9319561,37.46241072
미림여고.미림여자정보과학고,126.9316212,37.46511295
미림고개.고시촌입구,126.9320993,37.46779222
서울대벤처타운역,126.9335915,37.47069295
쑥고개,126.9403975,37.47853539
e편한세상서울대입구아파트,126.942829,37.47953218
영락고교.영락의료과학고,126.9456223,37.47921263
생모리츠타운,126.9477587,37.47905017
관악구청,126.9507974,37.47872711
생모리츠타운,126.9476681,37.4792461
영락고교.영락의료과학고,126.9456414,37.47939646
e편한세상서울대입구아파트,126.9429334,37.47973045
쑥고개,126.9401212,37.47862692
은천교,126.9358192,37.48627418
봉일시장,126.9387053,37.48618479
은천초등학교,126.9424345,37.48608434
두산.벽산아파트.서울관광고등학교,126.9452561,37.48678625
현대시장앞,126.947932,37.486735
관악동부센트레빌아파트앞,126.9519972,37.48623951
중앙동성당앞,126.9546625,37.48580383
중앙동성당앞,126.9551938,37.48592342
관악동부센트레빌아파트앞,126.9513016,37.48647441
벽산.두산아파트.서울관광고등학교,126.9451745,37.48696463
은천초등학교,126.9424483,37.48632002
봉일시장,126.9389873,37.48626234
은천교,126.9355505,37.48648873
신림청소년독서실.신림체육센터,126.914797,37.480922
난곡우체국사거리,126.9156014,37.47718901
신일교회앞,126.916765,37.47545314
세이브마트앞,126.918037,37.47385703
남강중고등학교입구,126.9195219,37.47225742
우림시장.난곡보건분소,126.9200007,37.47054713
난우중학교입구,126.9205408,37.46669197
신림복지관앞,126.9196774,37.46528249
신림복지관앞,126.919495,37.465357
난우중학교입구,126.920348,37.467392
우림시장.난곡보건분소,126.9197418,37.47066711
남강중고등학교입구,126.9191422,37.47255579
세이브마트앞,126.9174337,37.47395794
신일교회앞,126.916574,37.475399
난곡우체국사거리,126.9154306,37.47698086
신림청소년독서실.신림체육센터,126.9146625,37.4803153
KT구로지사,126.9053999,37.48127456
골목시장앞,126.90538,37.48150941
조원동주민센터,126.9074142,37.48343588
조원동주민센터,126.9070563,37.48318442
신대방역,126.9130032,37.48657947
신대방역,126.9126962,37.48667002
보라매공원입구,126.9174897,37.4891229
보라매공원입구,126.9178011,37.48943527
보라매갑을아파트,126.9220386,37.48964863
롯데관악점,126.9251647,37.48972623
롯데관악점,126.9257071,37.49012978
당곡역,126.9270622,37.48929951
당곡중학교,126.9305421,37.48808499
당곡중학교,126.9319169,37.48794857
봉현초등학교,126.9554673,37.49071575
동아아파트105동앞,126.9554144,37.49052765
관악드림타운115동,126.9527939,37.49052213
관악드림타운115동,126.9530109,37.49014453
관악드림타운북문,126.9512768,37.49160078
관악드림타운북문,126.9510801,37.49154407
구암중학교,126.9483402,37.49246419
구암중학교,126.9484647,37.49228629
벽산아파트.적십자남부봉사관,126.946532,37.492953
벽산아파트.적십자남부봉사관,126.9461602,37.49305337
벽산블루밍벽산아파트303동앞,126.9443687,37.4919398
구로디지털단지역,126.9026876,37.48382402
현대시장,126.9478365,37.48688113
서울대입구역,126.9527298,37.48011095
신봉초등학교입구,126.9468252,37.48419001
구암초등학교,126.9461217,37.48918809
은천동벽산블루밍아파트105동,126.9458637,37.48936819
은천동두산아파트3단지,126.9465537,37.48435883
봉일시장,126.9372434,37.48507287
봉천역,126.9421197,37.48323621
현대시장,126.9465909,37.48767895
현대시장,126.9465204,37.48744026
관악우체국.에이치플러스양지병원,126.933157,37.48484806
관악우체국.에이치플러스양지병원,126.9331483,37.48445247
보라매삼성아파트.모자원고개,126.9273976,37.4945144
조원동기점,126.9061605,37.48357472
관악산휴먼시아.신림푸르지오2차,126.9195227,37.46038114
관악산휴먼시아아파트1단지입구,126.9219633,37.46092763
관악산휴먼시아아파트1단지입구,126.9216301,37.46099299
난향동주민센터,126.919167,37.461001
서울대정문,126.9483889,37.46573471
법대.사회대입구,126.9489902,37.46279828
자연대.행정관입구,126.9488328,37.46027459
농생대,126.949167,37.45716298
공대입구,126.9498438,37.45493101
신소재,126.9502262,37.45349631
제2공학관,126.9520773,37.4487952
유회진학술정보관.제1공학관,126.952595,37.451283
유전공학연구소.반도체공동연구소,126.9539021,37.45401037
교수회관입구,126.9553488,37.45607086
관악사삼거리,126.9567263,37.46078806
국제대학원,126.9553135,37.46417722
수의대입구.보건대학원앞,126.9546291,37.46612351
경영대.행정대학원,126.952053,37.466135
경영대.행정대학원,126.9509996,37.46580585
수의대입구.보건대학원앞,126.9546455,37.46583771
국제대학원,126.9549273,37.46370892
관악사삼거리,126.95666,37.460528
공동기기원,126.9544666,37.45511895
유전공학연구소.반도체공동연구소,126.9535516,37.45374769
에너지자원연구소,126.9522142,37.45359525
공대입구,126.9498964,37.455364
농생대,126.9493877,37.45711284
자연대.행정관입구,126.948956,37.45998981
문화관입구,126.9494504,37.46148685
법대.사회대입구,126.9490724,37.46326054
서울대정문,126.9486358,37.46537547
우방아파트,126.919247,37.489233
은천성결교회,126.9214263,37.48832724
남부초교후문,126.9226406,37.48671975
봉림교,126.9245167,37.48477707
봉림교,126.9246318,37.48497178
남부초교후문,126.9222367,37.48644918
청담고시원,126.9399509,37.47166122
우리슈퍼,126.9393707,37.47228457
명호고시원,126.9388609,37.47331944
동작마트,126.9383562,37.47428155
제일성도교회,126.9404393,37.47483346
삼양슈퍼,126.9420666,37.47510398
금성마트용천사,126.9428078,37.47502927
삼양슈퍼,126.9421136,37.47493431
제일성도교회,126.940479,37.47465776
동작마트,126.9380335,37.47493912
고시촌입구,126.9376643,37.47054894
대학동치안센터,126.9376455,37.4690418
대학동노인정,126.93757,37.46735
금호타운아파트,126.9376595,37.46573961
금호타운아파트,126.9378291,37.46571041
대학동노인정,126.9376869,37.46715911
대학동치안센터,126.9377736,37.46893795
서울대입구역,126.952444,37.48070059
청림동현대아파트,126.957561,37.491334
청림동현대아파트,126.959384,37.491948
보성운수기종점,126.9190213,37.46412676
난곡공영차고지,126.918963,37.463938
한남운수대학동차고지,126.9398176,37.47037897
한남운수대학동차고지,126.9396935,37.47019391
제2공학관,126.9521426,37.44808487
건설환경종합연구소앞,126.9496964,37.44720025
봉일시장,126.9372877,37.48553253
보라매공영주차장,126.9342323,37.48870449
당곡중고교,126.9340425,37.49112294
연희빌라,126.933808,37.49258265
재넘이고개,126.9353673,37.49282816
연희빌라,126.9337389,37.49252898
당곡중고교,126.9339322,37.49113759
보라매공영주차장,126.9341339,37.48872606
신림사거리.신림역,126.928276,37.4841991
신사동주민센터.신사시장,126.9178057,37.4855926
건영유치원,126.914592,37.48504959
신대방역,126.9136841,37.48644841
난곡사거리,126.914462,37.483037
난곡사거리,126.9142384,37.48276753
신대방역,126.9134841,37.48636536
신사시장.평화교회,126.9138803,37.48446792
신사시장.선한이웃교회,126.914038,37.48452751
신림청소년독서실.신림체육센터,126.9148714,37.48044339
신사동진양빌딩앞,126.9146116,37.48769406
호림박물관,126.9186189,37.48236721
보성운수차고지맞은편,126.9192632,37.46467082
조원아파트,126.90782,37.484088
성원홈아파트,126.9344142,37.49023106
성원홈아파트,126.9343,37.49020396
신림빗물펌프장,126.9076302,37.48477405
봉천사거리.위버폴리스,126.9535723,37.48279341
서원동승리교앞,126.9299073,37.48158628
서울난향초등학교.난향동주민센터,126.9188889,37.46273678
은천길입구,126.9336113,37.48664758
대학동샘말공원,126.9383465,37.46513827
서울대학교.치과병원.동물병원,126.9520816,37.46927442
서울대학교.치과병원.동물병원,126.951937,37.470034
신림2교,126.93678,37.477526
서울대학교,126.9496319,37.46766096
신림역2번출구,126.9298972,37.48332204
벽산블루밍아파트종점,126.944636,37.492105
청림동현대아파트입구,126.9574134,37.49107487
아카시아마을.민방위교육장,126.911063,37.47207654
난향동공영차고지,126.9189073,37.46347841
청림동푸르지오아파트121동앞,126.9606641,37.48558671
보명사.법화사,126.9248319,37.47607349
현대아파트후문,126.9304689,37.47525514
GS편의점.소망유통,126.9686577,37.46931873
국사봉,126.941744,37.491065
봉천역,126.940901,37.48359028
뉴서울아파트,126.9111256,37.47141702
푸르지오122동,126.9596642,37.4860982
승산밝은빛교회.구무림비디오,126.9242273,37.47572798
코사마트,126.9302023,37.47621916
인수당약국,126.9681362,37.47016743
벽산아파트후문.만물슈퍼,126.9418504,37.49078823
신협,126.9465738,37.48319505
쌍용아파트후문,126.9117542,37.47267719
관악로입구,126.9580221,37.48642653
한마음슈퍼,126.9234985,37.47531751
미성빌라,126.9302988,37.47707707
우리현대마트,126.9675399,37.47107829
우리슈퍼,126.9421119,37.49038376
두산아파트입구,126.9468248,37.484773
벽산아파트501동.적십자센터,126.9465804,37.49290535
신라놀이터,126.9125495,37.47324818
충남슈퍼.생각대로통신,126.9227888,37.47491876
혜성세탁소,126.9303877,37.47769609
동인약국.인헌중고입구,126.9669822,37.47197203
수정슈퍼,126.942101,37.48980254
현대시장,126.9469476,37.48707357
벽산아파트,126.9438939,37.49229316
두영아파트,126.913775,37.47429887
삼성산주공정문,126.914873,37.480443
서울대입구역2호선,126.953836,37.48246641
제일교회입구,126.9220871,37.47452632
GS편의점,126.930639,37.47843794
오리사랑,126.9668389,37.47374176
서울관광고등학교,126.9418664,37.48907524
구암초등학교정문,126.9464345,37.48816638
현대홈타운아파트,126.9637778,37.47968636
미성중학교,126.9131844,37.4755708
삼성산주공307동앞,126.9273355,37.46171592
관악프라자,126.9547331,37.48357602
남강중고등학교입구,126.9213944,37.47414559
동산교회,126.9297927,37.47900154
인헌연세약국,126.9667445,37.47506636
산성교회,126.9415478,37.48867229
방앗간,126.9460929,37.48997114
낙성대역,126.9624207,37.47779001
라이프아파트,126.9136959,37.47717334
2단지종합상가,126.9263183,37.46357741
애동유치원,126.9202354,37.47426917
서강약국,126.9281245,37.47947091
인헌시장입구,126.965772,37.47542833
경천교회,126.9404797,37.48802746
대학원생활관,126.9573923,37.46233612
성현동주민센터,126.947285,37.489861
사랑의병원,126.9564304,37.47962441
신림고등학교,126.9160901,37.47768059
203동앞,126.9264977,37.4644447
관악로입구,126.9577949,37.48627596
세이브마트,126.9188188,37.47417629
동부아파트,126.9284314,37.48130124
파리바게트.낙성대지하철,126.9643768,37.47614384
국회단지입구,126.9393195,37.48659952
학부생활관,126.9580725,37.46375062
구암어린이집앞,126.9476358,37.49095584
낙성대역,126.9626593,37.47787569
난곡터널,126.9183862,37.47797956
광신고등학교.주공1단지,126.9271072,37.46602865
우성아파트103동,126.9592458,37.48609174
난우초등학교,126.9177304,37.47594711
삼모타워앞.건강보험관악지사,126.9284597,37.48240061
인헌초등학교,126.9617606,37.47710724
은천교앞,126.935882,37.48640037
BK국제관,126.9578693,37.4654239
관악드림타운2단지,126.9469498,37.49193954
현대홈타운아파트,126.9634797,37.47912966
갑을아파트,126.9220552,37.4897535
신원동치안센터,126.9270326,37.47909088
유완약국.성림교회,126.9300505,37.46681692
행운동우성아파트109동앞,126.9612179,37.48529034
신림고등학교,126.9160755,37.47789664
낙성대입구,126.9599796,37.47780813
신림성모성당앞,126.9326665,37.48707441
가족생활동,126.9577738,37.46697675
롯데백화점,126.9244827,37.49042787
삼성전자,126.9310842,37.46769431
신림청소년독서실.신림체육센터,126.9148759,37.48049969
낙성대동시장입구,126.9575345,37.47875434
관악우체국,126.9341383,37.48514319
신림고등학교,126.9168167,37.47798108
신림사거리.신원시장,126.9273006,37.48370921
삼성동시장,126.9316311,37.46920398
난곡사거리,126.9144634,37.48230119
신림역,126.9296507,37.48548832
인헌아파트,126.9612872,37.46802075
서울대벤처타운역.삼성동시장입구,126.9332126,37.47185504
동부아파트,126.9282143,37.48132003
낙성대역,126.9648558,37.47632106
당곡역.당곡사거리,126.9287658,37.48873105
서울융합과학교육원,126.9579992,37.46872249
은천교입구,126.9342753,37.4868363
은천교입구,126.9341378,37.4869018
삼성아파트,126.9273819,37.49457729
조원경로당,126.90827,37.48353917
서강약국,126.9279662,37.47947352
인헌연세약국,126.9668226,37.47484832
낙성대공원.관악복합평생교육센터,126.9587715,37.4722001
신도브래뉴.구펭귄아파트,126.9110455,37.48421129
동산교회,126.929898,37.47877903
오리사랑,126.9666848,37.47368455
봉일시장,126.9386238,37.48618881
낙성대입구,126.9595879,37.47874515
낙성대현대아파트,126.9591501,37.47487295
성지빌딩,126.9308322,37.47861197
펭귄시장,126.9123578,37.4835748
동인약국.인헌중고입구,126.9668511,37.47191522
국회단지입구,126.9394213,37.4865356
인헌초등학교,126.9591594,37.47658776
난곡사거리,126.914064,37.48251537
우리현대마트,126.9673568,37.47112059
경천교회,126.9405544,37.4879473
낙성대입구,126.9594607,37.4775169
신림체육센터,126.9145994,37.48101308
서림동주민센터,126.9349783,37.47485311
인수당약국,126.9677946,37.47044307
산성교회,126.941601,37.48859121
신원동치안센터,126.9262097,37.47922564
현대아파트109동,126.9333136,37.47487348
개미유통,126.9668429,37.46998685
서울관광고등학교,126.941975,37.48904105
낙성대역,126.9619752,37.47707918
서울대호암교수회관,126.9583174,37.46772958
관악세무서,126.9245139,37.47910969
난우초등학교,126.9171837,37.47647388
현대아파트106동,126.9325314,37.47509774
세진아파트,126.9659804,37.46963157
수정슈퍼,126.9421499,37.48956378
낙성대입구,126.9591814,37.4775943
구로디지털단지역,126.9029064,37.48372257
구로디지털단지역,126.9058132,37.48436941
난곡터널,126.9192914,37.4783629
난곡종점,126.9192842,37.46411117
세이브마트,126.9185745,37.47424731
봉천역,126.9414274,37.4835909
은천아파트,126.9651699,37.46930423
우리슈퍼,126.9423213,37.49015138
인헌초등학교,126.9589641,37.47652501
서울대벤처타운역.삼성동시장입구,126.932981,37.47168821
애동유치원,126.9202107,37.47415561
인헌아파트,126.9616845,37.46825915
롯데백화점관악점,126.9249188,37.4897441
롯데백화점관악점,126.9259813,37.49009166
신림역,126.9329882,37.48449815
신림역,126.930756,37.484581
봉천역,126.9441415,37.48199482
봉천역,126.9415037,37.48271209
서울대학교입구전철역,126.951428,37.48159318
신림2동차고지,126.938321,37.470982
신림2동차고지,126.9387687,37.47092776
벽산아파트후문.만물슈퍼,126.9418591,37.49106912
낙성대현대아파트,126.9590657,37.47442505
사당역4번출구A,126.981484,37.47500152
사당역4번출구B,126.9815173,37.4748086
봉천역,126.941712,37.48333412
관악드림타운2단지,126.94696,37.491555
라이프아파트,126.9135636,37.47716694
삼성동시장,126.9314563,37.46916001
남강중고등학교입구,126.9214522,37.47408436
은천아파트,126.9651417,37.46918348
낙성대공원.관악복합평생교육센터,126.9584072,37.47170216
구암어린이집앞,126.947527,37.49108529
미성중학교,126.9130747,37.47560406
삼성전자,126.9310872,37.46790739
제일교회입구,126.9221437,37.4744768
세진아파트,126.9659793,37.46951623
서울융합과학교육원,126.9579845,37.46956436
성현동주민센터,126.947987,37.49002045
두영아파트,126.9136489,37.47434942
유완약국.성림교회,126.9300278,37.46690792
충남슈퍼.생각대로통신,126.9228522,37.47485933
개미유통,126.966852,37.46987962
호암교수회관,126.9583385,37.46845638
현대시장,126.9466523,37.48722392
신라놀이터,126.9124929,37.47331302
광신고등학교.주공1단지,126.9268061,37.46554169
한마음슈퍼,126.9235494,37.47525537
소망유통,126.968401,37.46947004
두산아파트,126.946679,37.48473599
쌍용아파트후문,126.9116693,37.4727366
201동.동신교회,126.9258566,37.46421557
승산밝은빛교회.구무림비디오,126.9242602,37.4756424
군인아파트,126.9686942,37.46896724
호암교수회관,126.9578128,37.46825784
신협,126.946455,37.48321392
뉴서울아파트,126.9110761,37.47151245
3단지종합상가,126.92665,37.46324467
보명사.법화사,126.9248625,37.4759816
가족생활동,126.9576895,37.46636116
봉천역6번출구,126.9435329,37.48321314
아카시아마을.민방위교육장,126.9111579,37.47209914
삼성산주공307동앞,126.9273071,37.46182493
서울대후문.연구공원,126.9577778,37.46510428
봉천역4번출구,126.9415257,37.48358608
삼성산주공아파트정문,126.9257025,37.46121839
학부생활관,126.9577174,37.46314183
대학원생활관,126.9567821,37.46197275
기숙사삼거리,126.956766,37.46046371
제2파워플랜트,126.9495359,37.44919617
건설환경종합연구소,126.9497987,37.44716916
보라매노인복지회관,126.9258907,37.49267792
신한은행앞.롯데백화점,126.92433,37.49052084
벽산아파트,126.9437182,37.49232242
적십자센터,126.9463609,37.49300898
봉림교,126.9269361,37.48368797
서원치안센터.건강보험관악지사,126.9291589,37.48199283
노천강당,126.955328,37.4587949
신림역4번출구,126.9290486,37.48391302
서원역2번출구.서원동성당앞,126.9344657,37.47783639
신림복지관앞,126.9197651,37.46530366
교육개발원입구,127.038482,37.47859
교육개발원입구,127.038748,37.477657
양재역.서초문화예술회관,127.035902,37.48261
양재역.서초문화예술회관,127.036827,37.481927
뱅뱅사거리,127.032432,37.487667
뱅뱅사거리,127.033097,37.486653
래미안아파트.파이낸셜뉴스,127.030405,37.491895
래미안아파트.파이낸셜뉴스,127.030987,37.491087
신분당선강남역,127.0285366,37.49584856
신분당선강남역,127.029112,37.494993
지하철2호선강남역,127.0257426,37.50179584
지하철2호선강남역,127.02637,37.500785
논현역,127.0230319,37.5072265
논현역,127.023728,37.506367
신사역.푸른저축은행,127.020057,37.51411252
신사역,127.020607,37.512972
반포역,127.0118927,37.50841143
반포역,127.0111518,37.50799929
고속터미널,127.005129,37.50629005
고속터미널,127.0039245,37.50584635
신반포역.세화여중고,126.9957194,37.50341813
신반포역.세화여중고,126.9946931,37.50305093
구반포역.세화고등학교,126.9900265,37.50194516
구반포역.세화고등학교,126.9890696,37.50173507
아리랑TV.국립국악원,127.0090806,37.47883642
남태령역,126.9880882,37.46569518
이수역,126.9820742,37.4823317
사당역,126.9821182,37.47423546
총신대입구역.남성사계시장입구앞,126.9823185,37.4875479
경문고등학교,126.9827418,37.49043723
정금마을,126.9827186,37.49330314
염곡마을.서초50플러스센터,127.0508103,37.46112519
염곡마을.서초50플러스센터,127.049474,37.46156275
탑성마을.서초포레스타입구,127.0586887,37.45775851
탑성마을.서초포레스타입구,127.0587253,37.45757153
안골마을.서울언남초등학교,127.0633098,37.45574912
안골마을.서울언남초등학교,127.0631289,37.45571092
샘마을.서울특별시어린이병원,127.0709091,37.45717742
샘마을.서울특별시어린이병원,127.0701063,37.45680172
서초포레스타5단지정문,127.0583817,37.45177819
서초종합체육관,127.0421755,37.45851035
서울추모공원,127.042698,37.45415582
양재동화물터미널,127.036777,37.46012576
양재동화물터미널,127.0370767,37.46020085
서울추모공원,127.0428812,37.45426839
한국소비자원,127.0438335,37.4660903
교대역13번출구,127.0141904,37.49178209
서울교대사거리,127.0150603,37.48732872
지하철2호선교대역2,127.0153818,37.49402421
서초동유원아파트,127.020216,37.49545694
창신교회앞.서리풀노리학교,127.0212302,37.49046802
창신교회.서리풀노리학교,127.0212807,37.49029988
서울교대정문앞,127.0162096,37.48893434
서울교대정문앞,127.016373,37.488798
남부터미널,127.0174997,37.48334911
서울시인재개발원입구,127.0222228,37.48310741
서울시인재개발원.한우리문화센터,127.0217449,37.48265249
서일초등학교,127.0213147,37.48650685
서일초등학교,127.021085,37.48614105
롯데칠성,127.0240036,37.49665727
롯데칠성,127.02522,37.49507739
서초포레스타2단지앞,127.063037,37.455488
래미안에스티지에스,127.0264688,37.49253559
래미안에스티지,127.0259404,37.49311911
서초청소년도서관,127.0285678,37.49267338
서초청소년도서관,127.0288802,37.49262287
서초동신동아아파트,127.0253915,37.49174969
서초2동주민센터서이초등학교,127.0255384,37.49159424
래미안리더스원아파트,127.0275566,37.49021755
추모공원입구,127.0389123,37.4583208
뱅뱅사거리,127.0293962,37.48902322
뱅뱅사거리,127.0298928,37.48881543
서초그랑자이아파트,127.0260375,37.48800136
서초그랑자이아파트,127.0260532,37.48762958
서초구청,127.0307483,37.48427456
서초구청,127.030587,37.48385789
수협서초지점,127.029385,37.493517
서초문화예술정보학교,127.0320162,37.488021
법조단지,127.0129975,37.49638328
교대역10번출구,127.0127809,37.49355375
서초역.서울중앙지법등기국,127.0073275,37.4930992
서초역1번출구,127.0089105,37.49201563
서울중앙지방검찰청,127.006543,37.494768
서울중앙지방검찰청대검찰청,127.006115,37.494383
서초아트자이아파트,127.0108433,37.48585933
서초동삼성아파트,127.0093426,37.48892064
서초유스센터.서초아트자이,127.0105006,37.48548015
서초동삼성아파트,127.0089653,37.48851159
서초3동주민센터,127.0116355,37.48312906
서초3동주민센터,127.0120799,37.48322183
서초동예술의전당,127.012886,37.48168573
서초중학교,127.0085384,37.48360511
서초중학교,127.0088053,37.48338792
서울고등학교,127.0050002,37.48293038
서울고등학교,127.0055791,37.48274743
상문고교,127.0047242,37.48190494
서초동예술의전당,127.0112295,37.47943285
서초동예술의전당,127.0108028,37.47969863
남부터미널.기쁨병원,127.0168662,37.48195789
남부터미널.기쁨병원,127.0176022,37.48173611
남부터미널.한일시멘트,127.0142185,37.48473184
남부터미널,127.0156032,37.48475281
서울교대사거리,127.0146476,37.48738464
서울교대사거리,127.0133427,37.48805071
서울교대사거리,127.0131389,37.48783681
교대역14번출구,127.013952,37.491176
KCC사옥,127.0202807,37.50303405
서초푸르지오써밋,127.0217392,37.50203541
서초푸르지오써밋.롯데캐슬클래식,127.0221683,37.50147583
진흥아파트,127.0237031,37.49772334
진흥아파트,127.0239008,37.49788812
강남역.강남역사거리,127.0266041,37.497784
서초동진흥아파트,127.0227753,37.49657912
서초동유원아파트,127.0197669,37.495758
지하철2호선교대역4출구,127.0158387,37.49447257
법조단지,127.0132447,37.49628501
신논현역.구교보타워사거리,127.0251068,37.5026204
강남역,127.026307,37.5001
잠원한신아파트,127.0100875,37.51650064
래미안신반포리오센트아파트,127.013908,37.51962871
신반포18차아파트,127.0141966,37.52015801
롯데캐슬아파트,127.0155352,37.51969445
롯데캐슬아파트,127.0154198,37.51996389
신반포13차아파트,127.0144014,37.51663954
신반포13차아파트,127.01457,37.517676
신동중학교,127.0132334,37.51559202
신동중학교,127.0130193,37.51549996
논현역7번출구,127.019358,37.51066295
신사역4번출구,127.0196985,37.51498546
신사역5번출구,127.0189942,37.51697853
논현역6번출구,127.019213,37.51029082
논현역4번출구,127.0219545,37.5091091
반포동,127.023498,37.505962
신논현역1번출구,127.023023,37.504227
제일약품사옥,127.0202524,37.50338719
사평역,127.0138855,37.50491756
사평역,127.0158023,37.50381584
디에이치반포라클라스,127.0124492,37.49966282
삼호가든사거리.반포도서관,127.0116013,37.50279745
삼성래미안,126.9951596,37.50285272
서초구민체육센터.심산문화센터,126.9905148,37.49839021
잠원한신아파트,127.009841,37.51679546
잠원성당.아크로리버뷰아파트,127.0066452,37.51368046
잠원성당,127.0069649,37.51347046
뉴코아아울렛,127.0077586,37.50920911
신반포자이아파트,127.0080007,37.50947582
고속터미널,127.0093531,37.50626419
서울지방조달청.서울성모병원,127.0039327,37.49926225
센트럴시티,127.0063361,37.50355544
서울지방조달청.서울성모병원,127.0040911,37.50067457
서울성모병원,127.005482,37.502759
서초구민체육센터.심산문화센터,126.9910969,37.49796057
반포미도아파트앞,127.011583,37.50170172
고속터미널호남선,127.0030788,37.50535171
삼호아파트,126.987806,37.496634
방배사이길,126.990278,37.49332879
방배동삼호아파트,126.9882534,37.49653168
가야메디컬센터,126.9898749,37.49339188
이수교,126.9832689,37.49685663
롯데캐슬헤론아파트,126.9852046,37.49727424
방배동신동아아파트,127.0016995,37.48230781
방배역.방배서리풀이편한세상,126.9964724,37.48358924
내방역2번출구,126.9943844,37.48677537
내방역,126.9940949,37.48662307
방배1동주민센터.방배아크로타워,126.9961464,37.48344946
지하철2호선방배역,126.9967156,37.48135024
서울교통공사,126.9861652,37.47671115
종로교회,126.9890956,37.47864162
대우효령아파트,126.9933661,37.48020356
이수중학교,126.9930506,37.48091001
방배브라운가아파트,126.9910194,37.48406284
사당역,126.9820916,37.4790018
사당역3번출구,126.9820179,37.47507949
경남임광아파트,127.0006313,37.47720162
방배그랑자이아파트,127.0002798,37.47725294
서울지방법무사회,126.9987551,37.48003973
현대멤피스2차아파트,126.9984453,37.47981445
신동아아파트앞,127.0018917,37.48200504
방배역.백석예술대학교,126.9967608,37.48103714
방배동대우효령아파트앞,126.9940943,37.48016676
종로교회앞,126.9887158,37.47809462
서울교통공사,126.986414,37.4763264
방배동래미안아트힐.국립국악원,127.0063,37.47750281
방배그랑자이아파트,127.0008921,37.47481873
성뒤마을.교육연수원,126.994633,37.4737472
방배동래미안타워,126.9905863,37.47467418
대항병원,126.9871072,37.47564164
대항병원,126.9867647,37.47538659
방배동래미안타워.동덕여중고,126.9906565,37.47428761
성뒤마을.교육연수원,126.9971427,37.47339208
방배그랑자이아파트,127.0016643,37.47477367
방배동래미안아트힐.국립국악원,127.0068455,37.47727527
서문여고입구,126.987153,37.490238
방배동고개,126.9893093,37.4867536
예술의전당,127.0133439,37.48041473
방배열린문화센터(방배4동주민센터),126.9920624,37.49050491
방배열린문화센터(방배4동주민센터),126.9916055,37.49061841
양재역.양재1동민원분소,127.0374188,37.48476913
양재노인종합복지관,127.0421051,37.48332398
블랙야크양재사옥,127.0411739,37.4801407
현대빌라.에코맘코리아,127.0356383,37.47613979
현대빌라.에코맘코리아,127.0360925,37.47630362
우성아파트.양재초등학교,127.0318296,37.47458617
우성아파트.양재초등학교,127.0327538,37.47466476
코오롱아파트.양재1동주민센터,127.0281898,37.47235525
우면코오롱아파트,127.0280952,37.47203728
우면주공아파트.우면한라아파트,127.0256889,37.4707123
우면주공아파트.양재1동주민센터,127.0261418,37.47078305
서울시품질시험소한국교원단체총연합회,127.0276019,37.4670267
서울시품질시험소한국교원단체총연합회,127.0278541,37.46691599
네이처힐3.4단지,127.0261569,37.4653477
성촌마을입구,127.0249643,37.46535697
송동마을.서초힐스아파트,127.0179066,37.45902997
송동마을.서초힐스아파트,127.0178421,37.45850283
식유촌우면성당.서초호반써밋,127.0127195,37.45750114
식유촌우면성당.서초호반써밋,127.0142947,37.45723906
양재역,127.034711,37.48368556
양재역,127.0355023,37.48343529
일동제약사거리,127.0383012,37.47893162
일동제약사거리,127.0385955,37.47956449
양재2동주민센터.양재꽃시장,127.0394643,37.46958572
매헌시민의숲,127.038353,37.473135
언남고교,127.0389281,37.47327954
매헌시민의숲.양재꽃시장,127.03836,37.470867
매헌시민의숲.양재꽃시장,127.039043,37.471255
AT센터.양재꽃시장,127.039655,37.468707
양곡도매시장,127.0351947,37.46034699
양곡도매시장,127.035251,37.46002261
하나로마트.코트라,127.0444478,37.46384119
코트라,127.0442708,37.46486702
구룡사앞,127.048848,37.47021
구룡사,127.048132,37.474022
구룡사입구,127.0502412,37.47209975
동원산업앞,127.0453961,37.47664737
언남고포이성당앞,127.0458263,37.47203264
양재119안전센터앞,127.0412468,37.4694948
소방서앞,127.0418943,37.47004645
꽃마을,127.0463679,37.46063371
꽃마을,127.0465823,37.46043058
개나리골입구,127.0476272,37.45744118
개나리골입구,127.0480329,37.45728353
새원마을,127.0507076,37.45429143
새원마을,127.0507925,37.45447612
본마을,127.051185,37.45326305
본마을,127.0513419,37.45345509
청계산.원터골,127.0577012,37.4444526
청계산.원터골,127.0576688,37.44489506
관현사입구,127.0632388,37.43732107
관현사입구,127.0637037,37.43715423
새쟁이마을,127.0661788,37.43451289
새쟁이마을,127.0660516,37.43479642
옛골,127.0704381,37.43094691
염곡마을.서초50플러스센터,127.0488128,37.46159005
염곡마을.서초50플러스센터,127.0491561,37.46200197
탑성마을,127.056618,37.45837672
탑성마을,127.0548669,37.45947227
안골마을,127.0623889,37.4562836
서울특별시어린이병원.강동송파과학화예비군훈련장,127.0702107,37.45664624
서울특별시어린이병원.강동송파과학화예비군훈련장,127.0718263,37.45758665
헌인릉.강남서초과학화예비군훈련장,127.079544,37.459744
헌인릉.강남서초과학화예비군훈련장,127.082683,37.4611155
헌인농장,127.0847576,37.46142131
헌인마을.서울농업기술센터,127.0914525,37.46364025
헌인마을.서울농업기술센터,127.089591,37.46334342
서초소방서,126.992552,37.49835057
강남역8번출구,127.0268505,37.49750099
방배동래미안타워.동덕여중고,126.9905513,37.47471833
옛골,127.0708457,37.43051994
헌인가구단지,127.086699,37.459688
내방역8번출구,126.9946949,37.4881287
교대역5번출구,127.014737,37.49379959
서초힐스아파트,127.0168336,37.4577875
강남역하나은행,127.027797,37.49695831
사당역1번출구,126.982701,37.47617453
남부시장,126.9858169,37.49507652
강남의림한방병원,126.9834174,37.49080971
염곡동구룡사,127.047211,37.468475
국제전자센터,127.017723,37.485159
염곡동구룡사,127.0471332,37.46832811
형촌마을입구(서초네이처힐1.2단지),127.0214455,37.46368854
국제전자센터,127.017758,37.48543513
도로교통공단서울지부.코트라,127.0443893,37.46624087
서초역3번출구,127.007736,37.49112563
서초구민체육센터,126.9903056,37.49838118
반포대교남단.한강시민공원입구,126.9994684,37.5078106
반포대교남단.한강시민공원입구,127.0003902,37.50694399
헌인마을,127.0901409,37.46153988
하이브랜드,127.036788,37.46209117
이수역5번출구,126.9842073,37.48548936
방배초등학교,126.9863829,37.4856848
방배고개,126.9901828,37.48649463
방배역,126.9984233,37.48144598
내방역3번출구,126.9939999,37.48677625
방일초교,126.9949487,37.48595208
내방역,126.9927493,37.48753323
방배고개,126.9888062,37.48638864
이수역,126.9846453,37.48586559
방배역,126.99842,37.48144488
방배역,126.9972384,37.48232334
동작대교전망카페,126.9802792,37.50576281
동작대교전망카페,126.9808128,37.50585837
서초포레스타입구,127.0601573,37.45675314
삼성래미안아파트,127.0184931,37.49496599
청계산입구역,127.0544463,37.44845082
청계산입구역,127.0536842,37.44947608
서초포레스타7단지,127.055573,37.44757181
반포한강공원.세빛섬,126.9972656,37.51266699
반포한강공원.세빛섬,126.9977548,37.51224803
신논현역.주류성빌딩,127.0257864,37.50105879
신논현역.BSX빌딩,127.0256745,37.50128318
신논현역.유화빌딩,127.025549,37.50153192
신논현역.금강빌딩,127.0255227,37.50173116
신논현역.우신빌딩,127.0253196,37.50199513
신논현역.인터파크,127.0252427,37.50217176
신논현역.씨티은행,127.0249636,37.50276835
내방역1번출구,126.9953443,37.48798387
매헌시민의숲,127.0389144,37.4730822
동덕여중고,126.9924723,37.4741688
유경약국,126.9862028,37.49366544
남부터미널,127.0155438,37.48468392
동부센트레빌2,126.9880579,37.49803239
헌인마을.서울농업기술센터,127.0896109,37.4633817
잔디마을,127.0352321,37.46352711
방일초등학교,126.9950042,37.48522189
네이처힐5단지,127.0238955,37.46331189
대법원앞,127.0065302,37.4916689
교육개발원입구사거리,127.0386623,37.47956304
방배래미안타워,126.9908068,37.47463365
이수중앙시장,126.9889557,37.49211403
국제전자센터,127.0176222,37.48508282
방배신삼호아파트,126.9916918,37.4979489
헌인릉.꽃시장,127.08362,37.461503
더케이호텔후문,127.0343342,37.465335
방배1동주민센터.방배아크로타워,126.9962576,37.48349012
삼성레포츠,127.0208164,37.49220643
원불교,127.0424409,37.48333107
양재역7번출구.프라자약국,127.035159,37.48372183
서울교통공사사당별관,126.986388,37.47627774
방배초등학교,126.986364,37.48573516
함지박사거리,126.9912671,37.49302884
서일초등학교,127.0209866,37.48611313
이수화학,126.9933543,37.4980301
예비군훈련장,127.0807711,37.45554347
더케이호텔정문,127.0341151,37.46830151
방배역1번출구,126.9984656,37.48140941
대림약국,127.0208116,37.49044598
반포래미안아이파크아파트,127.0121586,37.50096275
방배고개,126.9894179,37.48621184
함지박사거리,126.9905853,37.49226556
서래초교,126.9889993,37.49529673
방배성당앞,126.9936239,37.49363634
현대아파트.한국상담대학원대학교,127.0235052,37.48689031
한국회관.ROTC중앙회,126.995407,37.49870423
신흥마을입구,127.0816843,37.45861021
예술공원,127.0325353,37.46998883
사당역13번출구,126.9826432,37.47711201
서초구립반포도서관.반포리체,127.012497,37.50262075
서초문화예술정보학교후문,127.0291942,37.48671423
장자터빌딩,126.9903544,37.48510626
동부센트레빌1,126.9874959,37.49765297
필리핀대사관,126.9958665,37.49394912
서초그랑자이아파트,127.0263472,37.48774486
삼성래미안,126.9954197,37.50269506
kt연구소,127.0309239,37.47170857
상문고등학교,127.0046089,37.48214554
반포리체,127.0140047,37.50238449
백산빌딩,126.9910358,37.47913739
방배브라운가아파트,126.9909866,37.48410879
방배열린문화센터.가야치과병원,126.992378,37.48935782
방배중학교,126.9981113,37.49538734
반포래미안,127.000397,37.50458401
우성아파트,127.0328539,37.47466278
삼환아파트,127.0056276,37.4800297
반포래미안아이파크아파트후문,127.0145622,37.50209787
반포고교,127.0158855,37.50170302
서초문화예술정보학교,127.032166,37.48806292
교총회관,127.0277463,37.46682408
대우효령아파트,126.9935074,37.47993864
동문빌라,126.9918255,37.48298083
효성빌라,126.998332,37.49667191
서초포레스타3단지정문,127.0593385,37.45542821
호남고속터미널,127.0032236,37.50543641
서초포레스타3단지정문,127.0595498,37.45532628
현대빌라,127.0360925,37.47630362
방배빌딩.방배아트힐아파트정문,127.0064743,37.47828061
반포고교,127.016141,37.50128577
반포리체,127.014206,37.50252414
언남초등학교,127.0614219,37.45430797
서초2동주민센터,127.025341,37.49171354
삽준네마을,127.0268099,37.46926938
방배역.백석대,126.9967265,37.48097865
이수중학교,126.9924466,37.48185613
서래마을.서래글로벌빌리지센터,126.9984381,37.49789692
언남초등학교,127.0616323,37.4545735
경부고속터미널,127.0068478,37.50653379
서초더샵포레,127.0643011,37.45449898
반포센트럴푸르지오써밋아파트,127.0169971,37.50092161
서초더샵포레,127.0636983,37.45471003
양재시민의숲매헌역입구,127.037519,37.46916943
대우효령아파트,126.9942333,37.48015765
서래마을입구,126.9984336,37.49918099
강남역9번출구,127.0265475,37.49772724
반포자이아파트,127.0093837,37.5061939
임광아파트후문,127.0030268,37.47581892
방현초교,126.9887116,37.47583331
세탁소,126.9874848,37.48254866
현대4차아파트,127.0179935,37.50057003
반포자이아파트,127.0101482,37.50563336
서초1동주민센터,127.0184669,37.48959452
매헌시민의숲,127.038544,37.47296686
서래마을입구,126.9984709,37.49990367
팔래스호텔,127.000069,37.50054166
반포미도아파트앞,127.0116068,37.50184319
여의3교,127.0557999,37.45253404
임광아파트정문,127.0010131,37.47656687
대성유니드아파트,126.986917,37.48348665
서초래미안아파트정문,127.0187319,37.50028517
뉴코아백화점,127.0080753,37.50930911
서울교대정문,127.0163713,37.48895774
일동제약,127.0376175,37.47735116
롯데캐슬클래식.사랑의교회,127.0229573,37.49973745
반포래미안아이파크아파트,127.0120275,37.50035183
언남중고교,127.0457968,37.47187946
방배3동주민센터,126.9998163,37.47844903
우리수퍼,126.9861977,37.48467062
서초래미안아파트남문,127.0204175,37.4974383
경원중학교,127.0095535,37.51187332
청호나이스,127.0130611,37.48795883
구름다리,126.9921362,37.4799007
서울지방조달청.서울성모병원,127.0039609,37.49952354
아크로비스타.미도아파트,127.0124974,37.49804585
방배(백석예술대)역,126.9980947,37.48097868
잠원역,127.0117465,37.51292942
주택단지,126.9891702,37.47868038
국립중앙도서관,127.0044199,37.49792207
반포1동성당,127.0207028,37.50411683
여의3교,127.0558843,37.45228241
방배(백석예술대)역.서초프라자약국,126.9973009,37.4822348
동덕여고,126.9929347,37.47453557
이수역4번출구,126.9828786,37.4855776
신사역,127.0195855,37.51534138
유원아파트,127.0178667,37.49550958
서초역2번출구,127.0081469,37.49129877
국립국악원,127.0087097,37.47817053
종로교회,126.9881108,37.47811168
서초푸르지오써밋,127.0216821,37.50196612
원불교,127.0419263,37.48099108
일동제약,127.0370543,37.47718824
방일초등학교,126.9949736,37.48584365
논현역,127.021493,37.51028967
매일상가,127.013197,37.513269
청계산입구역,127.0553028,37.44895725
예술의전당,127.0135449,37.48058323
서울교통공사,126.9868536,37.47744653
경원중학교,127.0068991,37.51149706
대법원,127.0064913,37.49160705
롯데캐슬클래식,127.02263,37.500022
청계산입구역,127.0550119,37.44913083
내방역,126.9943312,37.48684926
강남역도시에빛,127.0288628,37.49482982
KT삼거리,127.03021,37.472187
KT연구개발센터정문,127.0300163,37.47043524
형촌마을입구,127.022193,37.46232848
서초호반써밋,127.0146668,37.45764166
LH서초아파트,127.0256209,37.46004311
서리풀문화광장,127.0054983,37.49100221
서초포레스타5단지정문,127.058458,37.45176464
한남대교남단(가상),127.0114642,37.51981454
서초호반써밋,127.0151306,37.45634492
서초포레스타3단지후문,127.059588,37.453804
서초힐스아파트,127.0195786,37.45646274
LH3.4단지,127.0229573,37.45795457
교보사거리,127.0235528,37.50605355
서초IC(가상),127.0260796,37.48231936
서초IC(가상),127.0266045,37.48235909
강남역서초현대타워앞,127.0280085,37.49646881
강남역우리은행,127.0283766,37.49562094
강남역티월드,127.0288669,37.49469744
LH5단지,127.024081,37.45950105
LH3.4단지,127.0227162,37.45798656
서초힐스아파트,127.01736,37.456142
성촌마을입구,127.0246983,37.46429708
2호선교대역7번출구,127.0145663,37.49407986
교대역,127.0143808,37.49403212
서초경찰서,127.005994,37.49568276
원불교,127.0420565,37.48341411
남부터미널.기쁨병원,127.0178114,37.48183701
이수교(방배본동),126.9833037,37.4969375
사당역,126.9820773,37.47886604
서울교통공사,126.9861169,37.47662142
임광아파트,127.0009712,37.47673989
방배동래미안아파트,126.9852744,37.47571171
삼성전자서울R&D,127.0233096,37.46584698
사당역13번출구,126.983118,37.47708201
KT연구개발센터,127.030494,37.47063109
네이처힐.LH서초아파트,127.0241545,37.4604669
서초호반써밋,127.015374,37.45642792
도심공항터미널(가상),127.0590298,37.50869367
강남고속버스터미널,127.0039283,37.50606806
내방역제일병원,126.995316,37.48802441
대우효령아파트,126.993244,37.4801666
한신2차후문,127.0052284,37.51216234
방배역,126.9964065,37.4811877
서울고교,127.0054039,37.4827141
서울고교,127.0049918,37.48300353
서초아트자이아파트,127.0111869,37.48515569
서울교육대앞,127.0145108,37.48784332
남부터미널,127.0143056,37.48474445
신사동.더리버사이드호텔,127.0186555,37.51779298
반포미도아파트앞,127.011657,37.50182961
삼풍아파트,127.0128918,37.49633101
교대역,127.0157244,37.49408331
프로비스타호텔.서초동유원아파트,127.0199874,37.49543135
서초아르누보호텔.유원아파트,127.0197747,37.49570739
삼풍아파트,127.0130953,37.49713972
반포래미안아이파크아파트,127.0120987,37.50145746
서초고후문,127.0044805,37.48911464
우성아파트,127.0318142,37.47453879
내방역1번출구,126.9945811,37.48779237
내방역8번출구,126.9951096,37.48833075
교보타워앞,127.0248806,37.50327662
잠원역,127.0114648,37.51300424
동원산업,127.0454402,37.47659509
서울시인재개발원,127.021689,37.4826059
한신2차정문,127.0030849,37.50865075
미켈란아파트,127.0040325,37.48620323
롯데칠성,127.024805,37.49540277
kt연구소,127.0306514,37.47170504
오거리,126.9969386,37.48848848
사당역,126.9827574,37.47659626
강남역.서초초교앞,127.0264997,37.49982698
사당역14번출구,126.9829132,37.47666333
경원중학교,127.0092996,37.51197087
외교안보연구원.서초구청,127.0305444,37.4837943
호남고속.신세계,127.0032972,37.5058392
서울고사거리,127.0041759,37.48305387
문화예술공원,127.0321148,37.47014303
강남역.삼성전자,127.0278698,37.49705156
반포종합운동장,126.9965027,37.50051016
반포종합운동장,126.9962737,37.49947625
언남중고교,127.0456986,37.47198673
서초구청,127.0324035,37.48406144
경남상가,126.9998269,37.50469034
제약회관,127.0017934,37.48232854
진흥아파트,127.0226916,37.4965521
더케이호텔정문,127.0343726,37.46772923
황실자이아파트,126.9986375,37.48927464
우성아파트사거리,127.0294489,37.49370619
서초역4번출구,127.006826,37.49138445
매헌초교,127.0422087,37.47046876
반포2동주민센터,126.9970536,37.50385318
방배(백석예술대)역2번출구,126.9980582,37.48072407
서초그랑자이후문,127.0275421,37.48978276
유원아파트,127.0194333,37.49565219
더케이호텔후문,127.0341879,37.46599384
오거리,126.9968,37.4888151
현대렉시온오피스텔.파이낸셜뉴스,127.0307256,37.49100059
서초역3번출구,127.0077861,37.49108433
양재근린공원,127.0415088,37.47240909
방배유스센터,126.9991554,37.47888542
서초그랑자이정문,127.0260375,37.48800362
강남역10번출구,127.0264406,37.49920958
뱅뱅사거리,127.0303046,37.48923163
언남고,127.0433501,37.47359429
남부터미널.기쁨병원,127.0169521,37.48197951
방배그랑자이아파트,127.0004098,37.47719213
풍림아이원,127.0238377,37.48724798
하이브랜드.코스트코.이마트,127.0361834,37.462368
서초유스센터,127.0101626,37.48617223
예술의전당,127.0140414,37.48111032
교대역6번출구,127.0137374,37.49417187
신중초등학교,127.0106965,37.47964638
동덕여고,126.9929415,37.47403997
국제전자센터,127.0179152,37.48545132
양재역9번출구,127.0355509,37.48266382
국립국악원,127.0073811,37.47794354
래미안아파트.파이낸셜뉴스,127.029934,37.492482
삼호아파트,126.9873512,37.49733396
성지마을입구,126.9924125,37.47386612
남부터미널.한일시멘트,127.014396,37.48475525
양재역엘타워빌딩,127.03563,37.48256107
서초1동사무소,127.0196817,37.49035575
양재시민의숲매헌역입구,127.037375,37.46929562
방배빌딩,127.0067665,37.4782799
서래초등학교,126.9883727,37.49573641
복지관,127.0165819,37.49167896
삼환아파트,127.0058933,37.48001076
양재역커피빈앞,127.0353406,37.48283689
교육개발원입구사거리,127.0394643,37.47821021
서초고후문,127.0047485,37.4893769
상문고등학교.수표교교회,127.0050035,37.48185626
빛교회.이수중앙시장,126.9890269,37.49229336
현대캐피탈,127.0410922,37.47971901
본마을노인복지센터,127.0529607,37.45442445
본마을노인복지센터,127.0530385,37.45453943
방배열린문화센터.가야치과병원,126.9928643,37.4891551
카페골목입구,126.9873182,37.49161375
원불교,127.0426751,37.48143055
방배열린문화센터(방배4동주민센터),126.9921144,37.49039408
노인정,126.9872326,37.48939252
뉴코아백화점,127.0080547,37.50728253
함지박사거리,126.99136,37.491597
청호나이스,127.0129084,37.48771645
코오롱아파트,127.028118,37.47231031
이수역2번출구,126.9824232,37.48720778
HCN서초방송,127.0120493,37.4822973
서초포레스타3단지후문,127.0595221,37.45388374
서울교대,127.0162208,37.48872528
유경약국,126.9863781,37.49363392
서초1동주민센터,127.0192223,37.48963675
삽준네마을,127.0267443,37.4691973
남부시장,126.9858858,37.49539012
교총회관,127.0275612,37.46695607
롯데캐슬헤론아파트,126.9853505,37.49733013
서래마을입구,126.9983461,37.49921725
서래마을.서래글로벌빌리지센터,126.9982345,37.49792485
서초문화예술정보학교후문,127.0289839,37.48668184
송동마을.서초힐스아파트,127.0178478,37.4589669
효성빌라,126.9981271,37.49628664
방배중학교,126.9974475,37.49494038
필리핀대사관,126.9957647,37.49406896
서초고후문,127.004662,37.48892218
방배4동성당,126.9935357,37.49374627
함지박사거리,126.9911416,37.49312435
구룡사입구,127.0502298,37.47205245
서문여고,126.985021,37.48745367
카페골목입구,126.9873115,37.49147048
반포종합운동장,126.9966723,37.50021733
서울교통공사,126.9873539,37.47747629
서초구청맞은편,127.0306011,37.48418897
방배(백석예술대)역.3번출구,126.9964879,37.48121113
서초롯데캐슬프레지던트아파트,127.0196986,37.49613736
대검찰청.서초경찰서,127.0062447,37.49451364
불교TV.서초어린이집,127.0002024,37.47450064
구룡사거리,127.0481442,37.47399432
서이초등학교,127.0268381,37.49116354
서울고사거리,127.0043331,37.48321696
반포대교(가상),126.9974278,37.50901913
사당역12번출구,126.9819883,37.47783426
삼성래미안.이수역방향,127.0019509,37.50380112
더미켈란아파트,127.0041602,37.48555804
서울성모병원.서울지방조달청,127.0041237,37.50034966
아크로비스타,127.0128254,37.49802148
서초성당,127.0212844,37.49319662
강남역나라빌딩앞,127.028331,37.49581459
반포대교(가상),126.9974953,37.5099152
양재역신한은행앞,127.0352378,37.48290901
신사중학교,127.0204991,37.52292774
신사중학교,127.0215476,37.52386002
광림교회.현대고등학교,127.0252664,37.52538681
광림교회.현대고등학교,127.0244393,37.52527795
압구정역4번출구,127.0281888,37.52573496
국민은행압구정종합금융센터,127.0281189,37.52309828
신사동고개,127.0257542,37.51889691
신사역8번출구.가로수길,127.0221753,37.51743974
신사역6번출구,127.019435,37.517422
신사역3번출구,127.0200788,37.51522892
신사역1번출구,127.0217344,37.51685743
신사동고개,127.0260153,37.51855451
강남을지병원,127.0286299,37.51822049
학동역,127.0301679,37.51478423
학동역6번출구,127.0296321,37.51378055
영동시장,127.0234689,37.51185086
영동시장.논현역1번출구,127.0224536,37.51133678
학동역5번출구,127.0301493,37.51357315
논현동고개,127.0323028,37.51025653
삼정호텔,127.0316905,37.50678565
신논현역3번출구,127.0258484,37.50507548
신논현역3번출구.교보타워사거리,127.0241456,37.5057773
영동시장.논현역3번출구,127.0223963,37.50934621
언북중학교입구,127.0308206,37.52029789
제일은행.호림아트센터앞,127.0349369,37.52157901
영동119안전센터,127.0381007,37.52255572
강남구청역,127.0406269,37.51856041
강남구청역,127.039941,37.51695806
세관앞,127.0360666,37.51575936
서울세관,127.0356283,37.51702735
서울세관,127.0351677,37.51732448
학동역,127.030375,37.51515813
강남을지병원,127.0287813,37.51856649
세관앞,127.0364196,37.51560093
강남구청역,127.0401699,37.51677102
한국토지주택공사앞,127.0426621,37.51319091
선정릉역1번출구.시니어플라자,127.0431015,37.51023545
아크로힐스논현,127.0396749,37.50922287
논현아이파크,127.0364373,37.51122205
임피리얼팰리스호텔.펜트힐루논현,127.035601,37.51432856
펜트힐루논현.임피리얼팰리스호텔,127.0351526,37.51354654
논현아이파크,127.0359198,37.51114337
국민은행논현동지점,127.0373832,37.5085728
언주역4번출구.차병원사거리,127.0351434,37.50783691
언주역3번출구,127.0335056,37.50847832
논현고개,127.0321076,37.51144604
서울세관사거리,127.0346068,37.51531541
현대아파트,127.0305807,37.52843848
현대아파트,127.0311226,37.52829867
고속철도수서역,127.1043917,37.48487216
신사동교회,127.030625,37.52069983
도산공원.호림아트센터앞,127.0333295,37.52211382
신구중학교,127.0332343,37.52673198
압구정중고등학교.현대아파트,127.033683,37.52975875
도산공원사거리,127.0345958,37.52203014
압구정파출소,127.0362763,37.52911151
압구정파출소,127.0360581,37.52874691
한양아파트.압구정로데오역,127.039579,37.52827
한양아파트.압구정로데오역,127.0392574,37.5279295
일지아트홀,127.0395012,37.52491181
씨네시티앞,127.0375997,37.52289704
도산공원,127.0335301,37.52281302
신구중학교,127.0335404,37.52564607
성수대교남단.현대아파트,127.0341409,37.52991981
청담초등학교,127.0451221,37.52680283
청담동주민센터,127.0493318,37.52461528
청담동주민센터,127.051351,37.52451982
영동교입구.청담자이아파트,127.0560023,37.52278378
영동교입구,127.0554558,37.52228122
청담역.경기고교,127.0561675,37.52098119
우리은행청담지점.청담삼익아파트,127.0568972,37.5210777
청담역.경기고교,127.0561103,37.52002841
진흥아파트,127.0520899,37.5192911
청담동성당,127.0495735,37.5204992
청담2치안센터,127.0482136,37.52302548
강남구청.강남세무서,127.0472972,37.51843073
청담동래미안아파트,127.042905,37.5176598
강남구청역,127.0409429,37.51851194
프라마호텔,127.051344,37.524927
농협앞,127.0443867,37.5240778
일지아트홀.압구정노인복지관,127.0396346,37.52431596
청담초등학교앞,127.0450857,37.52646133
청담2치안센터,127.0477909,37.52293516
청담동성당,127.0492045,37.52025832
차병원차움,127.0441711,37.52366667
진흥아파트청담역,127.0521306,37.51904588
청담역.경기고교,127.056458,37.51981876
청담역.경기고교,127.0578574,37.51930901
봉은사.삼성1파출소앞,127.0594354,37.51496776
봉은사.코엑스북문,127.058829,37.51417056
봉은사.코엑스북문,127.057639,37.51354672
봉은사역3번출구.삼성1파출소,127.0601629,37.51510797
봉은사역5번출구.광동한방병원,127.0622,37.51445716
노블발렌티웨딩홀,127.0647589,37.5148307
서울의료원강남분원,127.065604,37.512568
강남경찰서면허시험장,127.0659088,37.50989832
삼성역7번출구,127.062663,37.51045
무역센터,127.0610583,37.51202794
무역센터,127.0619901,37.51030138
강남구보건소,127.0417754,37.51547752
한국무역센터.삼성역,127.0617006,37.50866701
포스코사거리,127.056318,37.50782266
한별구립어린이집,127.0549014,37.51041039
센트럴아이파크.강남구도시관리공단,127.0520467,37.51577954
삼성동서광아파트,127.0424518,37.51732334
강남구청.강남세무서,127.0476647,37.51824137
청담역7번출구,127.0506188,37.51763565
센트럴아이파크.강남구도시관리공단,127.0518696,37.5153174
한별구립어린이집,127.0546027,37.5102276
삼성중앙역.플래티넘아파트,127.0515287,37.51266376
삼성중앙역.플래티넘아파트,127.0518271,37.51237798
삼성2문화센터,127.0461375,37.51109176
삼성2문화센터,127.0465129,37.51081047
선릉역8번출구.선정릉,127.0483328,37.50620143
선정릉역.무형문화재전수회관,127.0442024,37.5096985
한국토지주택공사앞,127.0432055,37.51263643
포스코건너편,127.0554269,37.50668319
선릉역,127.050205,37.505143
도곡역2번출구.동부센트레빌,127.0565229,37.49158559
중대부고,127.0550937,37.49188724
단대부고.대치아이파크아파트,127.0537771,37.49467496
한티역3번출구.서울강남고용노동지청,127.0541425,37.49644636
삼성아파트입구,127.0595601,37.4981982
농협대치지점,127.0611545,37.49793697
대치SK.VIEW아파트.서울교회,127.0620557,37.49626135
대치역1번출구,127.0614984,37.4938593
래미안대치팰리스,127.0585796,37.49255959
도곡역3번출구,127.0565475,37.49118189
대치동우성아파트,127.059611,37.49257709
대치역8번출구,127.0622309,37.49386241
대치역7번출구.선경아파트,127.06408,37.492458
그랑프리백화점,127.0557033,37.49025786
은마아파트,127.0628615,37.49559591
은마파출소,127.0615234,37.49809897
은마아파트,127.0631318,37.49948196
대치동은마아파트,127.068455,37.49890235
은마아파트,127.0669738,37.49576666
대치동미도아파트,127.0677076,37.49560494
대치역6번출구.강남구민회관,127.064278,37.492785
쌍용아파트,127.0693335,37.49808418
선릉역,127.051217,37.505447
삼성역,127.0643204,37.50743269
강남경찰서.강남운전면허시험장,127.0670285,37.50979858
삼성역,127.0636868,37.50712895
휘문고.대치2동주민센터,127.0656234,37.50353402
래미안하이스턴.대치순복음교회,127.0638661,37.49994499
대치현대아파트,127.0600626,37.50082381
휘문중고등학교,127.0618981,37.50396586
휘문중고등학교,127.0614966,37.5040742
대치사거리,127.0585776,37.50366047
한국무역센터.삼성역,127.0605489,37.50784014
한티역,127.0521475,37.4981161
도성초등학교,127.0512136,37.50012236
도성초교사거리,127.0519568,37.50082089
영동농협풍림아이원아파트,127.0563511,37.50219797
영동농협풍림아이원아파트,127.0568832,37.50261838
도성초교사거리,127.0516119,37.50088186
진선여자중고등학교,127.0499655,37.5027442
선릉역,127.0504623,37.5047612
포스코빌딩,127.0548888,37.50604938
대치사거리,127.058203,37.503497
대치동현대아파트,127.0591749,37.50164601
은마아파트입구사거리,127.0600675,37.49872738
도곡초등학교,127.0566485,37.49768961
한티역2번출구.서울강남고용노동지청,127.053929,37.49677356
신논현역4번출구,127.025813,37.504682
삼정호텔앞,127.0311108,37.50624203
차병원,127.0344861,37.50553234
차병원,127.034549,37.50635719
언주역5번출구.차병원사거리,127.0353225,37.50755772
시티프라디움더강남.라움아트센터,127.0389267,37.50786276
라움아트센터.시티프라디움더강남,127.0396489,37.50774496
아크로힐스논현,127.040648,37.50910775
선정릉역4번출구.시니어플라자,127.042892,37.50984134
선정릉역.무형문화재전수회관,127.0440935,37.50923357
선릉역,127.048176,37.50588439
서울상록회관.한국기술센터,127.044057,37.503232
KT강남지사,127.0419791,37.50475497
KT강남지사,127.0414645,37.50475785
아가방빌딩.하나은행,127.0387713,37.50164082
역삼역7번출구.GS타워,127.0367662,37.5015046
역삼역6번출구,127.0363873,37.50154076
역삼역4번출구,127.0347357,37.50042852
강남역12번출구,127.0295583,37.49881037
강남역11번출구,127.027257,37.499338
신논현역6번출구,127.0257902,37.50235998
강남역1번출구.역삼세무서,127.0290968,37.49829745
역삼역.포스코타워역삼,127.0335959,37.49948955
영동중앙교회,127.0379751,37.49815395
강남구보건소,127.0421515,37.51533323
역삼럭키아파트.역삼월드메르디앙아파트,127.0387195,37.49183877
역삼초등학교,127.0341844,37.49421849
역삼초등학교,127.0341054,37.49433084
뱅뱅사거리.역삼동,127.0335981,37.49026251
역삼초등학교,127.030653,37.49219527
역삼2동주민센터.대림역삼아파트,127.0459927,37.49624526
래미안그레이튼아파트,127.0457084,37.49604364
역삼자이아파트,127.0443197,37.49981037
역삼동성당.역삼자이아파트,127.0437951,37.49987934
역삼동개나리아파트,127.0475962,37.49937887
역삼동개나리아파트,127.0473485,37.49945085
총지사,127.0404502,37.49632261
총지사,127.0408425,37.4966905
영동중앙교회,127.0385755,37.49771852
대한사회복지회,127.038818,37.501137
한국자산신탁.센터필드,127.044247,37.502783
진선여자중고등학교,127.0498725,37.50226486
역삼e-편한세상아파트,127.0512978,37.49925456
한티역,127.0522475,37.49720234
한티역7번출구,127.0514785,37.49600522
역삼중학교.강남세브란스병원,127.0476983,37.49471181
도곡1차아이파크.역삼청소년수련관,127.0417859,37.49280822
총지사,127.0398633,37.49494269
도곡1동주민센터.역삼럭키아파트,127.0390292,37.49158005
도곡1차아이파크.도곡중학교,127.0424021,37.49263498
매봉삼성아파트SK리더스뷰,127.0489607,37.48814495
매봉역양재최의원,127.0445617,37.48616426
양재역말죽거리.강남베드로병원,127.0379686,37.48525104
뱅뱅사거리.구영동중학교,127.0328076,37.48772432
고속철도수서역,127.1037383,37.48450107
뱅뱅사거리뱅뱅프라자,127.0328764,37.48974728
원불교앞,127.0423551,37.48355818
매봉역,127.0448542,37.48591664
도곡개포한신아파트,127.0493284,37.48803731
개포한신.우성4차아파트,127.050373,37.48708516
우성캐릭터빌아파트,127.0508009,37.48700968
군인공제회관,127.052025,37.48921139
선정릉역라마다서울호텔,127.0453355,37.51054997
숙명여고,127.0523675,37.48972707
도곡렉슬아파트.강남세브란스병원,127.0481867,37.49443678
한티역6번출구,127.05194,37.495722
도곡렉슬아파트정문,127.0534356,37.49475081
중대부고앞,127.054525,37.492538
구룡중학교앞,127.057243,37.485803
개포고등학교앞,127.059951,37.483066
개포1단지,127.062072,37.481319
개포파크빌리지,127.057772,37.477328
구룡초교사거리,127.0542007,37.48090349
현대아파트경남아파트,127.0531174,37.48287456
현대1차.우성3차아파트,127.056549,37.482973
개일초등학교앞,127.057212,37.48617316
개포고등학교,127.058944,37.484213
개포1단지연금매장,127.0609694,37.48250136
래미안블레스티지아파트,127.0632175,37.48065206
개포도서관,127.0638959,37.4836959
수도전기공고후문,127.065624,37.48478206
수도전기공고후문,127.065984,37.485273
디에이치아너힐즈,127.0682003,37.48450003
개포자이프레지던스,127.0692109,37.48380855
경기여고,127.067244,37.48653
개포동역7번출구.개포시장,127.0661615,37.4886502
개포주공5단지경기여고,127.0674712,37.48670758
개포동역6번출구.개포시장,127.0665798,37.4885441
개포시장.개포5단지상가,127.0680733,37.48952309
개포시장.개포5단지상가,127.0684494,37.48931301
양전초등학교,127.070593,37.490243
개포6단지앞,127.0704171,37.48996546
디에이치자이개포아파트,127.075569,37.49230038
개원중학교.대모산입구역2번출구,127.072156,37.492262
개포주공7단지앞,127.0738086,37.48915924
일원초등학교,127.0746897,37.48833877
현대아파트,127.0528285,37.48226538
개포래미안포레스트,127.0546103,37.47994114
능인선원앞,127.0523679,37.47255272
구룡산입구,127.0617735,37.47729987
능인선원앞,127.0523277,37.47206098
구룡사입구,127.0507511,37.47192069
국악고교사거리,127.048045,37.47452692
삼호물산,127.0452517,37.47724305
구룡초등학교,127.0530683,37.48075394
광수빌딩,127.0493324,37.47906075
국민은행그린공원,127.0468255,37.47876982
포이사거리삼호물산,127.0451417,37.47843796
포이사거리삼호물산,127.0451927,37.4782848
국민은행그린공원,127.0472426,37.4785642
광수빌딩,127.049378,37.47890499
개포지구대,127.0512017,37.47942401
구룡초등학교,127.0529065,37.48046896
수서삼성아파트앞,127.0909893,37.4843994
일원본동주민센터,127.0847498,37.48348852
푸른마을아파트앞,127.0805834,37.48291292
상록수아파트앞,127.0821222,37.48280463
일원본동주민센터,127.0859754,37.4833831
수서119.안전센터앞,127.0938503,37.48424129
삼성서울병원정문,127.0829903,37.48654451
삼성서울병원정문건너편,127.0824492,37.48702518
일원역,127.0833077,37.48491143
삼성서울병원후문,127.0875201,37.49019972
글래드라이브강남호텔,127.068697,37.48373
을지병원포포인츠강남&호텔선샤인,127.0288548,37.5201297
삼성서울병원사거리,127.0824473,37.48911749
강남한양수자인아파트,127.1133506,37.47815743
강남한양수자인아파트,127.113478,37.477818
대치아파트.대모산입구역3번출구,127.0724873,37.492414
삼성서초역삼세무서,127.0297942,37.49841237
대청역,127.0786043,37.49323997
마루공원,127.083313,37.49482026
대청초등학교,127.0865721,37.49387062
서울일원동우체국,127.0876266,37.49199699
수서역현대벤쳐빌,127.1021201,37.48768078
수서역,127.1007453,37.48830768
수서역KT수서지점,127.0998655,37.48854768
수서역1번출구,127.1007358,37.48718852
세곡동주민센터,127.1080982,37.46963952
궁마을,127.0973286,37.4854278
궁마을,127.0976066,37.4852808
수서역,127.1020426,37.48679111
수서역5번출구,127.1025969,37.48686027
수서역.로즈데일빌딩,127.1028677,37.48739844
세곡동주민센터,127.107674,37.46946196
은곡마을.LH이편한세상,127.1025352,37.4653477
강남신동아파밀리에1단지,127.0999208,37.46543393
대왕초등학교,127.1068385,37.46467083
세곡동사거리,127.1078295,37.46357779
세곡동,127.1095067,37.46461058
광연자동차학원앞,127.116361,37.4656909
삼일자동차학원.강남자동차검사소,127.1211805,37.4679154
삼일자동차학원.강남자동차검사소,127.120768,37.46799872
광연자동차학원앞,127.1188445,37.46702297
세곡동,127.109397,37.4649373
세곡동사거리,127.1085618,37.46579628
방죽마을,127.1073504,37.47238378
래미안포레아파트,127.1067826,37.47454897
쟁골마을,127.1050773,37.48188696
쟁골마을,127.104399,37.48265458
래미안포레아파트,127.1062605,37.47513509
방죽마을,127.1069205,37.47222473
압구정역3번출구,127.028714,37.52600147
국민은행압구정종합금융센터,127.0285131,37.52327289
언주역2번출구.차병원사거리,127.0333617,37.50795302
영동고교앞,127.0398933,37.52150355
개포우성6차아파트,127.0578803,37.47573633
은곡마을진입로,127.098702,37.46575763
대치유수지체육공원,127.068123,37.501358
우성아파트,127.0684146,37.50114363
세곡푸르지오.은곡삼거리,127.0946994,37.46497027
삼성역3번출구,127.0637123,37.50716272
세곡푸르지오.은곡삼거리,127.096478,37.465062
LH수서아파트,127.105708,37.479078
LH수서아파트,127.1053468,37.47860705
세곡2지구3.4단지,127.1100617,37.47692913
수서역6번출구,127.1025265,37.48636158
역삼1동주민센터,127.032341,37.496548
개포우성아파트,127.0578639,37.47656443
래미안강남힐즈,127.0973807,37.47234832
세곡중학교.세명초등학교,127.091798,37.47024797
세곡중학교.세명초등학교,127.0920469,37.47041221
일원동한솔아파트,127.0793139,37.48254453
시립수서청소년수련관,127.089107,37.483863
포스코사거리,127.0557366,37.50807911
대왕초등학교,127.1065571,37.46507054
그랑프리백화점,127.05561,37.48997336
개포중학교,127.063631,37.480019
구룡마을,127.064041,37.478975
개포주공1단지아파트,127.0568368,37.47836686
영희초등학교,127.0804871,37.49119143
못골마을.강남자곡아이파크,127.1017218,37.47326499
못골마을,127.1018882,37.47310235
태화기독교.사회복지관,127.0933528,37.48452821
개포도서관,127.063564,37.483553
강남세곡체육공원,127.112862,37.465565
도곡교회.인바디빌딩,127.0554585,37.47443356
강남세브란스병원,127.0474623,37.49334893
도곡교회.인바디빌딩.건너,127.0559941,37.47427535
래미안강남힐즈,127.0952485,37.47229054
도곡중학교.강남세브란스병원,127.0467216,37.49360204
강남경찰서.강남운전면허시험장,127.0660087,37.5095036
수도공고앞,127.06196,37.48716746
개포4단지5단지,127.068309,37.486365
개포4단지6단지,127.0720735,37.48685148
개포4단지7단지,127.0735756,37.48791825
개포동역1번출구,127.0654139,37.4889678
세곡푸르지오,127.0938351,37.46753884
경남아파트,127.0413201,37.48897598
강남효성해링턴코트,127.0939127,37.46768843
구룡역5번출구,127.0591999,37.48610629
구룡역1번출구,127.0589614,37.48616967
럭키아파트,127.0411233,37.49163715
래미안개포루체하임아파트,127.0814751,37.48930287
수도공고,127.0623425,37.48756284
개포4단지6단지,127.071967,37.48699289
개포4단지5단지,127.0682373,37.48649786
강남역12번출구A,127.0294749,37.49873765
학여울역,127.071451,37.497144
학여울역,127.0713978,37.49667869
도곡한신아파트,127.0411576,37.48687583
현대1차아파트,127.0552713,37.48233056
영동고등학교현대아파트,127.03953,37.52135499
개포4단지7단지,127.0729326,37.48765266
총회회관.휘문고입구,127.0659689,37.50425574
예림당아트홀.신한은행전산센터,127.0442962,37.49822236
새마을운동중앙회,127.0672391,37.50189214
총지사,127.0395899,37.4947101
신한은행데이터센터,127.0436967,37.498146
포스코사거리,127.0575279,37.50731926
우성3차아파트,127.0571827,37.48381873
우성6차아파트,127.0551995,37.47754865
포이초교,127.0526852,37.47522068
국악중고교,127.0506449,37.47565181
풍양빌딩,127.0488174,37.47738927
코원에너지서비스,127.0760972,37.49806976
코원에너지서비스,127.0761621,37.49848963
포스코사거리,127.0579067,37.50703217
국민은행그린공원,127.0479647,37.47878619
삼익아파트앞,127.0417075,37.48989124
래미안포레아파트,127.1072951,37.47565851
디아크리온강남아파트,127.1076847,37.4760979
세곡2지구3.4단지,127.110393,37.476668
도곡한신아파트,127.0414336,37.48654618
강남더샵라르고오피스텔,127.1048166,37.47522745
한남대교전망카페,127.0156822,37.52455246
서울의료원후문,127.0670298,37.51285422
구룡마을,127.0617735,37.4772886
학동역,127.0299919,37.51537523
은곡마을.강남신동아파밀리에,127.102457,37.465026
강남현대힐스테이트에코,127.1049628,37.47501091
대왕초등학교,127.1060868,37.46473368
수서역5번출구.이마트앞,127.1026711,37.48678908
개포4복합문화센터.달터공원,127.0496564,37.47655014
일원역,127.0837488,37.48427409
삼성서울병원정문,127.0831279,37.48622092
국민은행,127.047727,37.4783966
삼성서울병원본관,127.0843626,37.48808713
한아름아파트.사이룩스오피스텔,127.1043696,37.48828832
암센터후문.장례식장,127.0877033,37.48990617
암센터정문,127.0877106,37.48872808
신분당선.강남역4번출구,127.0295651,37.49453959
영동2교,127.0436209,37.48241061
강남서초교육지원청,127.0474431,37.51145259
래미안루체하임.일원동맛의거리,127.0816026,37.4895038
신논현역,127.0259767,37.50195985
영희초등학교,127.0807474,37.49135165
개포동역8번출구,127.064961,37.488672
강남우체국,127.0782615,37.49331773
도성초등학교앞,127.0503203,37.50046426
개포3일원1동통합주민센터,127.0753813,37.49238876
LH이-편한세상,127.1018354,37.46740607
신논현역,127.026582,37.50075725
동영문화센터,127.0448219,37.49801718
도곡2동주민센터대치중학교,127.0454044,37.48425407
도곡2동주민센터대치중학교,127.0453311,37.48448611
대청역,127.0796504,37.49329333
영동2교,127.0436397,37.48277483
강남세브란스병원,127.0460355,37.49410242
삼성역,127.0642837,37.5074665
매봉역입구,127.046452,37.485055
역삼청소년수련관.도곡1차아이파크,127.0427156,37.49310435
ST송은빌딩,127.0440702,37.52405227
삼성역,127.0626214,37.51103137
코엑스도심공항,127.0588874,37.50927357
삼성역그랜드인터컨티넨탈,127.0610138,37.50848985
포스코사거리,127.0551984,37.50662833
역삼역,127.0362793,37.50037399
역삼역,127.0348445,37.50037703
강남역,127.0300922,37.49850371
강남역12번출구,127.0293968,37.49871237
영희초등학교정문,127.0826658,37.49177024
봉은사역코엑스인터컨티넨탈,127.057443,37.51361262
코엑스동문,127.0608776,37.51220759
일원지구대,127.0844467,37.49250248
대청초교삼거리,127.0862704,37.49330698
대청초교삼거리,127.0863915,37.49316699
양재역,127.0384965,37.48499985
도곡동,127.0491445,37.48794924
타워펠리스,127.052025,37.48921139
대치동,127.0616003,37.49357667
학여울역,127.0676293,37.49563668
개포동,127.0737651,37.48885926
학여울역,127.0672657,37.49585931
대치동,127.0613687,37.49388764
타워펠리스,127.052447,37.489825
양재역,127.0388557,37.4854142
신사동,127.0193598,37.51765474
미성아파트,127.0215334,37.52352215
리베라호텔,127.0546317,37.52376922
압구정역,127.0309164,37.52860172
한남대교(가상),127.0109683,37.52885303
한남대교(가상),127.0113976,37.52922088
노블발렌티웨딩홀,127.0648044,37.51513435
양재전화국,127.0407893,37.48564556
대치2동주민센터.래미안하이스턴,127.0667727,37.50198926
봉은사역.삼성래미안아파트,127.0622907,37.51471615
강남구민체육관,127.05387,37.47599952
LPG가스충전소,127.035844,37.490756
수서역,127.0998007,37.48870316
서울일원동우체국,127.087654,37.492279
일원지구대,127.084155,37.49256036
동영문화센터,127.0450699,37.49821633
영희초등학교,127.0824081,37.49181728
삼성서울병원정문건너편,127.0827109,37.48644558
일원역,127.0835865,37.48402825
탄천교(가상),127.0732324,37.50153631
탄천교(가상),127.0727086,37.50131857
강남더드림병원.도성초등학교,127.0507991,37.50101373
대왕파출소,127.1077414,37.46520256
언주역삼정&베스트웨스턴강남,127.0311436,37.50634066
강남신동아파밀리에2단지,127.1017129,37.46460178
한신휴플러스6단지,127.1039562,37.46897554
중동고등학교,127.0800445,37.49288671
역삼아르누보&조선팰리스강남,127.042679,37.50327145
영희초등학교후문,127.0804796,37.49152003
양재역4번출구,127.03684,37.48506487
양재역.종합복지관,127.0361954,37.48471001
양재역5번출구,127.0366159,37.48467026
삼성역7번출구,127.062779,37.510237
삼성역7번출구,127.062713,37.510358
도곡중학교.강남세브란스병원,127.044794,37.493474
역삼2동주민센터.래미안그레이튼아파트,127.0466349,37.49482692
노보텔앰배서더호텔,127.0287672,37.50551134
방죽마을입구,127.1064669,37.47122002
방죽마을입구,127.106377,37.471284
한신휴플러스6단지,127.103892,37.469051
LH이-편한세상,127.1017451,37.46752103
은곡마을,127.0976382,37.46698614
상업지역,127.1009107,37.46698339
강남신동아파밀리에,127.10131,37.46549863
세종고등학교,127.1029015,37.48786397
세곡푸르지오,127.0945266,37.46683775
세곡푸르지오,127.0943739,37.46678381
상업지역,127.0999592,37.46717697
은곡마을,127.0967996,37.46723232
강남스포츠문화센터,127.1050565,37.48857758
삼정호텔,127.0310908,37.50623704
리엔파크3단지,127.1038273,37.46303894
포스코사거리,127.055508,37.50866929
서울요양원.강남구립행복요양병원,127.1034878,37.46070111
LH이편한세상,127.1018279,37.46663251
강남데시앙포레정문,127.0890614,37.48140682
강남데시앙포레상가앞,127.0918529,37.48136201
강남더샵포레스트아파트,127.0944328,37.48212796
강남신동아파밀리에1단지,127.1013912,37.46339528
강남더샵포레스트아파트,127.0942668,37.4820891
강남데시앙포레상가앞,127.0927451,37.48142709
강남데시앙포레정문,127.0895875,37.48184764
수서교회.수서동성당앞,127.0945645,37.48348612
수서교회.수서동성당앞,127.0946662,37.48347027
삼성서울병원사거리,127.0826986,37.48884026
한남대교(가상),127.0160423,37.52311157
한남대교(가상),127.0156592,37.52365009
동호대교(가상),127.0241323,37.53141421
동호대교(가상),127.0238882,37.53171837
성수대교(가상),127.0344578,37.53256766
성수대교(가상),127.0345544,37.53309516
영동대교(가상),127.0551806,37.52596087
영동대교(가상),127.0556204,37.52662455
성수대교남단(가상),127.0308815,37.53362782
강남신동아파밀리에2단지,127.1022597,37.46347104
일원주유소.삼성서울병원후문,127.0876823,37.49065376
리엔파크4단지.강남데시앙파크,127.101875,37.46122735
잠실역.잠실대교남단,127.0985639,37.51553839
잠실역.잠실대교남단,127.0996446,37.51378728
석촌호수.한솔병원,127.1058262,37.50680017
석촌호수.한솔병원,127.105252,37.50710526
석촌역,127.1089443,37.5034083
석촌역,127.1084538,37.50366286
송파역,127.1118384,37.50020848
송파역,127.1112328,37.50059923
가락시장.가락시장역,127.1171609,37.4943822
가락시장.가락시장역,127.1164834,37.49493147
문정로데오거리입구,127.121416,37.48821208
문정로데오거리입구,127.1208233,37.48913982
문정법조단지.건영아파트,127.124748,37.482125
문정법조단지.건영아파트,127.123873,37.48309
장지역.가든파이브,127.1261445,37.47903943
장지역.가든파이브,127.125472,37.479907
잠실역.롯데월드몰,127.1005792,37.51271655
잠실광역환승센터,127.1007211,37.51234296
천호역.풍납시장,127.1225734,37.53704084
풍납1치안센터입구,127.1215873,37.53427804
파크데일아파트2단지앞,127.1584215,37.49794506
파크데일아파트1단지앞,127.1584261,37.4981357
풍납1동동아한가람아파트,127.114441,37.53701747
풍납동신성노바빌,127.115876,37.53814628
풍납동씨티극동아파트,127.1171233,37.53928761
풍납토성.천호역10번출구,127.1219626,37.53893583
영파여고.강동구청역,127.1205105,37.53125404
풍납동극동.쌍용아파트,127.1180236,37.52656325
풍납중학교,127.1149376,37.52463794
풍성중학교.잠실올림픽아이파크,127.113565,37.52481093
울산대학교의과대학,127.1099765,37.52483342
서울아산병원동관,127.1071795,37.52688807
서울아산병원동관,127.1075881,37.52702557
풍납토성서성벽,127.1107357,37.53145507
송파두산위브.송파소방서,127.1416514,37.50012662
송파두산위브.송파소방서,127.1418762,37.50003166
토성초등학교.현대리버빌아파트,127.1145435,37.53007066
풍납동영어체험마을,127.1122258,37.53110678
올림픽대교남단,127.1154307,37.52674423
마천역.송파파크센트럴,127.1513064,37.49424769
잠실파크리오아파트상가.올림픽회관,127.1146492,37.52102392
잠실파크리오아파트앞,127.1099151,37.51960766
잠실나루역,127.1058908,37.51888567
잠실진주아파트,127.1092951,37.51919759
몽촌토성역,127.1130099,37.51837037
신천동진주아파트,127.109278,37.516633
잠실나루역,127.1044328,37.51826521
잠실중학교.장미종합상가,127.10066,37.51715
잠실중학교,127.100445,37.516785
잠실역8번출구,127.1015367,37.51401318
잠실역7번출구,127.0994435,37.51460655
잠실역1번.11번출구,127.1032419,37.51406351
잠실역9번출구,127.1042158,37.5149141
송파구청.방이맛골,127.1072177,37.51399689
잠실역6번출구,127.0988018,37.51439262
잠실역.롯데월드,127.0977631,37.51295092
잠실5단지,127.0939144,37.51221325
잠실리센츠아파트앞,127.0913236,37.51191521
잠실새내역.잠실2동주민센터,127.0872805,37.51177229
잠실엘스아파트앞,127.0833905,37.51187062
종합운동장사거리,127.0796844,37.51205899
잠실종합운동장,127.0720733,37.51111753
잠실트리지움아파트앞,127.091102,37.5115214
잠실역.롯데월드,127.0981962,37.51241161
갤러리아팰리스,127.0929235,37.51131743
잠실트리지움,127.0926278,37.51097795
영동일고레이크팰리스앞,127.0921467,37.50880848
영동일고트리지움APT정문앞,127.091732,37.509037
송파레이크힐아파트,127.1436167,37.48517284
잠실트리지움,127.0902574,37.50768266
잠실119안전센터,127.0947494,37.50700782
잠실종합운동장,127.073172,37.510665
아시아선수촌아파트,127.0784475,37.51041
아주중학교,127.0765948,37.50478092
종합운동장사거리,127.0795555,37.51161284
잠실새내역4번출구,127.0843636,37.51144531
영빌딩앞,127.089623,37.506535
잠실우성4차현대아파트,127.0852076,37.50526245
잠실우성4차현대아파트,127.0853685,37.50495736
잠실근린공원.성현교회,127.081873,37.506274
아시아선수촌아파트삼거리.성현교회,127.080993,37.50619482
아시아선수촌아파트,127.0790367,37.50985695
아주중학교,127.0779321,37.50537039
삼전역,127.0889638,37.50393207
삼전역,127.0897903,37.50395426
송파구민회관구의회,127.0947576,37.50270595
송파구민회관구의회,127.0945601,37.50242754
삼학사길사거리,127.0969945,37.5046916
잠실119안전센터,127.0929453,37.50700385
삼전삼밭나루공원입구,127.0898346,37.50628078
삼전역.잠실현대아파트,127.0874732,37.50342636
삼전동현대APT,127.0874665,37.50043063
삼전동쌍용하이츠빌라,127.0908501,37.49922536
삼전사회복지관,127.0942399,37.49809301
배명중고교,127.0966612,37.50015519
석촌고분역.올림픽병원,127.0983927,37.50267054
석촌고분역.올림픽병원,127.0986428,37.50242871
석촌역.잠실한솔아파트,127.1052846,37.50451546
석촌역.잠실한솔아파트,127.1056432,37.50439361
송파레이크파크호반써밋2차정문,127.1424816,37.48503144
삼학사길사거리,127.0972566,37.50403815
배명중고교,127.0969106,37.49970985
석촌동남현교회앞,127.1006952,37.49902004
석촌동남현교회앞,127.1002693,37.4988053
송파책박물관.헬리오시티,127.1044857,37.50023414
송파책박물관.헬리오시티,127.1040227,37.49991736
송파사거리.석촌시장,127.109178,37.5015446
송파사거리,127.1087521,37.50161118
송파역.헬리오시티,127.1110145,37.50058141
위례포레샤인13단지공원,127.1362424,37.48315259
송파여성문화회관,127.1094494,37.50693564
송파여성문화회관,127.1096248,37.50672809
송파초등학교.송파동성당,127.1112976,37.50916247
송파초등학교.송파동성당,127.1113793,37.50873661
방이동사거리,127.1107862,37.51066766
포레나송파후문,127.1480095,37.48436296
송파나루역,127.1132143,37.50956286
송파2동한양아파트,127.1138832,37.50387311
송파동한양1차아파트,127.1154171,37.50595672
서울방이동고분군,127.1151708,37.50842451
송파역,127.1129081,37.49929285
성지아파트,127.1174306,37.49978314
송파동삼익아파트,127.1219128,37.5029233
삼익아파트미성아파트,127.1203825,37.50608698
송파2동한양삼성아파트,127.1157234,37.50599792
한양공원,127.113797,37.503707
잠실여고후문,127.1120106,37.50257222
방이중학교,127.1143672,37.51416401
한성백제역4번출구,127.1153632,37.51499159
송파나루역.방이시장,127.1124464,37.51100323
송파나루역.방이시장,127.1129452,37.51109032
송파나루역,127.1116742,37.51067944
송파구청.방이맛골,127.1077936,37.51335215
잠실진주아파트,127.109619,37.51617537
올림픽베어스타운아파트앞,127.1191036,37.51482805
방이초등학교,127.1191093,37.5118705
방이시장입구,127.1180475,37.51011225
방이우체국,127.1139246,37.50951307
올림픽공원남2문,127.1214073,37.51402402
올림픽공원장미광장,127.1249202,37.5126513
방이역3번출구대림아파트,127.1256144,37.50841809
한양삼익아파트,127.1217138,37.50591435
방이시장입구,127.1181179,37.50989594
방이초등학교,127.1194587,37.51201646
신구블레스밸리앞,127.1214992,37.51141306
신구블레스밸리,127.1218814,37.51161754
방이동대림코오롱아파트,127.124238,37.50918638
방이동대림코오롱아파트,127.1240112,37.50955878
올림픽회관,127.1151502,37.52091259
풍납동극동.쌍용아파트,127.1186989,37.52684322
한성백제박물관,127.1193031,37.51552827
서울체육중.고등학교,127.131378,37.52220315
둔촌오륜역.서문교회,127.1397436,37.51846577
서하남IC입구,127.1428138,37.51710372
효죽동입구,127.1418483,37.51246818
포레나송파정문,127.1481049,37.48711324
올림픽공원장미광장,127.126159,37.51288346
올림픽공원남2문,127.1218099,37.51462246
몽촌토성역.한성백제역,127.1146313,37.51719976
보성중고등학교,127.133569,37.52002252
보성중고등학교,127.1330029,37.51973484
올림픽공원역,127.1308989,37.51671779
올림픽공원역,127.1314785,37.51632427
올림픽공원테니스장,127.1285972,37.5132953
올림픽선수촌아파트,127.1293296,37.51332153
방이역,127.1264972,37.50885111
오금역.오금동현대아파트,127.1264326,37.50329446
오금공원앞,127.132975,37.49922351
개롱역.오금동상아아파트,127.135938,37.49765382
보인고교.오금동삼성아파트,127.1382257,37.49644689
송파사회복지관.성요셉성당,127.1407037,37.49807896
거여초등학교,127.1402155,37.50254811
거여초등학교,127.140012,37.50241
송파참병원,127.1375165,37.50361999
송파참병원,127.1374118,37.50386251
신흥운수입구,127.1353926,37.50435053
신흥운수입구,127.1341531,37.50503367
송파레미니스후문,127.13545,37.50615316
송파레미니스후문,127.135317,37.506195
오금공원사거리,127.1310601,37.50603417
오금공원사거리,127.1310587,37.50637915
오금동대림아파트,127.1279924,37.50791594
오금동대림아파트,127.1281153,37.50765103
송파도서관,127.1358518,37.49997876
우창아파트,127.136064,37.49975054
오금동사거리,127.1378916,37.50274368
오금동사거리,127.138162,37.502775
거여역1번출구,127.1426662,37.49405409
거여역현대아파트,127.1424783,37.49381766
체육문화회관,127.1433758,37.49080385
거여역2번출구,127.1447634,37.49431196
송파사회복지관.성요셉성당,127.140953,37.498118
거여아파트단지앞,127.1435753,37.49046389
거여역5번출구,127.1456767,37.49290375
거여역4번출구,127.1456918,37.49313922
송파파크센트럴,127.148924,37.492941
종점,127.152763,37.492768
비호아파트,127.154184,37.49200546
인애가요양병원,127.1350449,37.50535737
마천1동주민센터,127.1496063,37.49576854
마천2동주민센터,127.1482314,37.49673885
거여역3번출구.현대2차아파트,127.1450942,37.49428075
마천1동주민센터,127.1498825,37.49571039
마천역.송파파크센트럴,127.1522337,37.49345553
비호아파트,127.15409,37.492178
남한산성입구,127.157155,37.490972
송파구립마천청소년센터,127.156552,37.491982
송파구립마천청소년센터,127.1567901,37.49183309
송파보훈회관.금호어울림2차,127.1558085,37.4939681
송파보훈회관.금호어울림2차,127.155567,37.493992
마천동금호어울림1차아파트,127.1541947,37.49719974
마천동금호어울림1차아파트,127.154075,37.497978
마천시장마천동우방아파트앞,127.15151,37.499937
남천초교마천동우방아파트앞,127.1519313,37.49991862
청암노인요양원,127.148553,37.501352
청암노인요양원,127.1500523,37.5010794
마천동사거리,127.1466291,37.49852935
마천동사거리,127.1471,37.49872
마천2동윤진빌딩.신동아아파트,127.1440592,37.49963579
마천2동윤진빌딩.신동아아파트,127.1442444,37.49967595
마천2동주민센터,127.1480088,37.49701395
성내천공원,127.147632,37.50072
복정역1번출구,127.1271368,37.47232366
거여1동주민센터,127.1456268,37.49634565
건영아파트,127.126677,37.481675
문현중학교,127.12675,37.479987
문현중학교,127.1269148,37.48007431
문덕초등학교.문정고등학교,127.1264052,37.48368108
문정대우아파트,127.12834,37.486465
삼성래미안아파트후문,127.1319278,37.48892393
문정시영가락프라자아파트,127.1345693,37.49122303
문정시영.세양청마루아파트,127.1359636,37.49238684
한림연예예술고교,127.1314175,37.48536878
한림연예예술고교,127.131745,37.485403
구송파세무서,127.128678,37.482985
구송파세무서,127.1289699,37.48338375
문정1동주민센터.로데오거리,127.1245253,37.49039611
위례포레샤인18단지,127.1526632,37.48924134
위례포레샤인18단지,127.1517962,37.48900911
문덕초등학교.문정고등학교,127.126295,37.483395
문정동푸르지오아파트,127.1271778,37.48715761
문정동대우아파트,127.126833,37.486845
문정동래미안아파트,127.1293382,37.49204203
문정래미안현대아파트앞,127.128978,37.491672
문정현대아파트,127.127618,37.49066063
문정동현대아파트,127.1276151,37.49032632
문정현대아파트,127.1289549,37.49275424
문정동제일은행앞,127.1245155,37.48625123
문정동제일은행,127.1246073,37.48612299
삼성래미안아파트후문,127.1318746,37.48921006
문정2동주민센터.송파청소년센터,127.1125409,37.49047681
훼미리근린공원,127.11491,37.4911855
문정로데오거리입구,127.1194205,37.49102561
포레나송파정문,127.1485868,37.48707131
서울위례별초교,127.143837,37.478319
오금역2번출구,127.1287989,37.50183266
오금역3번출구,127.128894,37.50129131
장지동,127.1263367,37.46914722
위례포레샤인18단지남문,127.1527658,37.48690084
힐스테이트센트럴위례,127.153384,37.486908
가윤예식장,127.1253326,37.49275093
가락동미륭아파트,127.1282355,37.49266221
가락동쌍용아파트,127.1304313,37.49438361
송파중학교,127.1315012,37.49637296
개롱역3번출구,127.1353725,37.49766656
삼환아파트,127.137465,37.496575
송파배드민턴체육관,127.1380347,37.49446328
문정시영.세영청마루아파트,127.1357194,37.49245561
문정시영가락프라자아파트,127.1337169,37.49072687
가락2동프라자아파트,127.1340582,37.49310896
가락2동프라자아파트,127.1342993,37.49306077
극동아파트,127.1321418,37.49488836
가락2동극동아파트,127.1313315,37.49528444
가락동극동아파트,127.1318313,37.49625726
가락동쌍용아파트앞,127.1298583,37.49394541
가주초등학교,127.1288572,37.49714542
가동초등학교,127.1286578,37.49754567
가락2동주민센터,127.1268493,37.49886329
가락2동주민센터,127.1267123,37.49876612
가락시장.가락시장역,127.1172843,37.49444786
문정로데오거리입구,127.1204717,37.49045997
문정1동주민센터.로데오거리,127.1243322,37.49065985
건너말공원입구,127.1250181,37.49271432
가락대림아파트,127.1208958,37.49753951
샛별어린이공원입구,127.1212536,37.49758954
송파경찰서.오금역,127.1268713,37.50266982
가락동쌍용아파트,127.1221013,37.50251491
가락대림아파트,127.1179869,37.49968151
신가초등학교,127.120215,37.498817
신가초등학교,127.1201688,37.49842923
석촌중학교후문,127.1229196,37.49983357
석촌중학교후문,127.1232035,37.49985836
포레나송파,127.1492506,37.48470463
경찰병원.KT가락지사,127.1222432,37.49592616
경찰병원.KT가락지사,127.1223708,37.49623499
경찰병원.서울동부고용노동지청,127.1223373,37.49467367
가락시장역4번출구.제일오피스텔,127.1197228,37.49321671
위례호반써밋,127.1496483,37.48432115
경찰병원.서울동부고용노동지청,127.1226224,37.49442559
북위례입구,127.156522,37.488952
위례포레자이,127.1567449,37.48866602
가락시장.가락시장역,127.1171509,37.49376287
가락시장.가락몰,127.115874,37.491843
가락시장남문,127.1122487,37.49078192
가락시장?헬리오시티,127.1049619,37.49438404
가락시장.헬리오시티,127.1062543,37.4951999
가락1동주민센터,127.1098466,37.49629776
서울방이동고분군,127.1161985,37.50820966
문정동대우아파트,127.1283056,37.48666414
토성오거리,127.1190834,37.53206188
풍납토성서성벽,127.1098763,37.52979578
가락시장동문,127.1160111,37.49514632
몽촌토성역.한성백제역,127.1136028,37.51704039
풍납동강변현대아파트,127.111217,37.53363504
서울위례별초교.위례별유치원,127.1448746,37.47803397
송례중학교.송파꿈에그린,127.1414973,37.47731013
홍이공원,127.124792,37.50020542
홍이공원,127.1248262,37.50041498
송파파크센트럴,127.1495066,37.49265523
거여역7번출구,127.143927,37.492387
거여역6번출구,127.1440918,37.49195738
덕수고등학교,127.146225,37.48555761
풍납2동주민센터,127.116059,37.52956
복정역환승센터1번승강장,127.1273151,37.47012477
오륜사거리,127.1392233,37.50539721
오륜사거리,127.1386561,37.50453633
위례중앙푸르지오.신안인스빌,127.1433043,37.47484144
위례신안인스빌.중앙푸르지오,127.1439249,37.47571241
송파와이즈더샵.엠코타운센트로엘,127.1440807,37.47710378
송파와이즈더샵.엠코타운센트로엘,127.1443893,37.47760847
위례별초등학교.위례2차아이파크,127.1442347,37.47953907
위례별초등학교.위례스타힐스,127.1445585,37.48033832
위례동주민센터.위례스타힐스,127.143556,37.481323
위례동주민센터.위례송파푸르지오,127.1428762,37.48156799
힐스테이트송파.송파더센트레,127.1419922,37.47948437
송파더센트레.힐스테이트송파,127.1416455,37.47944534
복정역2번출구,127.1268695,37.46928382
세계로병원,127.1418426,37.48655181
세계로병원,127.141787,37.487287
덕수고등학교,127.1462869,37.48543139
송파레이크파크호반써밋1차,127.1404158,37.48389554
송파레이크파크호반써밋2차,127.1406157,37.48346957
위례포레샤인13단지,127.1386672,37.48295605
송파레이크파크호반써밋1차정문,127.1380741,37.48318875
송파위례리슈빌,127.1478419,37.48418381
남한산성입구,127.157278,37.49096
서울아산병원장례식장,127.1074534,37.52463958
갑을.미성아파트,127.112481,37.53529619
송파배드민턴체육관,127.1380636,37.49420734
위례31단지정문,127.1327886,37.47348826
풍납중학교앞,127.1152308,37.52477282
복정역3번출구,127.1239612,37.46973206
새마을시장,127.086733,37.50885772
잠실트리지움,127.0893716,37.50758601
삼전역.잠실현대아파트,127.0872895,37.50375774
위례포레샤인.위례31단지후문,127.1339747,37.47485239
위례31단지.위례포레샤인후문,127.133737,37.47464993
위례송파더센트레.송파푸르지오,127.1384658,37.47947164
장지역2번출구,127.1266732,37.47827237
위례송파푸르지오.송파더센트레,127.1388561,37.48074332
가락시장역5번출구,127.1195353,37.49267405
올림픽대교남단교차로,127.11681,37.525152
장지공영차고지,127.1358871,37.48051079
장지공영차고지,127.1356441,37.48056062
아이코리아,127.1333949,37.48096864
송파파인타운11.12단지,127.132114,37.479127
송파파인타운7단지,127.1316532,37.47903117
송파파인타운10단지.13단지,127.1292369,37.47759448
송파파인타운8단지.9단지,127.1274733,37.47808677
송파구립산모건강증진센터,127.1273092,37.47798449
장지동주민센터앞,127.1328865,37.48669447
장지동주민센터.송파파인타운1단지,127.132993,37.486505
잠실여고후문,127.111619,37.50250109
건영아파트앞,127.126489,37.481838
잠실새내역앞,127.0860381,37.51042245
가락래미안앞,127.132413,37.499257
서울버스종점,127.1369279,37.4806082
서울버스종점,127.1377802,37.48037961
송파파인타운2단지.구립송파복지센터,127.132647,37.485133
송파파인타운3단지.한림예고,127.132645,37.484826
송파글마루도서관.버들어린이집,127.131555,37.481607
송파글마루도서관.버들어린이집,127.131337,37.481598
문현고등학교.송파파인타운5단지,127.129475,37.480632
문현고등학교,127.1291235,37.48066254
풍납현대아파트,127.1193611,37.52875878
문정3차푸르지오아파트.송파파인타운1단지,127.1335864,37.48667385
문정3차푸르지오아파트.송파파인타운1단지,127.1333837,37.48648395
아이코리아앞,127.13364,37.48096
가든파이브.웍스동,127.121195,37.478215
가든파이브.웍스동,127.1212594,37.47825461
위례31단지정문,127.132279,37.47258995
장지역가든파이브라이프동,127.1246144,37.47907241
장지역가든파이브라이프동,127.124888,37.479007
가든파이프툴동,127.1193612,37.47914773
가든파이브툴동,127.1193072,37.47899698
잠실대교전망쉼터,127.0951336,37.52010715
잠실대교전망쉼터,127.09479,37.519993
석촌호수서호사거리,127.0984076,37.50632125
석촌호수서호사거리,127.0992351,37.50658902
미켈란호수가아파트,127.1026501,37.50765632
미켈란호수가아파트,127.1031125,37.50819775
호수임광아파트,127.1067264,37.51062634
호수임광아파트,127.1072025,37.51138824
송파파인타운아파트11단지,127.1332433,37.47836715
송파파인타운아파트11단지,127.1331775,37.47845968
문정중학교후문,127.1302736,37.48864871
문정동래미안아파트남문,127.1304464,37.48883097
파크데일아파트입구,127.1548937,37.49753896
위례아이파크아파트앞,127.1411478,37.47586878
송파더센트레.송례초앞,127.1391565,37.47853828
송파더센트레.송례중앞,127.1407082,37.47821593
송파꿈에그린아파트,127.1407699,37.47494484
송파푸르지오시티.한화오벨리스크,127.1201782,37.48102787
송파푸르지오시티.한화오벨리스크,127.120387,37.48080016
파크데일아파트입구,127.1547623,37.49777754
복정역,127.1257548,37.47006516
복정역환승센터2번승강장,127.127412,37.46982976
송파.잠실세무서,127.1153595,37.52678395
복정역환승센터3번승강장,127.1275898,37.46992977
풍납동극동.쌍용아파트,127.1184114,37.52639886
송파역,127.1123582,37.49987368
복정역환승센터4번승강장,127.1276409,37.46982726
송파역.헬리오시티,127.11185,37.499696
송례중학교.위례아이파크,127.1418223,37.47769127
잠실4동주민센터.파크리오B상가,127.113075,37.52011331
송파호반베르디움더퍼스트,127.1409197,37.50685257
오륜사거리,127.1390323,37.5076049
세륜중학교,127.1327809,37.50773598
오금공원,127.1318935,37.50637195
오금역.오금고교,127.1288453,37.50302358
송파삼성래미안아파트,127.1199758,37.50468176
송파현대아파트.가락중학교,127.1182081,37.50299524
가락고등학교,127.1173726,37.50165249
가락동부센트레빌아파트,127.1173972,37.49929408
가락중학교,127.1174129,37.50209169
가락중학교.래미안송파파인탑,127.118551,37.50305012
가락삼익맨숀,127.1207656,37.50532066
오금역.오금고교,127.1290567,37.50264267
오금공원,127.1316966,37.50534502
세륜중학교,127.1327852,37.50697688
송파호반베르디움더퍼스트,127.140874,37.5066071
송파파인타운1단지,127.1335564,37.485924
송파파인타운2단지,127.1312223,37.48316728
송파파크하비오푸르지오,127.1221458,37.48123083
서울동부지방법원.검찰청,127.1209227,37.48350939
문정법조단지,127.1178396,37.4857853
올림픽훼밀리타운아파트,127.114335,37.48639664
올림픽훼밀리타운아파트,127.1143069,37.48618521
문정법조단지,127.1172088,37.48546156
서울동부지방법원.검찰청,127.1204231,37.48393337
송파아이파크오피스텔,127.1223532,37.48013589
송파파인타운3단지,127.1317656,37.48349554
송파파인타운1단지,127.1336281,37.48565598
석촌역4번출구,127.1082078,37.50449715
잠실역.롯데호텔,127.1009964,37.51174536
석촌역5번출구,127.1075771,37.50439186
송파레이크힐아파트,127.1431448,37.48607495
송파레이크파크호반써밋2차정문,127.142073,37.485415
송파레이크파크호반써밋1차후문,127.1402122,37.48537794
문정역테라타워,127.1203282,37.48470834
서울한방병원,127.1154762,37.48560518
가원초등학교,127.1098422,37.48915151
힐스테이트에코송파,127.1152699,37.48560087
문정현대지식산업센터,127.1196511,37.48550417
송파레이크파크호반써밋1차후문,127.1403785,37.48508041
롯데월드.샤롯데,127.1007139,37.51080004
잠실롯데월드,127.0986614,37.51013229
레이크팰리스아파트,127.0972743,37.50891933
삼전동주민센터,127.091536,37.503537
삼전역,127.0890344,37.50390498
레이크팰리스아파트,127.0975648,37.50837173
잠실롯데월드,127.0986441,37.50984848
롯데월드.샤롯데,127.1008817,37.5105674
송파구청,127.1064205,37.51618705
잠실역.시그마타워,127.1025919,37.51436816
장미아파트,127.101971,37.51734877
잠실파크리오아파트,127.1090124,37.51914595
잠실롯데월드호텔롯데타워,127.1005887,37.51073554
위례포레샤인.송파꿈에그린서문,127.1372888,37.47732185
송파꿈에그린서문.위례포레샤인,127.1374571,37.47661211
복정역환승주차장,127.128144,37.470728
잠실새내역,127.0840559,37.51195685
잠실종합운동장,127.0721955,37.51110665
잠실종합운동장,127.073353,37.510689
잠실역,127.0969964,37.51266671
잠실새내역,127.0836049,37.5114109
가락동,127.1146567,37.4912598
경찰병원.서울동부고용노동지청,127.1221697,37.49416477
경찰병원.서울동부고용노동지청,127.1221914,37.49445009
가락동,127.115336,37.491693
올림픽선수촌아파트,127.1311811,37.5161644
올림픽선수촌아파트,127.1308621,37.51644632
오금역,127.1276491,37.50118007
오금역,127.1266416,37.50060225
오금동,127.1321673,37.50609909
오금동,127.1320894,37.50668181
방이동,127.1296715,37.51150338
방이동,127.1287692,37.51109547
장지역,127.126369,37.47751317
장미광장,127.1270391,37.51255285
한성백제박물관,127.119601,37.51541885
올림픽공원평화의문,127.115008,37.51707048
풍납초등학교,127.11855,37.533949
풍납백제문화공원,127.114721,37.535044
송파레미니스아파트,127.1369121,37.50786641
송파레미니스아파트,127.1371836,37.50823863
한강극동아파트후문,127.1124924,37.53072807
토성초등학교.한강극동아파트,127.114404,37.5298706
풍납2동주민센터,127.1168542,37.52877621
잠실역,127.0991375,37.51506727
상일초교,127.1713598,37.54612527
상일초교,127.1706309,37.5457941
초이동,127.1615969,37.5421386
초이동,127.1610838,37.54184634
강동자이.프라자아파트,127.1488398,37.53673336
강동자이·프라자아파트,127.147789,37.53621009
길동주민센터.둔촌2동주민센터,127.1429329,37.53427435
길동주민센터.둔촌2동주민센터,127.1421048,37.53388573
길동사거리.강동세무서,127.1367996,37.53452044
길동사거리.강동세무서,127.1358553,37.53473327
강동역,127.1324489,37.53590168
강동역,127.1315159,37.5361077
천호역,127.1270521,37.53765329
천호역,127.1255386,37.5379482
강동공영차고지,127.1738851,37.56406596
강동공영차고지,127.1743327,37.56417689
고덕리엔파크1단지,127.1704714,37.56115952
고덕리엔파크1단지,127.170696,37.561365
해뜨는주유소,127.1708038,37.55910043
해뜨는주유소,127.170989,37.559757
고덕천교차로,127.1711474,37.55632413
고덕천교차로,127.171561,37.556043
고덕자이.고덕천물놀이장,127.1720517,37.55346669
강명초등학교.고덕천물놀이장,127.172373,37.553372
고덕자이,127.1725023,37.55160257
고덕리엔파크3단지,127.1727254,37.55188966
상일동산.롯데캐슬베네루체,127.1651955,37.5499723
상일동산.롯데캐슬베네루체,127.1654359,37.54994493
상일근린공원,127.1670055,37.54731429
상일근린공원,127.1672437,37.54739482
GS강동자이아파트.둔촌동프라자아파트,127.1490316,37.53700164
둔촌동프라자아파트.GS강동자이아파트,127.1480887,37.53612862
둔촌푸르지오아파트,127.1441944,37.53503197
둔촌푸르지오아파트,127.1446716,37.53464259
길동주민센터.서울양병원,127.1418252,37.53412032
둔촌2동주민센터.서울양병원,127.141927,37.533652
길동사거리.강동세무서,127.1375233,37.53444568
길동사거리.강동세무서,127.1371821,37.53412401
강동역1번출구.동신중학교,127.1318584,37.53628076
강동역.강풀만화거리입구,127.1309701,37.53605102
천호역5번출구.천호사거리,127.1270212,37.53778848
천호역6번출구.천호사거리,127.127289,37.53722506
상일동역4번출구.센트럴푸르지오,127.1696339,37.55723705
상일동역6번출구.고덕아르테온,127.167873,37.55680934
상일동역1번출구,127.1639451,37.55651761
상일동역8번출구,127.1648527,37.55639079
고덕그라시움,127.1607019,37.55610753
고덕그라시움,127.160272,37.55572789
고덕평생학습관.온조대왕체육관,127.1581417,37.55568841
고덕평생학습관.온조대왕체육관,127.1580919,37.55550514
고덕역,127.1558492,37.55537308
고덕역,127.154997,37.55504
배재중고등학교,127.1493254,37.55485657
배재중고등학교,127.149718,37.55454072
동부기술교육원.장애인종합복지관,127.1465849,37.55479232
동부기술교육원.장애인종합복지관,127.1457517,37.55461665
명일초등학교,127.1434374,37.55486737
명일초등학교,127.143468,37.554602
암사3동주민센터(강동롯데캐슬퍼스트),127.1391936,37.55487796
암사3동주민센터프라이어팰리스,127.1393191,37.55455872
강일중.선사고,127.1370264,37.55486022
강일중.선사고,127.1360923,37.55462479
신암중학교,127.1313639,37.55483907
신암중학교,127.1313205,37.55461384
삼성광나루아파트.암사동유적,127.1284734,37.55325705
삼성광나루아파트.암사동유적,127.1288157,37.5532319
암사역선사현대아파트,127.1275581,37.55069921
암사역2번출구.암사종합시장,127.1275283,37.54960071
천호동공원,127.1259117,37.54596923
천호동공원,127.1262319,37.54607176
서울현대요양병원,127.1248606,37.54316975
서울현대요양병원,127.124856,37.5420614
천호역2번출구.현대백화점,127.1239224,37.54034836
천호역3번출구.현대백화점,127.1240057,37.53995311
천호역8번출구,127.1227695,37.53597308
강동구청역1번출구.영파여고,127.1213543,37.53215229
상일동역2번출구,127.1651252,37.55733807
상일동역2번출구,127.1654239,37.55718019
고덕초등학교,127.1653906,37.56016906
고덕초등학교,127.165645,37.56004256
강덕초등학교.고덕그라시움,127.1627959,37.56037858
강덕초등학교.고덕그라시움,127.1628839,37.56025814
광문고.서울컨벤션고,127.1576291,37.56058564
광문고.서울컨벤션고,127.156515,37.56044925
고덕아이파크아파트,127.1540689,37.55974063
고덕아이파크아파트,127.1537815,37.55936883
명일중학교,127.1487292,37.55824272
명일중학교,127.1488762,37.55842356
강동경희대병원.명일동이마트,127.1567608,37.55454947
강동아트센터.강동경희대병원,127.1561087,37.55234446
강동아트센터.강동경희대병원후문,127.1564473,37.55106541
한영중고한영외고,127.155872,37.548057
한영중고한영외고,127.1562768,37.5480045
길동자연생태공원,127.1525923,37.53903988
길동자연생태공원,127.1530135,37.53917991
일자산입구.둔촌도서관,127.149622,37.53199561
일자산입구.둔촌도서관,127.1498681,37.53148948
서하남IC입구,127.1433323,37.51761441
동북고등학교.둔촌오륜역,127.1400432,37.5189586
오륜교회앞,127.1320754,37.52247631
보훈병원,127.1435152,37.52891275
보훈병원,127.1428079,37.52987986
약수터,127.1416379,37.53232531
약수터,127.1413837,37.53250581
명일여자고등학교,127.1490721,37.54842602
명일여자고등학교,127.1493032,37.5483515
길동성당,127.1479778,37.54440669
길동성당,127.1481899,37.54439066
길동신동아아파트,127.1471322,37.54130405
길동신동아아파트,127.1473293,37.54138761
미사강변18단지.강일리버10단지,127.181785,37.56003
윤슬중학교.강솔초등학교,127.18176,37.56198
강일리버5단지.미사강변루나리움,127.17919,37.567494
미사강변17단지.강일리버7단지,127.18013,37.56425
보훈회관,127.1452996,37.52645625
보훈회관,127.1453853,37.52629756
신암중.선사고,127.134587,37.55657
신암중.선사고,127.133034,37.556546
암사역사공원역1번출구,127.138716,37.55731
암사역사공원역3번출구,127.137212,37.55711
대순진리회,127.1312576,37.53035372
대순진리회,127.1309512,37.53025182
성내2동주민센터.성내복지관,127.1280341,37.53125513
성내2동주민센터.성내복지관,127.1281258,37.53103748
성내삼성청구아파트,127.1255463,37.53192153
성내삼성청구아파트,127.126152,37.53158563
성내주유소,127.1220777,37.53292481
성내주유소,127.1222824,37.53270319
강동농협,127.1427532,37.54096431
강동농협,127.1431647,37.54073313
참잘함한방병원,127.1398826,37.54113355
참잘함한방병원,127.140039,37.54093176
천동초등학교.천호도서관,127.1366641,37.54042365
천동초등학교.천호도서관,127.136948,37.540437
강동성심병원(동신중학교),127.1355,37.537458
강동성심병원(동신중학교),127.1352327,37.53734265
조은마디병원,127.1339143,37.53414706
조은마디병원,127.1337617,37.53447211
JYP엔터테인먼트.윤선생영어교실,127.1291706,37.52477282
JYP엔터테인먼트.윤선생영어교실,127.1294413,37.52495905
명일역3번출구.래미안솔베뉴,127.1442239,37.5518874
명일역2번출구,127.1439709,37.55214992
명일역1번출구.명일전통시장,127.1436703,37.55002461
명일역4번출구.명일전통시장,127.1440658,37.55031428
굽은다리사거리,127.1433278,37.54791016
굽은다리사거리,127.1435586,37.54726559
십자성마을,127.1419715,37.54345768
십자성마을,127.1421222,37.54297902
길동역1번출구,127.1399401,37.53797243
길동역3번출구,127.1400079,37.53731365
서울프라임한방병원,127.1389352,37.53552534
서울프라임한방병원,127.139364,37.53543646
강동리바트,127.1373321,37.53136415
동명약국앞,127.1376866,37.53081179
둔촌동역4번출구,127.1361248,37.52825586
둔촌동역2번출구,127.1362546,37.52724098
서울성내동우체국,127.1343603,37.52351991
한국전력공사강동송파지사,127.1353305,37.52448723
고덕자이.상일여고,127.1712888,37.55091642
고덕자이.상일여고,127.1721418,37.55084618
상일1동주민센터.고덕사회체육센터,127.1681685,37.55046528
상일1동주민센터.롯데캐슬베네루체,127.1682563,37.5502886
고덕숲아이파크,127.164629,37.55063415
고덕숲아이파크,127.1647425,37.55045395
강동고등학교,127.1603417,37.55022121
강동고등학교,127.1606808,37.55026234
한영중고한영외고,127.1567383,37.54922764
명일동현대아파트,127.1532127,37.54927667
한영중고한영외고,127.1556548,37.54907668
고덕삼환.주공9단지아파트,127.1516086,37.54927423
고덕삼환.주공9단지아파트,127.1520921,37.54912495
명일여자고등학교,127.1484178,37.5494552
명일여자고등학교,127.1488528,37.54914935
명일1동주민센터,127.1462721,37.55047806
명일1동주민센터,127.1463681,37.55019761
강동롯데캐슬퍼스트,127.143043,37.558453
강동롯데캐슬퍼스트,127.143034,37.5586
래미안힐스테이트고덕,127.150388,37.561812
래미안힐스테이트고덕,127.1514604,37.56208766
샘터근린공원교차로,127.1540143,37.56228401
샘터근린공원교차로,127.153899,37.56246
고덕풍경채어바니티,127.1686082,37.56232653
고덕풍경채어바니티,127.169549,37.562416
강동구청,127.1225424,37.53020453
강동구청,127.1225674,37.5299252
강동보건소앞,127.1254929,37.52882741
강동보건소건너,127.125423,37.52855966
한양수자인아파트,127.1286297,37.52735145
한양수자인아파트,127.1285589,37.52722033
서울장애인복지관,127.1490837,37.55520009
서울장애인복지관,127.1488865,37.55508049
명일동신동아아파트,127.1523213,37.55495283
명일동신동아아파트,127.1518429,37.5545613
상일동동아아파트,127.1675513,37.54578773
상일동동아아파트,127.1675745,37.54554801
상일동주몽재활원,127.1633225,37.54597748
상일동주몽재활원,127.163685,37.54575761
상일동빌라단지,127.1591118,37.5454599
상일동빌라단지,127.1595704,37.54561695
중앙보훈병원역1번출구,127.1480519,37.52799195
중앙보훈병원역1번출구,127.1480767,37.52720873
강동첨단업무단지.상일여고입구,127.1730829,37.54864253
강동첨단업무단지.상일여고입구,127.1732465,37.54940462
천동초교입구사거리,127.141012,37.53995537
천동초교입구사거리,127.1406623,37.53994047
강동구청역농협중앙회,127.1201139,37.5291461
성내구립도서관.사회적경제지원센터,127.1332543,37.53269253
성내구립도서관.사회적경제지원센터,127.132767,37.53226596
둔촌습지앞,127.1456204,37.52190041
강일리버파크6단지,127.1755233,37.56386878
강일동주민센터,127.173929,37.566015
강일동주민센터,127.173875,37.56571601
강일리버파크4단지.2단지,127.176556,37.568441
강일리버파크2단지.4단지,127.1765457,37.56862184
강일고등학교.강일리버파크7단지,127.177918,37.565067
강일고등학교.강일리버파크7단지,127.1784008,37.56471101
강일리버파크6단지,127.1762367,37.56280905
강일초등학교,127.175752,37.565095
강일초등학교,127.1768636,37.56587375
강일리버파크9단지.10단지,127.1794627,37.55955336
강일리버파크10단지.9단지,127.1797197,37.55955837
중앙보훈병원역2번출구,127.1486791,37.52959797
중앙보훈병원역3번출구,127.1489407,37.52932275
강일리버파크8단지,127.1777181,37.56227189
강일리버파크8단지,127.177967,37.562648
강일리버파크4단지.5단지,127.177374,37.56656
강일리버파크5단지.4단지,127.177484,37.56712372
강일리버파크1단지.3단지,127.1733008,37.56703681
강일리버파크3단지.1단지,127.174408,37.568207
상일파출소.고덕아르테온,127.1657709,37.55555768
강일리버파크9단지후문,127.1801379,37.56169242
강일리버파크9단지후문,127.1799003,37.56171621
강동공영차고지,127.174627,37.564251
강일역.고덕리엔파크2단지.3단지,127.173781,37.557258
강일역.고덕리엔파크3단지.2단지,127.1741238,37.55709762
고덕리엔파크2단지,127.1730238,37.55683896
강명초등학교.고덕리엔파크3단지,127.1737829,37.55404374
강명초등학교.고덕리엔파크3단지,127.1733353,37.55382591
고덕리엔파크2단지,127.1733644,37.55683486
굽은다리역구민회관.강동홈플러스,127.1427892,37.54569475
굽은다리역구민회관.강동홈플러스,127.143063,37.545612
삼성엔지니어링,127.1749558,37.54991094
삼성엔지니어링,127.1747803,37.5498684
고덕리엔파크3단지서문,127.1738484,37.55125728
고덕리엔파크3단지서문,127.1738479,37.55107076
천동초교삼거리,127.1367999,37.54156668
천동초교삼거리,127.1362377,37.54192962
동아하이빌,127.1341268,37.54408536
동아하이빌,127.134084,37.5438917
천일초교사거리,127.132309,37.54460068
천일초교사거리,127.1312463,37.54453699
천일중.구강사,127.1290083,37.5451182
천일중.구강사,127.1290019,37.54493529
고덕센트럴.고덕숲아이파크,127.165386,37.551342
고덕숲.고덕센트럴아이파크,127.165146,37.551649
고현초등학교.고덕센트럴아이파크,127.165331,37.552914
고현초등학교.고덕숲아이파크,127.1650717,37.55396597
현대토파즈아파트,127.1258611,37.52530533
성내유수지체육공원,127.1218419,37.52708021
서울시동부기술교육원.명덕초교,127.1448068,37.55622721
아남.대우아파트,127.1447616,37.55771391
강동롯데캐슬퍼스트아파트,127.1445591,37.55690776
천호역1번출구.문구거리,127.1222319,37.5392937
강동리버스트7.6단지,127.172132,37.57064475
강동리버스트6.7단지,127.1719505,37.5704941
강동리버스트상가,127.1740031,37.57209937
강동리버스트상가,127.1746744,37.57247694
강동리버스트8단지,127.177053,37.57294627
강일역3번출구,127.1770155,37.5576403
강동리엔파크9단지,127.1794171,37.5560067
강동리엔파크9단지,127.179726,37.556268
강동리엔파크11단지,127.1793877,37.55406239
강동리엔파크11단지,127.1798392,37.55358868
강동리엔파크13.14단지,127.1816669,37.55125906
강동리엔파크13.14단지,127.1817343,37.55137165
강일역2번출구,127.1773711,37.55792621
가래여울,127.168922,37.57653738
신명초교입구교차로,127.146753,37.54008805
길동초등학교,127.1464238,37.53900264
강일리버파크1단지103동,127.1727485,37.56800029
길동우성아파트.은평교회맞은편,127.145545,37.53632566
둔촌푸르지오아파트사거리,127.1449229,37.5343756
강일고등학교.강일리버파크7단지,127.1779895,37.56502882
둔촌고앞,127.1437301,37.53168544
구립둔촌어린이집,127.1430346,37.53008773
고덕1동주민센터.두레근린공원,127.1514654,37.5581605
고덕역1번출구,127.1531515,37.55531793
명일신동아아파트,127.152717,37.552739
상일동역3.4번출구,127.1679754,37.5570367
한산중학교,127.1389985,37.52818853
주양쇼핑,127.152899,37.55219856
고덕리엔파크1단지,127.1705201,37.56124296
둔촌역,127.1372435,37.52870061
고덕역1번출구,127.1533776,37.55550559
고덕1동주민센터.두레근린공원,127.1517169,37.55827606
우리은행둔촌역지점.발리호텔,127.1360979,37.52901642
둔촌청구아파트,127.1342126,37.52950517
고덕중학교,127.1610298,37.56077028
대순진리회,127.1313345,37.5303284
농협둔촌동지점,127.1436965,37.52908823
성내2동주민센터.성내복지관,127.1280943,37.53119251
고덕아이파크101동,127.1559731,37.56057252
성내삼성아파트.공안과,127.1256097,37.53189983
9호선중앙보훈병원역1번출구,127.1475094,37.52779284
성내주유소,127.1221432,37.53289918
묘곡초교사거리,127.1516273,37.55931935
선린초등학교,127.145195,37.52883186
아남.대우아파트,127.1445857,37.55749788
롯데캐슬아파트,127.1444777,37.5561042
명일동국민은행.래미안솔베뉴,127.1441673,37.55372892
명일역,127.1439571,37.55204722
성덕고등학교,127.1433061,37.55076485
천호우성아파트,127.1397441,37.55059521
성내주유소,127.122264,37.53270893
약국앞,127.1375045,37.5500707
성내삼성아파트.공안과,127.126183,37.53165
강동농협,127.1353709,37.54808355
성내2동주민센터.성내복지관,127.1280545,37.53105829
대순진리회,127.1312629,37.53014556
고분다리,127.131286,37.54266537
둔촌청구아파트,127.1336775,37.52949856
천호시장,127.1301021,37.54124745
둔촌시장.발리호텔,127.1359946,37.528821
천호동로데오거리,127.1271983,37.54056488
서울.경기양돈농협,127.1334688,37.54763426
둔촌역,127.1372148,37.52848798
브라운스톤,127.1300716,37.54908071
둔촌주공아파트1.4단지후문,127.140756,37.527609
암사종합시장,127.1283514,37.54982509
천호역5번출구,127.1270532,37.53775272
암사역,127.1278571,37.55063301
암사삼성.현대아파트,127.12887,37.55352016
둔촌고등학교,127.1439442,37.53178069
천호우체국,127.1253621,37.5408597
고덕주유소.선사초등학교,127.1294498,37.55506699
둔촌푸르지오아파트사거리,127.1450863,37.53433571
천호동로데오거리,127.1271889,37.54036214
선사마을,127.1304453,37.55767079
길동은평교회,127.1458326,37.53642353
천호시장,127.1293712,37.54065263
서울암사동유적,127.1311704,37.55936818
길동초등학교,127.1465127,37.53872949
고분다리,127.1316893,37.54293435
서원마을,127.1330896,37.56375305
신명초교입구교차로,127.1469372,37.54032872
서울암사동유적,127.1308364,37.5593289
강동농협,127.1358972,37.54840916
선사마을,127.1300088,37.55726451
약국앞,127.13752,37.54991479
선사초등학교,127.1292859,37.55516628
천호우성아파트,127.1391292,37.55037877
암사역,127.1277594,37.55095578
고덕한양아파트,127.1556459,37.54909122
지식산업센터,127.1599407,37.5653235
온조대왕문화체육관,127.1565213,37.55783513
온조대왕문화체육관,127.1568207,37.5563796
광문고.컨벤션고,127.1569773,37.55828395
천호우체국,127.1254334,37.5408398
강동구청,127.1218466,37.53140727
고분다리시장입구,127.1315503,37.54304353
고분다리시장입구,127.1317313,37.54297665
천호우성아파트,127.1376866,37.550002
성덕중고등학교,127.1426911,37.55064585
성덕중고등학교,127.1429223,37.55070224
강동농협,127.1353379,37.54807047
강동농협,127.1359045,37.54840012
천호우성아파트,127.1377662,37.55019474
천호초교입구사거리,127.1342129,37.5464913
천호시장,127.1291639,37.54058257
천호초교입구사거리,127.1336463,37.54589692
천호시장,127.1290759,37.54069711
암사종합시장,127.1282505,37.54969905
명일동국민은행.래미안솔베뉴,127.1443599,37.5533716
브라운스톤,127.1301482,37.54887157
삼익가든아파트,127.14854,37.54630481
삼익가든아파트,127.148779,37.54615813
둔촌신성미소지움아파트,127.14417,37.52676982
둔촌신성미소지움아파트,127.1441698,37.5266617
9호선중앙보훈병원역1번출구,127.1475394,37.52791119
상일초등학교,127.1714625,37.54577311
길동LG자이아파트,127.1480887,37.53612862
강동구청역,127.1212544,37.53180617
천호역,127.1270546,37.53728465
길동사거리,127.1369886,37.53420037
상일초등학교,127.1715812,37.54642678
길동LG자이아파트,127.149123,37.53708013
길동사거리,127.1370912,37.53466426
천호역,127.1272955,37.53772736
강동구청역,127.1205586,37.53117972
둔촌동역,127.1364583,37.52748053
둔촌동역,127.1358929,37.52739007
서울.경기양돈농협,127.1332864,37.54754436
고덕래미안힐스테이트시니어센터,127.1479431,37.55929454
고덕1동주민센터.고덕래미안힐스테이트,127.1505497,37.55870678
고덕중학교,127.1606413,37.56062303
상일동역5번출구,127.1684278,37.55688964
강일리버파크1단지.금화사,127.1733772,37.56702769
강일리버파크6단지,127.1754977,37.56393051
강일리버파크6단지610동,127.1759067,37.56506438
강일리버파크1단지정문,127.1728698,37.56809653
가래여울,127.1690128,37.57656426
강동리버스트4단지,127.1719948,37.57377365
강동리버스트8단지,127.1766739,37.57301216
강동리버스트8단지,127.1761086,37.57259633
강빛초.중학교,127.1728,37.57415
굽은다리역,127.1430234,37.5454039
굽은다리역,127.1427437,37.54558894
명일동국민은행.래미안솔베뉴,127.1441907,37.55414459
명일동국민은행.래미안솔베뉴,127.1443599,37.5533716
암사삼성.현대아파트,127.1285487,37.55331842
천호우체국.로데오거리,127.1272741,37.54055579
우성아파트,127.1393385,37.55038573
우성아파트,127.1400464,37.55064261
라움포레아파트,127.1235962,37.53363026
성내시장,127.1254968,37.53615493
천호우체국.로데오거리,127.1273371,37.54034306
