시군구,단지명,전용면적(㎡),계약년월,계약일,거래금액(만원),층,매수자,매도자,건축년도,도로명,Latitude,Longitude
서울특별시 강서구 화곡동,계명아파트나동,74.79,202410,31,"39,800",3,개인,개인,2001,강서로 43-22,37.5308298,126.8462923
서울특별시 동작구 상도동,중앙하이츠빌,123.6025,202410,31,"110,000",1,개인,개인,2003,상도로 320,37.499075,126.949792
서울특별시 강서구 가양동,한강타운,84.99,202410,30,"94,000",2,개인,개인,1993,허준로 23,37.5713845,126.8449875
서울특별시 영등포구 영등포동1가,여의도이튼브라운,43.37,202410,30,"56,500",4,개인,개인,2022,경인로114길 6,37.5177364,126.9143049
서울특별시 영등포구 문래동2가,남성,72.9,202410,30,"65,000",11,개인,개인,1983,경인로77길 21,37.5125877,126.8916007
서울특별시 양천구 신정동,목동현대3차,84.77,202410,30,"105,000",16,개인,개인,1997,목동동로12길 60,37.5203883,126.8772356
서울특별시 노원구 상계동,상계1차중앙하이츠,59.82,202410,30,"54,800",17,개인,개인,1997,노원로28길 15,37.6537412,127.0689054
서울특별시 강남구 일원동,래미안 개포 루체하임,84.99,202410,30,"274,500",4,개인,개인,2018,개포로110길 50,37.4893051,127.0798699
서울특별시 용산구 한강로3가,시티하우스,19.89,202410,30,"24,400",3,개인,개인,2011,한강대로14길 37,37.5243967,126.9662815
서울특별시 성동구 금호동2가,래미안하이리버,59.99,202410,30,"139,000",10,개인,개인,2012,금호로 107,37.551292,127.0245415
서울특별시 강동구 명일동,현대(고덕),131.83,202410,30,"165,000",4,개인,개인,1986,동남로71길 41,37.5505035,127.1535263
서울특별시 강동구 길동,청광플러스원큐브2차,14.495,202410,29,"10,000",13,개인,개인,2013,천호대로175길 10,37.5351292,127.1369446
서울특별시 노원구 상계동,상계2차중앙하이츠,59.82,202410,29,"54,500",4,개인,개인,1998,노원로 428,37.6549617,127.0683084
서울특별시 성북구 정릉동,대우,43.11,202410,29,"33,000",4,개인,개인,2001,보국문로30길 15,37.6180203,127.0034245
서울특별시 성북구 정릉동,정릉풍림아이원,114.75,202410,29,"65,000",9,개인,개인,2005,솔샘로25길 28,37.6185856,127.0073052
서울특별시 구로구 구로동,하나세인스톤1차,21.7256,202410,29,"14,550",16,법인,개인,2011,구로중앙로28다길 16,37.5012537,126.8889839
서울특별시 양천구 신정동,목동신시가지12,71.64,202410,29,"155,000",7,개인,개인,1988,목동동로 50,37.5130364,126.8611326
서울특별시 은평구 진관동,우물골2단지두산위브(209~222동)BL2-8,84.51,202410,29,"81,000",2,개인,개인,2009,진관2로 111-7,37.636298,126.9315055
서울특별시 동대문구 장안동,경남하이빌,73.78,202410,29,"51,000",3,개인,개인,2008,사가정로23길 40,37.5804372,127.0702131
서울특별시 성동구 상왕십리동,센트럴큐브,24.76,202410,29,"30,000",16,개인,개인,2019,난계로24길 19,37.5706573,127.0255206
서울특별시 동대문구 장안동,경남하이빌,73.78,202410,29,"51,000",3,개인,개인,2008,사가정로23길 40,37.5804372,127.0702131
서울특별시 서초구 반포동,래미안원베일리,59.96,202410,29,"330,000",16,개인,개인,2023,반포대로 333,37.4955764,127.0056948
서울특별시 강남구 삼성동,삼성동롯데아파트,91.77,202410,29,"239,000",19,개인,개인,2000,학동로 432,37.5177635,127.0486776
서울특별시 강남구 청담동,현대아파트,84.78,202410,29,"184,000",10,개인,개인,1988,선릉로 748,37.5214383,127.0405995
서울특별시 강남구 도곡동,타워팰리스3,244.224,202410,28,"650,000",57,개인,개인,2004,언주로30길 26,37.4873359,127.0528298
서울특별시 송파구 신천동,장미1,99,202410,28,"249,000",12,개인,개인,1979,올림픽로35길 104,37.5188846,127.0992806
서울특별시 동작구 신대방동,보라매자이더포레스트,59.9365,202410,28,"70,100",6,개인,개인,2021,여의대방로22길 121,37.4985518,126.9260898
서울특별시 강서구 방화동,청솔,59.04,202410,28,"57,800",6,개인,개인,1994,방화대로47길 55,37.5756306,126.8129654
서울특별시 영등포구 여의도동,브라이튼여의도,101.9509,202410,28,"369,100",15,개인,법인,2023,국제금융로 39,37.5218921,126.9303477
서울특별시 강서구 방화동,청솔,59.04,202410,28,"57,800",6,개인,개인,1994,방화대로47길 55,37.5756306,126.8129654
서울특별시 강서구 방화동,신동아,59.4,202410,28,"58,000",11,개인,개인,1995,방화대로37길 15,37.5701021,126.8159597
서울특별시 성북구 정릉동,정릉풍림아이원,59.88,202410,28,"53,800",12,개인,개인,2005,솔샘로 120,37.4247207,126.6643981
서울특별시 성북구 돈암동,범양,59.79,202410,28,"59,700",3,개인,개인,1998,정릉로 402-16,37.6033362,127.0280067
서울특별시 도봉구 창동,태영데시앙,84.995,202410,28,"51,000",2,개인,개인,2003,도봉로110다길 51,37.642926,127.03339
서울특별시 강북구 수유동,수유벽산1차,63.78,202410,28,"53,400",13,개인,개인,1993,삼각산로 143-1,37.6423794,127.018989
서울특별시 중구 황학동,DUO302,15.97,202410,28,"16,000",8,개인,개인,2014,난계로 169,36.1795481,127.7764891
서울특별시 중랑구 망우동,금호어울림(580),84.93,202410,28,"65,500",3,개인,법인,2006,양원역로 18,37.6022195,127.1092696
서울특별시 양천구 신정동,목동신시가지9,106.93,202410,28,"210,000",5,개인,개인,1987,목동서로 340,37.5185416,126.8624047
서울특별시 은평구 진관동,은평뉴타운솔하임,45.034,202410,28,"55,000",6,개인,개인,2017,통일로 1080,37.6396694,126.9181075
서울특별시 서대문구 홍제동,홍제현대,75.15,202410,28,"82,500",5,개인,개인,1992,통일로39가길 57,37.5889949,126.9413986
서울특별시 양천구 목동,성원2,59.9,202410,28,"62,900",3,개인,개인,2000,목동중앙남로 100,37.5427541,126.8634712
서울특별시 강서구 등촌동,가양역두산위브,50.09,202410,28,"75,000",8,개인,개인,2022,공항대로45길 15,37.5561389,126.8544821
서울특별시 마포구 용강동,이편한세상마포리버파크,59.98,202410,28,"179,000",14,개인,개인,2016,토정로31길 24,37.5415624,126.9437176
서울특별시 양천구 신월동,보아스청와,70.82,202410,28,"39,500",4,개인,개인,2004,오목로3길 32,37.5241314,126.8386402
서울특별시 은평구 신사동,신사씨티,58.09,202410,27,"38,400",2,개인,개인,1993,가좌로 391,37.6003547,126.9041068
서울특별시 양천구 목동,목동신시가지5,65.08,202410,27,"195,000",10,개인,개인,1986,목동동로 350,37.5341154,126.882084
서울특별시 은평구 진관동,은평뉴타운기자촌11단지,59.88,202410,27,"69,000",13,개인,개인,2015,연서로46길 7,37.6363228,126.9346539
서울특별시 동작구 신대방동,현대,84.57,202410,27,"99,000",15,개인,개인,1996,여의대방로 28,37.494565,126.9122485
서울특별시 강동구 길동,신암가온,56.7,202410,27,"47,000",10,개인,개인,2002,천호대로177길 55,37.5369643,127.1379657
서울특별시 강동구 천호동,골드하임(102동),84.27,202410,27,"63,000",4,개인,개인,2005,천중로35가길 19,37.5418429,127.1385346
서울특별시 성북구 석관동,코오롱,59.94,202410,27,"58,750",20,개인,개인,1999,한천로 509,37.6062614,127.0657236
서울특별시 노원구 월계동,삼호4,50.18,202410,26,"57,950",4,개인,개인,1987,마들로 127,37.6265223,127.0641587
서울특별시 노원구 상계동,수락리버시티3단지,84.69,202410,26,"63,000",2,개인,개인,2009,누원로 28,37.6875043,127.0544509
서울특별시 노원구 하계동,학여울청구,84.77,202410,26,"80,000",10,개인,개인,1999,동일로207길 186,37.6363492,127.0613398
서울특별시 은평구 구산동,갈현현대,59.94,202410,26,"41,000",4,개인,개인,1998,서오릉로21길 36,37.612981,126.9055382
서울특별시 성북구 정릉동,정릉e-편한세상,114.56,202410,26,"90,000",12,개인,개인,2006,솔샘로24길 15,37.6151944,127.0102048
서울특별시 은평구 불광동,북한산힐스테이트1차아파트,59.817,202410,26,"73,000",11,개인,개인,2009,불광로2길 33,37.6126463,126.9370097
서울특별시 영등포구 당산동4가,당산현대5차,59.85,202410,26,"105,000",17,개인,개인,2000,당산로42길 16,37.5296392,126.9008126
서울특별시 영등포구 여의도동,브라이튼여의도,101.9509,202410,26,"369,100",14,개인,법인,2023,국제금융로 39,37.5218921,126.9303477
서울특별시 구로구 개봉동,한마을,123.46,202410,26,"62,300",1,개인,개인,1999,경인로 382,37.4952641,126.8625018
서울특별시 영등포구 영등포동,영등포푸르지오,79.777,202410,26,"109,000",9,개인,개인,2002,도신로29길 28,37.5115331,126.90239
서울특별시 동작구 사당동,사당우성2,46.75,202410,26,"85,800",8,개인,개인,1993,동작대로29길 91,37.4896386,126.9759403
서울특별시 구로구 신도림동,대림e-편한세상7,84.928,202410,26,"124,000",8,개인,개인,2004,신도림로 56-13,37.5084841,126.8827725
서울특별시 강서구 방화동,방화5,33.18,202410,26,"38,000",11,개인,개인,1994,금낭화로 287-19,37.5771886,126.8102531
서울특별시 영등포구 영등포동1가,여의도이튼브라운,31.19,202410,26,"41,800",12,개인,개인,2022,경인로114길 6,37.5177364,126.9143049
서울특별시 서대문구 홍은동,북한산두산위브2차,59.7501,202410,26,"76,800",9,개인,개인,2021,홍은중앙로1길 100,37.599995,126.9443368
서울특별시 은평구 진관동,박석고개1단지힐스테이트(116~131동)BL2-1,59.85,202410,26,"79,000",2,개인,개인,2009,진관1로 21-10,37.6331033,126.9213831
서울특별시 서대문구 북아현동,두산,59.96,202410,26,"85,000",16,개인,개인,1999,이화여대8길 62,37.5591787,126.9501091
서울특별시 마포구 신정동,서강GS,59.98,202410,26,"108,000",19,개인,개인,1999,창전로 26,37.5439767,126.9310986
서울특별시 은평구 응암동,백련산파크자이,59.905,202410,26,"81,500",6,개인,개인,2021,백련산로 67,37.5921731,126.9220015
서울특별시 은평구 응암동,프라임팰리스,71.16,202410,26,"46,000",12,개인,개인,2003,은평로 96,37.5994314,126.9184592
서울특별시 강서구 등촌동,부영,80.64,202410,26,"90,000",13,개인,개인,1994,강서로56나길 110,37.5635575,126.8436412
서울특별시 서대문구 냉천동,동부센트레빌,59.86,202410,26,"73,000",6,개인,개인,2002,독립문로14길 74,37.5666065,126.9600124
서울특별시 서초구 서초동,래미안서초에스티지S,111.01,202410,26,"332,500",6,개인,개인,2018,서운로 104,37.4931888,127.0270754
서울특별시 송파구 송파동,2차한양아파트,146.96,202410,26,"188,000",4,개인,개인,1984,가락로 192,37.5050875,127.1161782
서울특별시 송파구 송파동,2차한양아파트,126.9,202410,26,"180,000",4,개인,개인,1984,가락로 192,37.5050875,127.1161782
서울특별시 관악구 신림동,태흥,59.86,202410,26,"43,300",19,개인,개인,1995,호암로 541,37.465993,126.9310291
서울특별시 강동구 상일동,중앙하이츠,84.23,202410,26,"93,000",1,개인,개인,1992,구천면로 557,37.5506496,127.1597978
서울특별시 강동구 암사동,선사현대아파트,82.94,202410,26,"139,000",11,개인,개인,2000,상암로 11,37.552396,127.1258146
서울특별시 강동구 명일동,래미안솔베뉴,59.11,202410,26,"137,000",14,개인,개인,2019,양재대로 1650,37.5527708,127.1453519
서울특별시 강동구 상일동,중앙하이츠,52.74,202410,26,"69,000",13,개인,개인,1992,구천면로 557,37.5506496,127.1597978
서울특별시 중랑구 신내동,신내9진흥,49.93,202410,26,"44,500",4,개인,개인,1996,신내로 127,37.6119852,127.0947268
서울특별시 동대문구 전농동,전농우성,59.78,202410,26,"58,500",7,개인,개인,1992,사가정로 191,37.5772715,127.0649582
서울특별시 성동구 행당동,행당한진타운,84.71,202410,26,"145,000",18,개인,개인,2000,행당로 82,37.5558801,127.0292075
서울특별시 성동구 금호동2가,신금호파크자이,84.98,202410,25,"167,500",2,개인,개인,2016,금호로 173,37.5554459,127.018621
서울특별시 중랑구 묵동,이편한세상화랑대,59.953,202410,25,"87,000",11,개인,개인,2017,숙선옹주로 45,37.6161994,127.0826733
서울특별시 양천구 목동,상진지오벨리,84.8,202410,25,"56,000",5,개인,개인,2004,목동중앙남로3가길 127,37.5413694,126.8639729
서울특별시 서대문구 홍제동,홍제역해링턴플레이스,59.99,202410,25,"93,100",1,개인,법인,2024,세무서8길 30,37.5900202,126.9485643
서울특별시 서대문구 홍제동,인왕산현대,59.93,202410,25,"69,500",16,개인,개인,2000,통일로34길 46,37.5855294,126.9508205
서울특별시 은평구 증산동,두산위브,84.4215,202410,25,"73,000",3,개인,개인,2005,증산서길 79,37.5840143,126.9063173
서울특별시 은평구 신사동,신사씨티,58.09,202410,25,"38,500",13,개인,개인,1993,가좌로 391,37.6003547,126.9041068
서울특별시 노원구 상계동,은빛1단지,59.95,202410,25,"53,600",15,개인,개인,1998,동일로245길 162,37.6815167,127.0538446
서울특별시 은평구 녹번동,녹번JR아파트,59.866,202410,25,"59,000",12,개인,개인,2002,통일로 586-19,37.6000735,126.9379214
서울특별시 노원구 월계동,청백3,49.77,202410,25,"37,800",14,개인,개인,1998,월계로45가길 89,37.6317699,127.0501857
서울특별시 노원구 상계동,은빛2단지,59.95,202410,25,"53,000",11,개인,개인,1998,동일로245가길 41,37.6799626,127.0535049
서울특별시 도봉구 도봉동,한신,84.94,202410,25,"56,000",4,개인,개인,1995,마들로 859-19,37.6857362,127.0480605
서울특별시 노원구 월계동,청백4,49.77,202410,25,"37,800",9,개인,개인,1998,월계로45가길 94,37.6316903,127.0517112
서울특별시 강북구 미아동,송천센트레빌,114.475,202410,25,"110,000",7,개인,개인,2010,숭인로 39,37.612752,127.0258145
서울특별시 구로구 구로동,구로궁전빌리지(771-42),59.4,202410,25,"23,000",3,개인,개인,1985,구로동로18길 57,37.4873203,126.8877229
서울특별시 구로구 구로동,한신,44.78,202410,25,"42,500",5,개인,개인,1988,구일로8길 63,37.4964976,126.8736589
서울특별시 구로구 구로동,청우아트빌라3차,42.3,202410,25,"17,500",4,개인,개인,1994,구로동로12길 45,37.4886644,126.8864271
서울특별시 동작구 흑석동,흑석동양아파트,84.991,202410,25,"105,000",2,개인,개인,2003,서달로1길 17,37.5003953,126.9586955
서울특별시 강동구 고덕동,고덕 아이파크,114.98,202410,25,"175,000",13,개인,개인,2011,동남로79길 26,37.5589299,127.1552406
서울특별시 관악구 봉천동,관악푸르지오,59.58,202410,25,"80,500",11,개인,개인,2004,관악로30길 27,37.4860127,126.9618587
서울특별시 관악구 봉천동,동원낙성대,74.75,202410,25,"80,000",7,개인,개인,2004,낙성대역길 19,37.4764523,126.9620921
서울특별시 관악구 봉천동,프라비다2,15.64,202410,25,"14,800",12,개인,개인,2013,남부순환로218길 37,37.4796789,126.9504553
서울특별시 송파구 잠실동,리센츠,98.55,202410,24,"317,000",20,개인,개인,2008,올림픽로 135,37.5140588,127.0884544
서울특별시 서초구 반포동,반포푸르지오,59.91,202410,24,"197,000",11,개인,개인,2000,신반포로15길 4,37.5038883,126.9964541
서울특별시 도봉구 창동,북한산아이파크5차,84.4516,202410,24,"94,000",19,개인,개인,2004,도봉로136길 28,37.6579094,127.0436338
서울특별시 성북구 석관동,코오롱,59.94,202410,24,"59,500",3,개인,개인,1999,한천로 509,37.6062614,127.0657236
서울특별시 은평구 불광동,북한산힐스테이트1차아파트,84.369,202410,24,"84,300",6,개인,개인,2009,불광로2길 33,37.6126463,126.9370097
서울특별시 노원구 상계동,보람아파트,54.59,202410,24,"48,000",7,개인,개인,1988,한글비석로 479,37.6627823,127.0643971
서울특별시 도봉구 창동,동아청솔,84.97,202410,24,"95,000",24,개인,개인,1997,노해로69길 103,37.6572501,127.0483041
서울특별시 노원구 월계동,현대,114.99,202410,24,"85,000",12,개인,개인,2000,석계로 49,37.6185529,127.0625822
서울특별시 노원구 중계동,중계그린1단지,39.78,202410,24,"41,500",14,개인,개인,1990,동일로207길 17,37.642026,127.0641086
서울특별시 중구 신당동,삼성,59.97,202410,24,"93,000",7,개인,개인,1999,청구로1길 23,37.5581685,127.0178958
서울특별시 성동구 금호동3가,금호한신,84.49,202410,24,"125,000",10,개인,개인,2005,금호산길 27,37.5503302,127.017936
서울특별시 중랑구 면목동,면목한신,44.5,202410,24,"44,500",12,개인,개인,1988,중랑천로 20,37.587504,127.0754651
서울특별시 성동구 금호동4가,힐스테이트서울숲리버,84.92,202410,24,"185,000",8,개인,개인,2018,독서당로 344,37.5468032,127.0265652
서울특별시 양천구 신정동,목동신시가지10,79.55,202410,24,"185,000",13,개인,개인,1988,목동서로 400,37.5174035,126.8586826
서울특별시 서대문구 냉천동,동부센트레빌,59.86,202410,24,"72,000",14,개인,법인,2002,독립문로14길 74,37.5666065,126.9600124
서울특별시 강서구 화곡동,프라임하우스(916-9),34.32,202410,24,"23,750",10,개인,개인,2013,월정로20길 82,37.5297608,126.8432401
서울특별시 마포구 공덕동,공덕SK리더스뷰,97.7,202410,24,"210,000",11,개인,개인,2021,백범로31길 7,37.5456175,126.9487941
서울특별시 강서구 마곡동,마곡엠벨리(15단지),84.88,202410,24,"112,000",9,개인,개인,2014,마곡중앙로 36,37.5567469,126.8281224
서울특별시 구로구 구로동,한일유앤아이,84.962,202410,24,"68,000",17,개인,개인,2006,가마산로 87,37.4864733,126.8760531
서울특별시 동작구 상도동,경향렉스빌,61.5494,202410,24,"68,000",10,개인,개인,2002,양녕로23길 9,37.4952966,126.9419355
서울특별시 영등포구 신길동,힐스테이트클래시안,59.91,202410,24,"128,000",23,개인,개인,2020,신길로28길 9,37.5041295,126.9119335
서울특별시 금천구 시흥동,럭키남서울아파트,41.26,202410,24,"42,000",7,개인,개인,1981,시흥대로47길 43,37.4504215,126.8993776
서울특별시 구로구 구로동,한일유앤아이,84.962,202410,24,"68,000",17,개인,개인,2006,가마산로 87,37.4864733,126.8760531
서울특별시 금천구 시흥동,럭키남서울아파트,41.26,202410,23,"42,000",7,개인,개인,1981,시흥대로47길 43,37.4504215,126.8993776
서울특별시 동작구 상도동,래미안상도3차,59.97,202410,23,"115,000",15,개인,개인,2004,상도로53길 8,37.499352,126.9547334
서울특별시 동작구 사당동,극동(105),51.57,202410,23,"87,000",3,개인,개인,1993,동작대로29길 119,37.4896386,126.9759403
서울특별시 강서구 내발산동,마곡수명산파크1단지,84.82,202410,23,"101,000",1,개인,개인,2007,강서로47길 108,37.5543776,126.8302062
서울특별시 구로구 개봉동,개봉동현대아이파크,84.98,202410,23,"89,000",7,개인,개인,2006,개봉로2길 133-15,37.4900602,126.8597864
서울특별시 동대문구 장안동,신부파스카(563),84.99,202410,23,"70,000",3,개인,개인,2005,장한로12길 35,37.5655167,127.0699634
서울특별시 송파구 신천동,파크리오,84.9,202410,23,"210,000",1,개인,개인,2008,올림픽로 435,37.5205362,127.1061511
서울특별시 관악구 봉천동,프라비다2,18.83,202410,23,"15,300",11,개인,개인,2013,남부순환로218길 37,37.4796789,126.9504553
서울특별시 강남구 수서동,신동아,39.53,202410,23,"122,000",12,개인,개인,1992,광평로47길 17,37.4870722,127.0984431
서울특별시 노원구 공릉동,한일휴니스빌,13.62,202410,23,"12,900",16,개인,개인,2013,화랑로 421,37.6175225,127.0743364
서울특별시 노원구 월계동,초안1,39.6,202410,23,"24,000",12,개인,개인,1998,덕릉로60길 185,37.6329928,127.0442906
서울특별시 강북구 미아동,경남아너스빌(1356-0),59.964,202410,23,"64,500",17,개인,개인,2003,오패산로30길 30,37.6152291,127.0357119
서울특별시 은평구 구산동,경향파크,84.06,202410,23,"45,200",8,개인,개인,1989,갈현로15길 53,37.6105713,126.9057607
서울특별시 도봉구 창동,수산트리플,59.86,202410,23,"54,400",5,개인,개인,2004,우이천로20길 6,37.6404364,127.034149
서울특별시 성북구 돈암동,한진(609-1),59.58,202410,23,"57,300",12,개인,개인,1998,성북로4길 52,37.5948075,127.0103188
서울특별시 노원구 상계동,수락리버시티3단지,84.69,202410,23,"63,000",6,개인,개인,2009,누원로 28,37.6875043,127.0544509
서울특별시 양천구 목동,금호1,59.88,202410,23,"122,000",11,개인,개인,1997,목동동로 258,37.5252744,126.8746771
서울특별시 강서구 화곡동,성재센트리움아파트,16.56,202410,23,"16,500",5,개인,개인,2016,화곡로 176-19,37.5414634,126.8417672
서울특별시 마포구 상암동,상암월드컵파크9단지,84.94,202410,23,"97,800",12,개인,개인,2010,월드컵북로 501,37.583453,126.8786598
서울특별시 서대문구 홍제동,홍제역해링턴플레이스,59.99,202410,23,"97,900",1,개인,법인,2024,세무서8길 30,37.5900202,126.9485643
서울특별시 양천구 신월동,금하뜨라네,84.71,202410,23,"38,000",7,개인,개인,2016,가로공원로56길 10,37.5341197,126.8238287
서울특별시 은평구 신사동,신사씨티,58.09,202410,23,"41,500",13,개인,개인,1993,가좌로 391,37.6003547,126.9041068
서울특별시 마포구 망원동,마포한강아이파크,84.2293,202410,23,"151,500",9,개인,개인,2019,희우정로 77,37.5525936,126.9031347
서울특별시 양천구 목동,목동신시가지6,47.94,202410,23,"150,000",4,개인,개인,1986,목동동로 430,37.5346421,126.8848163
서울특별시 강동구 암사동,선사현대아파트,59.64,202410,23,"101,800",9,개인,개인,2000,상암로 11,37.552396,127.1258146
서울특별시 강동구 천호동,천호태영아파트,59.63,202410,23,"87,000",20,개인,개인,1999,천호대로 1055,37.538155,127.1299846
서울특별시 강동구 암사동,힐스테이트 강동 리버뷰,59.9958,202410,23,"109,000",9,개인,개인,2019,올림픽로91길 30,37.5488496,127.1253672
서울특별시 강동구 길동,동삼빌라트,58.96,202410,23,"47,300",8,개인,개인,1998,천호대로197길 70,37.538958,127.1476677
서울특별시 강동구 성내동,아이퍼스트빌,15.94,202410,22,"13,000",5,개인,개인,2012,천호대로174길 16,37.5342672,127.1345281
서울특별시 강동구 상일동,동아,59.25,202410,22,"52,000",9,개인,개인,1997,상암로81길 7,37.5461442,127.1674872
서울특별시 강동구 길동,강동큐브(2차),15.12,202410,22,"9,000",15,개인,개인,2013,진황도로 85,37.5366326,127.1361531
서울특별시 송파구 오금동,명성화인캐슬,84.97,202410,22,"50,000",6,개인,개인,2003,동남로30길 16,37.5040722,127.1406265
서울특별시 강남구 개포동,대치푸르지오발라드,41.3882,202410,22,"106,590",7,개인,법인,2024,개포로 407,37.4873309,127.0606563
서울특별시 강남구 개포동,대치푸르지오발라드,55.4924,202410,22,"138,924",9,개인,법인,2024,개포로 407,37.4873309,127.0606563
서울특별시 강남구 삼성동,레미안삼성1차(101동),84.98,202410,22,"225,000",5,개인,개인,2005,영동대로114길 56,37.5171344,127.063973
서울특별시 강남구 자곡동,강남자곡 힐스테이트,84.39,202410,22,"123,500",9,개인,개인,2015,자곡로3길 21,37.4712792,127.0886878
서울특별시 관악구 봉천동,관악푸르지오,59.58,202410,22,"81,000",15,개인,개인,2004,관악로30길 27,37.4860127,126.9618587
서울특별시 송파구 잠실동,리센츠,124.22,202410,22,"348,000",9,개인,개인,2008,올림픽로 135,37.5140588,127.0884544
서울특별시 강남구 수서동,삼성,84.97,202410,22,"144,000",11,개인,개인,1997,광평로31길 27,37.4848958,127.0906778
서울특별시 강남구 개포동,대치푸르지오발라드,35.1099,202410,22,"93,534",7,개인,법인,2024,개포로 407,37.4873309,127.0606563
서울특별시 금천구 시흥동,관악산벽산타운5,84.97,202410,22,"56,700",7,개인,개인,2004,금하로 816,37.4482694,126.9187697
서울특별시 구로구 구로동,다울숲,84.01,202410,22,"67,000",4,개인,개인,2010,가마산로20다길 46,37.4922525,126.8885946
서울특별시 구로구 구로동,종인아네스트,16.04,202410,22,"10,500",19,개인,개인,2012,공원로7길 11,37.5019096,126.8884605
서울특별시 동작구 상도동,경향렉스빌,114.6534,202410,22,"89,000",10,개인,개인,2002,양녕로23길 9,37.4952966,126.9419355
서울특별시 구로구 개봉동,한양아이클래스구로,45.32,202410,22,"34,000",12,개인,개인,2018,개봉로23가길 10,37.4953547,126.8569298
서울특별시 구로구 구로동,비즈트위트그린,15.11,202410,22,"13,000",15,개인,개인,2012,구로중앙로18길 23,37.4953369,126.8904449
서울특별시 구로구 구로동,구로두산,44.64,202410,22,"45,800",19,개인,개인,1998,도림로 59,37.4893405,126.8892594
서울특별시 중랑구 면목동,쌍용더플래티넘용마산,59.9676,202410,22,"89,000",11,개인,개인,2020,용마산로 209,37.5724729,127.0853836
서울특별시 중구 흥인동,동대문와이즈캐슬,22.07,202410,22,"19,000",12,개인,개인,2014,퇴계로75길 7,37.5658402,127.0154683
서울특별시 종로구 홍파동,경희궁자이(2단지),101.9914,202410,22,"266,000",20,개인,개인,2017,송월길 99,37.5708297,126.9635609
서울특별시 종로구 평창동,밀레니엄,83.7,202410,22,"70,000",3,개인,개인,2017,평창12길 14-4,37.6069992,126.9676001
서울특별시 종로구 숭인동,종로청계힐스테이트,114.7153,202410,22,"120,000",11,개인,개인,2009,숭인동길 21,37.5760301,127.0211514
서울특별시 중랑구 상봉동,센트럴파크55,48.83,202410,22,"47,000",8,개인,개인,2019,봉우재로 155,37.5937758,127.0899963
서울특별시 중랑구 상봉동,상봉힐스테이,14.47,202410,22,"17,845",3,공공기관,법인,2021,봉우재로37길 17,37.5936954,127.087754
서울특별시 성동구 금호동2가,래미안하이리버,114.32,202410,22,"182,000",3,개인,개인,2012,금호로 107,37.551292,127.0245415
서울특별시 강서구 염창동,태영,84.93,202410,22,"70,000",15,개인,개인,1999,공항대로61길 60,37.5533765,126.8672114
서울특별시 서대문구 연희동,선명(102동),62.54,202410,22,"42,000",3,개인,개인,2004,증가로 74,37.5740292,126.9278777
서울특별시 강서구 화곡동,살렘,56.85,202410,22,"23,000",3,개인,개인,2002,초록마을로 77,37.5412244,126.850933
서울특별시 서대문구 북아현동,경남102동,96.49,202410,22,"130,000",9,개인,개인,2008,북아현로6길 15,37.5612087,126.9570281
서울특별시 양천구 목동,목동신시가지5,95.06,202410,22,"239,000",4,개인,개인,1986,목동동로 350,37.5341154,126.882084
서울특별시 양천구 목동,목동신시가지4,48.69,202410,22,"147,500",12,개인,개인,1986,목동서로 130,37.5319314,126.8715915
서울특별시 성북구 길음동,길음뉴타운7단지(두산위브),59.99,202410,22,"86,000",7,개인,개인,2010,길음로13길 22,37.609776,127.018829
서울특별시 노원구 공릉동,건영아파트,59.94,202410,22,"51,500",9,개인,개인,1998,동일로173가길 145,37.6244389,127.0714104
서울특별시 강북구 수유동,수유역하이씨티,12.33,202410,22,"8,500",11,개인,개인,2014,도봉로71가길 16,37.6320776,127.0225455
서울특별시 도봉구 쌍문동,금호1,36.36,202410,22,"28,250",7,개인,개인,1990,해등로26길 20,37.6590629,127.033472
서울특별시 성북구 하월곡동,래미안월곡,84.589,202410,22,"92,000",10,개인,개인,2006,오패산로 90,37.61044,127.0368734
서울특별시 노원구 공릉동,풍림아파트B,31.32,202410,22,"29,000",4,개인,개인,2001,섬밭로 134,37.6284092,127.0692533
서울특별시 성북구 길음동,길음뉴타운4단지(e편한세상),59.86,202410,22,"76,500",12,개인,개인,2005,길음로 118,37.612067,127.019649
서울특별시 강북구 번동,번동솔그린,59.82,202410,22,"43,000",10,개인,개인,1999,한천로109길 83,37.6261781,127.0393674
서울특별시 성북구 길음동,롯데캐슬클라시아,59.8745,202410,22,"120,000",12,개인,개인,2022,숭인로8길 80,37.6090477,127.0271592
서울특별시 도봉구 쌍문동,한양2,76.92,202410,22,"38,000",2,개인,개인,1988,해등로 231,37.6570391,127.0313224
서울특별시 은평구 갈현동,대경아르체,65.89,202410,22,"85,400",16,개인,법인,2024,통일로 897,37.6230817,126.9194278
서울특별시 도봉구 창동,삼성래미안,73.92,202410,22,"79,000",17,개인,개인,1992,노해로66길 21,37.6490829,127.0485403
서울특별시 도봉구 창동,대우그린,84.93,202410,21,"75,500",6,개인,개인,2000,덕릉로 371,37.6426571,127.0450782
서울특별시 성북구 하월곡동,삼전솔하임3차,15.62,202410,21,"11,000",19,개인,개인,2013,동소문로46길 18,37.6068619,127.0299632
서울특별시 도봉구 창동,대우그린,59.97,202410,21,"62,000",10,개인,개인,2000,덕릉로 371,37.6426571,127.0450782
서울특별시 은평구 구산동,갈현현대,84.83,202410,21,"56,500",6,개인,개인,1998,서오릉로21길 36,37.612981,126.9055382
서울특별시 성북구 정릉동,정릉중앙하이츠아파트,84.31,202410,21,"44,000",18,개인,개인,1999,보국문로32길 53,37.6195594,127.0020847
서울특별시 도봉구 도봉동,럭키,84.86,202410,21,"53,400",10,개인,개인,1992,도봉로169길 31,37.6792277,127.0444167
서울특별시 구로구 개봉동,개봉푸르지오,84.83,202410,21,"84,000",3,개인,개인,2014,남부순환로 775,37.5004098,126.848132
서울특별시 금천구 독산동,라이프,84.74,202410,21,"47,000",1,개인,개인,1996,벚꽃로 60,37.4610799,126.8922701
서울특별시 영등포구 당산동5가,당산효성1차,59.85,202410,21,"110,000",16,개인,개인,1999,당산로42길 13,37.530685,126.9017363
서울특별시 구로구 구로동,중앙하이츠,79.97,202410,21,"65,000",10,개인,개인,1987,구일로8길 92,37.4967783,126.8760986
서울특별시 동작구 본동,한강쌍용,59.64,202410,21,"90,000",6,개인,개인,1999,노량진로24길 2,37.5122215,126.9530679
서울특별시 금천구 독산동,한신아파트,89.46,202410,21,"42,000",7,개인,개인,1991,한내로 62,36.3446406,126.609458
서울특별시 영등포구 도림동,영등포아트자이,84.854,202410,21,"117,000",10,개인,개인,2014,도영로 66,37.5101954,126.9002735
서울특별시 금천구 독산동,신도브래뉴,116.29,202410,21,"60,000",1,개인,개인,2002,시흥대로152길 25,37.4773996,126.9002386
서울특별시 강동구 성내동,중명,84.58,202410,21,"50,000",6,개인,개인,1999,강동대로51길 75,37.5268828,127.1308728
서울특별시 강남구 삼성동,한일,55.34,202410,21,"157,000",10,개인,개인,2001,봉은사로73길 23,37.5139819,127.0498761
서울특별시 강남구 논현동,신동아(22),84.52,202410,21,"173,800",10,개인,개인,1997,강남대로146길 28,37.5147153,127.0226688
서울특별시 강남구 대치동,동부센트레빌,145.83,202410,21,"480,000",23,개인,개인,2005,선릉로 206,37.4927927,127.0557447
서울특별시 강남구 삼성동,삼성동힐스테이트 1단지,84.236,202410,21,"237,000",1,개인,개인,2008,학동로68길 29,37.5163059,127.0484473
서울특별시 서초구 반포동,반포미도,84.96,202410,21,"283,000",7,개인,개인,1987,서초중앙로29길 28,37.5013538,127.0087793
서울특별시 은평구 증산동,DMC월드,83.151,202410,21,"80,000",17,개인,개인,2002,증산로 333,37.5879152,126.9098399
서울특별시 마포구 대흥동,대흥동세양,84.6,202410,21,"104,500",2,개인,개인,2000,독막로 288,37.5444469,126.9448688
서울특별시 마포구 신수동,대원칸타빌,117.183,202410,21,"148,000",10,개인,개인,2004,창전로2길 10,37.5480837,126.9336587
서울특별시 양천구 신월동,예지보금자리74차,58.9,202410,21,"22,000",6,개인,개인,2014,오목로15길 20-1,37.524892,126.8459247
서울특별시 강서구 염창동,한강동아,114.78,202410,21,"145,000",13,개인,개인,1998,양천로73길 80,37.5539725,126.8742099
서울특별시 양천구 신월동,신목동비바힐스,64.64,202410,21,"49,710",14,개인,법인,2023,신월로 123,37.5182791,126.8445939
서울특별시 서대문구 홍제동,금호어울림,84.949,202410,21,"97,000",4,개인,개인,2016,모래내로 411,37.5845646,126.9408681
서울특별시 서대문구 홍제동,홍제삼성래미안,60,202410,21,"71,000",6,개인,개인,2001,통일로 319,37.5598665,126.9708838
서울특별시 양천구 신정동,목동신시가지14,55.02,202410,21,"137,000",4,개인,개인,1988,목동동로 130,37.5161905,126.8703376
서울특별시 서대문구 남가좌동,디엠씨엘가,30.36,202410,21,"33,000",8,개인,법인,2017,모래내로 151,37.5699522,126.9177853
서울특별시 중랑구 상봉동,건영1,84.96,202410,21,"61,800",25,개인,개인,1997,봉화산로48길 62,37.603997,127.0935449
서울특별시 성동구 금호동4가,대우,114.71,202410,21,"189,000",13,개인,개인,2001,독서당로 272,37.5459724,127.0196834
서울특별시 중랑구 면목동,용마한신,35.44,202410,21,"33,500",3,개인,개인,1990,사가정로71길 19,37.5813205,127.095949
서울특별시 중랑구 면목동,현대,84.99,202410,21,"71,000",10,개인,개인,1994,용마산로 252,37.5762577,127.0897874
서울특별시 중랑구 면목동,한양수자인사가정파크,84.989,202410,21,"104,000",3,개인,개인,2019,사가정로72길 26,37.5795605,127.0939006
서울특별시 성동구 옥수동,한남하이츠,177.16,202410,21,"380,000",10,개인,개인,1982,독서당로 156,37.5397394,127.0141579
서울특별시 중랑구 면목동,현대,72.63,202410,21,"61,750",3,개인,개인,1994,용마산로 252,37.5762577,127.0897874
서울특별시 동대문구 전농동,전농동신성미소지움,112.874,202410,21,"119,500",4,개인,개인,2005,서울시립대로 75,37.5783114,127.0485272
서울특별시 중구 황학동,롯데캐슬,84.97,202410,20,"99,500",13,개인,개인,2008,청계천로 400,37.5709778,127.021434
서울특별시 용산구 이태원동,청화1,106.12,202410,20,"275,000",8,개인,개인,1982,장문로 27,37.5299475,126.9948071
서울특별시 중랑구 망우동,경남,59.94,202410,20,"43,000",2,개인,개인,1989,양원역로 37,37.6037964,127.10671
서울특별시 중랑구 신내동,신내 데시앙포레,84.91,202410,20,"71,800",1,개인,개인,2013,신내역로 165,37.6152512,127.1100427
서울특별시 강동구 성내동,한솔애리즈1,84.89,202410,20,"72,700",2,개인,개인,2002,풍성로 191,37.5301775,127.1333363
서울특별시 성북구 정릉동,정릉풍림아이원,59.88,202410,20,"49,800",10,개인,개인,2005,솔샘로 120,37.4247207,126.6643981
서울특별시 노원구 상계동,수락리버시티3단지,84.88,202410,20,"63,800",3,개인,개인,2009,누원로 28,37.6875043,127.0544509
서울특별시 성북구 하월곡동,월곡두산위브,84.843,202410,20,"73,500",1,개인,개인,2003,오패산로 46,37.6070327,127.0383656
서울특별시 영등포구 신길동,래미안영등포프레비뉴,84.98,202410,20,"137,500",8,개인,개인,2015,가마산로 442,37.50492,126.9081665
서울특별시 영등포구 당산동5가,성원,59.94,202410,20,"87,500",10,개인,개인,1997,양평로 57,37.5344144,126.8995628
서울특별시 영등포구 신길동,삼성,60.48,202410,20,"73,000",12,개인,개인,1984,여의대방로 45,37.4963658,126.9111928
서울특별시 양천구 목동,목동신시가지2,152.64,202410,20,"287,000",4,개인,개인,1986,목동서로 70,37.5374761,126.8759409
서울특별시 마포구 대흥동,대흥동태영아파트,59.4,202410,20,"123,000",5,개인,개인,1999,독막로 266,37.5447302,126.9425709
서울특별시 양천구 신정동,신트리4,48.96,202410,20,"55,400",11,개인,개인,2000,신정로 260,37.5112612,126.850766
서울특별시 은평구 진관동,상림마을7단지아이파크(706~708동)BL1-3,84.79,202410,20,"78,000",7,개인,개인,2008,진관4로 47,37.6460632,126.9262543
서울특별시 양천구 목동,목동신시가지6,47.94,202410,20,"147,500",3,개인,개인,1986,목동동로 430,37.5346421,126.8848163
서울특별시 마포구 대흥동,마포그랑자이(2단지),84.98,202410,20,"178,000",10,개인,개인,2020,대흥로 175,37.5553725,126.9444823
서울특별시 송파구 신천동,장미1,99,202410,20,"247,000",1,개인,개인,1979,올림픽로35길 104,37.5188846,127.0992806
서울특별시 강남구 개포동,개포주공7단지,53.46,202410,19,"228,000",3,개인,개인,1983,개포로 516,37.4888759,127.0716679
서울특별시 송파구 송파동,2차한양아파트,64.26,202410,19,"136,000",8,개인,개인,1984,가락로 192,37.5050875,127.1161782
서울특별시 강남구 개포동,개포주공5단지,53.98,202410,19,"224,750",4,개인,개인,1983,삼성로4길 17,37.4876225,127.0685038
서울특별시 강남구 일원동,디에이치자이개포,132.92,202410,19,"455,000",2,개인,개인,2021,영동대로 22,37.4909336,127.0751203
서울특별시 송파구 가락동,헬리오시티,84.98,202410,19,"231,000",23,개인,개인,2018,송파대로 345,37.497519,127.1072265
서울특별시 강남구 대치동,은마,84.43,202410,19,"280,000",2,개인,개인,1979,삼성로 212,37.4974176,127.0653272
서울특별시 강남구 대치동,대치르엘,59.9972,202410,19,"255,000",3,개인,개인,2021,도곡로93길 23,37.5019346,127.0648263
서울특별시 노원구 중계동,중계현대2,71.76,202410,19,"63,000",13,개인,개인,1991,한글비석로15길 51,37.655891,127.073994
서울특별시 성북구 정릉동,정릉풍림아이원,59.88,202410,19,"49,500",14,개인,개인,2005,솔샘로25길 11-11,37.6160983,127.0080964
서울특별시 성북구 돈암동,한진(609-1),59.58,202410,19,"61,300",5,개인,개인,1998,성북로4길 52,37.5948075,127.0103188
서울특별시 성북구 길음동,길음뉴타운9단지(래미안),114.91,202410,19,"130,000",7,개인,개인,2010,길음로9길 50,37.6037834,127.0194529
서울특별시 강북구 미아동,벽산라이브파크,84.89,202410,19,"62,000",5,개인,개인,2004,솔샘로 159,37.6211493,127.0108272
서울특별시 노원구 상계동,은빛2단지,59.95,202410,19,"54,000",5,개인,개인,1998,동일로245가길 41,37.6799626,127.0535049
서울특별시 성북구 장위동,석계역한일노벨리아시티,14.7145,202410,19,"11,500",6,개인,개인,2019,화랑로 299,37.6135776,127.0611118
서울특별시 은평구 불광동,라이프미성,66.7,202410,19,"68,500",9,개인,개인,1988,통일로 780,37.6149286,126.9283096
서울특별시 은평구 수색동,DMC롯데캐슬더퍼스트,39.83,202410,19,"61,000",2,개인,개인,2021,수색로 300,37.5842799,126.8925933
서울특별시 도봉구 도봉동,럭키,84.86,202410,19,"57,300",6,개인,개인,1992,도봉로169길 31,37.6792277,127.0444167
서울특별시 노원구 중계동,금호타운(583),59.52,202410,19,"53,000",6,개인,개인,1997,중계로12길 24,37.6470263,127.0812771
서울특별시 노원구 상계동,상계주공2(고층),38,202410,19,"39,000",3,개인,개인,1988,동일로 1355,37.6543386,127.0626961
서울특별시 성북구 돈암동,이수브라운스톤돈암,59.99,202410,19,"75,000",3,개인,개인,2004,북악산로 844,37.5978717,127.01779
서울특별시 노원구 상계동,벽산,43.35,202410,19,"31,300",8,개인,개인,1989,한글비석로 396,37.6614765,127.0728242
서울특별시 노원구 공릉동,풍림아파트A,59.94,202410,19,"64,000",7,개인,개인,2001,섬밭로 139,37.6291633,127.0668178
서울특별시 중구 신당동,남산타운,59.94,202410,19,"110,000",15,개인,개인,2002,다산로 32,37.5490132,127.0092806
서울특별시 동대문구 제기동,안암골벽산,84.98,202410,19,"84,800",18,개인,개인,2003,약령시로 25,37.5834525,127.0319102
서울특별시 중랑구 면목동,용마금호타운,84.9,202410,19,"68,000",14,개인,개인,1992,용마산로 348,37.582767,127.0942653
서울특별시 중랑구 면목동,면목삼호101,83.08,202410,19,"66,000",13,개인,개인,2000,용마산로 259,37.5764199,127.0884494
서울특별시 중랑구 상봉동,건영캐스빌,84.6475,202410,19,"83,500",3,개인,개인,2006,상봉중앙로8길 76,37.602535,127.0911872
서울특별시 중랑구 상봉동,건영1,84.96,202410,19,"65,500",16,개인,개인,1997,봉화산로48길 62,37.603997,127.0935449
서울특별시 중랑구 신내동,동성아파트,129.37,202410,19,"74,500",2,개인,개인,1997,봉화산로 216,37.6067262,127.0964444
서울특별시 중구 신당동,삼성,59.97,202410,19,"96,200",17,개인,개인,1999,청구로1길 23,37.5581685,127.0178958
서울특별시 동대문구 이문동,대우,84.89,202410,19,"72,500",2,개인,개인,2001,한천로58길 139,37.6025668,127.0697892
서울특별시 성동구 옥수동,래미안 옥수 리버젠,59.25,202410,19,"185,000",19,개인,개인,2012,매봉길 15,37.5449597,127.0138463
서울특별시 성동구 행당동,행당한진타운,114.62,202410,19,"148,000",15,개인,개인,2000,행당로 82,37.5558801,127.0292075
서울특별시 성동구 행당동,서울숲행당푸르지오,59.68,202410,19,"118,000",8,개인,개인,2011,고산자로 177,37.5551998,127.0324682
서울특별시 동대문구 휘경동,주공2,59.79,202410,19,"64,000",7,개인,개인,2001,한천로 248,37.5829867,127.0707472
서울특별시 중랑구 신내동,동성아파트,59.4,202410,19,"49,000",3,개인,개인,1997,봉화산로 216,37.6067262,127.0964444
서울특별시 성동구 금호동2가,래미안하이리버,59.99,202410,19,"147,000",14,개인,개인,2012,금호로 107,37.551292,127.0245415
서울특별시 중랑구 신내동,동성3,59.4,202410,19,"49,800",7,개인,개인,1997,신내로 110,37.608527,127.0962462
서울특별시 중랑구 신내동,신내9진흥,39.84,202410,19,"36,000",10,개인,개인,1996,신내로 127,37.6119852,127.0947268
서울특별시 동대문구 청량리동,현대,128.57,202410,19,"90,000",4,개인,개인,1987,약령시로21길 30,37.5849762,127.0463506
서울특별시 용산구 효창동,용산롯데캐슬센터포레,84.8757,202410,19,"194,500",18,개인,개인,2019,백범로 313,37.4632716,126.715121
서울특별시 동대문구 장안동,천강(332-6),109.78,202410,19,"51,000",6,개인,개인,1996,답십리로 319,37.5723111,127.0759193
서울특별시 광진구 광장동,극동2,102.61,202410,19,"208,000",3,개인,개인,1989,아차산로 552,37.5431583,127.1041888
서울특별시 성동구 하왕십리동,왕십리풍림아이원,59.936,202410,19,"102,000",15,개인,개인,2004,난계로 84,36.2118628,127.7010625
서울특별시 동대문구 전농동,동아,70.03,202410,19,"72,700",9,개인,개인,1997,서울시립대로 31,37.5748818,127.045704
서울특별시 광진구 자양동,자양7차현대홈타운,59.94,202410,19,"117,000",8,개인,개인,2001,능동로4길 41,37.5329775,127.0697684
서울특별시 종로구 평동,경희궁자이(3단지),84.614,202410,19,"205,000",14,개인,개인,2017,경교장길 35,37.5686016,126.966059
서울특별시 송파구 장지동,위례24단지(꿈에그린),84.98,202410,19,"160,000",7,개인,개인,2013,위례광장로 121,37.4759174,127.1393662
서울특별시 강동구 암사동,프라이어팰리스,59.983,202410,19,"102,000",1,개인,개인,2007,고덕로 130,37.5535267,127.1395007
서울특별시 강동구 암사동,선사현대아파트,59.64,202410,19,"104,700",10,개인,개인,2000,상암로 11,37.552396,127.1258146
서울특별시 양천구 신월동,태헌(신월프라자),56.97,202410,19,"27,500",9,개인,개인,1999,곰달래로5길 17,37.531115,126.8336049
서울특별시 강서구 화곡동,"우장산아이파크,이편한세상",59.98,202410,19,"84,000",3,개인,개인,2008,강서로 266,37.5493543,126.8387658
서울특별시 강서구 화곡동,"우장산아이파크,이편한세상",59.98,202410,19,"84,000",3,개인,개인,2008,강서로 266,37.5493543,126.8387658
서울특별시 강서구 화곡동,"우장산아이파크,이편한세상",84.97,202410,19,"126,500",5,개인,개인,2008,강서로 266,37.5493543,126.8387658
서울특별시 강서구 화곡동,강서힐스테이트,59.99,202410,19,"109,500",15,개인,개인,2015,우현로 67,37.5467405,126.8400355
서울특별시 강서구 화곡동,강서힐스테이트,84.99,202410,19,"129,500",10,개인,개인,2015,우현로 67,37.5467405,126.8400355
서울특별시 양천구 신정동,푸른마을4,84.99,202410,19,"76,200",3,개인,개인,2002,신정로7길 60-7,37.5132899,126.8390451
서울특별시 서대문구 남가좌동,DMC래미안클라시스,59.93,202410,19,"79,000",12,개인,개인,2000,증가로 191,37.5779334,126.9165623
서울특별시 서대문구 대현동,신촌럭키,83.38,202410,19,"92,400",4,개인,개인,1999,이화여대길 50-12,37.559518,126.9479577
서울특별시 서대문구 천연동,천연뜨란채,30.17,202410,19,"53,000",9,개인,개인,2006,독립문로8길 54,37.5675617,126.9584488
서울특별시 강서구 화곡동,유림노르웨이숲(919-1),64.05,202410,19,"56,000",8,개인,개인,2004,곰달래로 96,37.5312541,126.8514414
서울특별시 양천구 신월동,양천벽산블루밍2단지,59.98,202410,19,"56,000",4,개인,개인,2006,월정로9길 20,37.525063,126.8387343
서울특별시 은평구 응암동,백련산에스케이뷰아이파크,59.8545,202410,19,"83,900",3,개인,개인,2020,응암로30길 16,37.5949519,126.9209109
서울특별시 은평구 응암동,백련산힐스테이트4차,84.98,202410,19,"95,000",16,개인,개인,2018,백련산로 37,37.5901638,126.9215921
서울특별시 은평구 응암동,백련산힐스테이트1차,59.63,202410,19,"74,000",13,개인,개인,2011,백련산로2길 19,37.5924134,126.9252267
서울특별시 양천구 신정동,아이파크,84.88,202410,19,"167,500",16,개인,개인,2002,목동동로 180,37.5216472,126.8721607
서울특별시 양천구 신정동,목동신시가지9,106.93,202410,19,"223,000",8,개인,개인,1987,목동서로 340,37.5185416,126.8624047
서울특별시 마포구 마포동,강변한신코아,77.22,202410,19,"71,000",7,개인,개인,1992,마포대로4다길 18,37.5362976,126.9439291
서울특별시 양천구 신정동,목동신시가지14,74.19,202410,19,"155,000",15,개인,개인,1988,목동동로 130,37.5161905,126.8703376
서울특별시 마포구 연남동,새마을,41.65,202410,19,"44,400",2,개인,개인,1970,성미산로23길 54,37.5658991,126.9204881
서울특별시 양천구 신정동,동일하이빌2단지,84.955,202410,19,"96,000",18,개인,개인,2005,신정로11길 20,37.5118663,126.8391189
서울특별시 서대문구 홍은동,북한산두산위브,59.84,202410,19,"78,000",12,개인,개인,2020,홍은중앙로3길 9,37.5980188,126.9454447
서울특별시 양천구 목동,목동신시가지5,65.08,202410,19,"200,000",12,개인,개인,1986,목동동로 350,37.5341154,126.882084
서울특별시 영등포구 신길동,우성2,84.47,202410,19,"104,700",8,개인,개인,1986,대방천로 180,37.4982607,126.9125529
서울특별시 영등포구 신길동,신길자이,59.99,202410,19,"81,000",2,개인,개인,2011,가마산로79길 19,37.5064528,126.916587
서울특별시 영등포구 신길동,신길자이,59.99,202410,19,"86,000",14,개인,개인,2011,가마산로79길 19,37.5064528,126.916587
서울특별시 영등포구 신길동,힐스테이트클래시안,59.91,202410,19,"130,000",7,개인,개인,2020,신길로28길 9,37.5041295,126.9119335
서울특별시 금천구 시흥동,남서울건영2,61.14,202410,19,"43,000",15,개인,개인,1989,독산로10길 96,37.449368,126.9107061
서울특별시 영등포구 신길동,보라매에스케이뷰,84.98,202410,19,"153,000",22,개인,개인,2020,여의대방로35가길 19,37.502904,126.9174414
서울특별시 영등포구 신길동,래미안에스티움,84.97,202410,19,"155,000",8,개인,개인,2017,신풍로 77,37.5009072,126.913563
서울특별시 동작구 상도동,삼성래미안2,59.886,202410,19,"95,000",11,개인,개인,2003,상도로55길 47,37.498056,126.9582766
서울특별시 동작구 상도동,두산위브트레지움2차,84.864,202410,19,"149,000",19,개인,개인,2016,상도로30길 40,37.5038796,126.9427755
서울특별시 동작구 흑석동,아크로리버하임,59.9154,202410,19,"185,000",15,개인,개인,2019,현충로 52,37.5107584,126.9597429
서울특별시 영등포구 여의도동,삼익,123.27,202410,19,"250,000",3,개인,개인,1974,국제금융로 109,37.5197265,126.9342527
서울특별시 영등포구 신길동,래미안에스티움,39.85,202410,19,"83,500",10,개인,개인,2017,신풍로 77,37.5009072,126.913563
서울특별시 동작구 사당동,사당우성3,59.89,202410,19,"100,000",8,개인,개인,1993,동작대로29길 115,37.4896386,126.9759403
서울특별시 동작구 사당동,신동아4,59.89,202410,19,"97,000",7,개인,개인,1993,동작대로29길 110,37.4896386,126.9759403
서울특별시 강서구 내발산동,마곡수명산파크7단지,84.82,202410,19,"83,500",10,개인,개인,2008,수명로2가길 22,37.5481487,126.8227067
서울특별시 동작구 신대방동,현대,84.57,202410,19,"99,500",15,개인,개인,1996,여의대방로 28,37.494565,126.9122485
서울특별시 구로구 항동,항동제일풍경채포레스트,84.6614,202410,19,"69,000",16,개인,개인,2020,부광로 96-16,37.4760431,126.8165357
서울특별시 구로구 신도림동,대림e-편한세상7,116.308,202410,19,"149,500",7,개인,개인,2004,신도림로 56-13,37.5084841,126.8827725
서울특별시 구로구 구로동,현대연예인,84.91,202410,18,"64,000",11,개인,개인,1989,구일로4길 46,37.4929859,126.8771135
서울특별시 구로구 구로동,구로지웰,68.656,202410,18,"55,000",1,개인,개인,2011,구로동로28길 42,37.4906355,126.88651
서울특별시 금천구 시흥동,삼익,59.9,202410,18,"44,000",14,개인,개인,1999,독산로50길 89,37.4632778,126.9094469
서울특별시 강서구 방화동,마곡서광(치현마을),59.67,202410,18,"52,000",8,개인,개인,1998,양천로27길 129,37.5793085,126.8192982
서울특별시 영등포구 당산동5가,당산삼성래미안4차,115.78,202410,18,"185,000",14,개인,개인,2003,당산로 214,37.531956,126.903065
서울특별시 동작구 사당동,래미안로이파크,84.98,202410,18,"170,000",11,개인,개인,2018,사당로23길 112,37.4885212,126.9732477
서울특별시 동작구 사당동,사당우성2,59.89,202410,18,"105,000",9,개인,개인,1993,동작대로29길 91,37.4896386,126.9759403
서울특별시 중구 신당동,삼성,59.98,202410,18,"96,700",11,개인,개인,1999,청구로1길 23,37.5581685,127.0178958
서울특별시 광진구 광장동,현대파크빌,84.81,202410,18,"171,000",17,개인,개인,2000,아차산로 549,37.5441452,127.1015274
서울특별시 종로구 사직동,광화문스페이스본(101동~105동),108.55,202410,18,"169,000",4,개인,개인,2008,사직로8길 4,37.5744169,126.9688811
서울특별시 동대문구 휘경동,주공2,39.98,202410,18,"45,500",14,개인,개인,2001,한천로 248,37.5829867,127.0707472
서울특별시 중랑구 신내동,신내9진흥,33.18,202410,18,"28,000",9,개인,개인,1996,신내로 127,37.6119852,127.0947268
서울특별시 중구 묵정동,묵정,52.46,202410,18,"47,500",2,개인,개인,1981,서애로1길 34,37.5606814,127.0000529
서울특별시 동대문구 답십리동,우성그린,59.36,202410,18,"58,000",13,개인,개인,1997,답십리로59길 33,37.5748649,127.0660261
서울특별시 동대문구 회기동,신현대,55.89,202410,18,"62,000",13,개인,개인,1989,이문로1길 21,37.5896042,127.0518226
서울특별시 동대문구 이문동,신이문금호어울림,84.84,202410,18,"84,900",3,개인,개인,2008,신이문로 9,37.589071,127.0542948
서울특별시 동대문구 이문동,이문스카이뷰,25.99,202410,18,"38,000",9,개인,개인,2020,이문로 127,37.5980824,127.0610153
서울특별시 용산구 산천동,리버힐삼성,59.55,202410,18,"105,000",5,개인,개인,2001,효창원로 17,37.5348038,126.9501037
서울특별시 광진구 자양동,대동,84.65,202410,18,"125,000",14,개인,개인,1999,뚝섬로31길 20,37.5364277,127.0682849
서울특별시 광진구 광장동,유진스웰,165.327,202410,18,"190,000",7,개인,개인,2011,아차산로78길 7,37.5503992,127.1093024
서울특별시 관악구 봉천동,벽산블루밍,84.99,202410,18,"85,000",3,개인,개인,2005,은천로 93,37.4892875,126.9447672
서울특별시 관악구 봉천동,위너스이즈,59.74,202410,18,"42,000",5,개인,개인,2006,남부순환로228길 87,37.475885,126.9540183
서울특별시 송파구 잠실동,트리지움,114.7,202410,18,"280,000",3,개인,개인,2007,잠실로 62,37.5098873,127.0895702
서울특별시 송파구 풍납동,잠실올림픽공원아이파크,59.97,202410,18,"165,000",13,개인,개인,2019,올림픽로43길 34,37.5255475,127.1143527
서울특별시 관악구 신림동,산장그린,71.85,202410,18,"43,700",1,개인,개인,2002,문성로38라길 7,37.4753592,126.9296028
서울특별시 관악구 신림동,LIG대학마을(건영아파트3차),69.17,202410,18,"54,000",4,개인,개인,1996,신림로3길 40,37.4671423,126.9429448
서울특별시 강남구 청담동,PH129,273.96,202410,18,"1,024,000",8,개인,개인,2020,압구정로79길 88,37.5260623,127.0542667
서울특별시 강남구 청담동,청담대림이-편한세상,134.24,202410,18,"280,000",6,개인,개인,2002,학동로77길 27,37.5205036,127.0478363
서울특별시 강남구 개포동,개포래미안포레스트,59.96,202410,18,"235,000",25,개인,개인,2020,개포로 264,37.4786358,127.0538806
서울특별시 관악구 봉천동,e편한세상서울대입구1단지,84.93,202410,18,"125,000",6,개인,개인,2019,청룡10길 45,37.4781201,126.9433202
서울특별시 노원구 중계동,금호타운(583),59.52,202410,18,"51,500",12,개인,개인,1997,중계로12길 24,37.6470263,127.0812771
서울특별시 노원구 월계동,동신,91.91,202410,18,"67,000",1,개인,개인,1983,광운로2나길 30,37.6175521,127.0612663
서울특별시 도봉구 방학동,신동아아파트2,147.48,202410,18,"86,500",13,개인,개인,1992,방학로15길 40,37.6591075,127.0235176
서울특별시 도봉구 방학동,신동아아파트2,84.82,202410,18,"53,500",8,개인,개인,1992,방학로15길 40,37.6591075,127.0235176
서울특별시 노원구 하계동,극동,70.56,202410,18,"59,800",12,개인,개인,1988,섬밭로 229,37.6354449,127.0642439
서울특별시 노원구 월계동,삼호4,59.49,202410,18,"65,000",8,개인,개인,1987,마들로 127,37.6265223,127.0641587
서울특별시 노원구 상계동,중계센트럴파크,59.75,202410,18,"77,000",15,개인,개인,2016,덕릉로70가길 21,37.643181,127.0596833
서울특별시 성북구 정릉동,정릉2차e-편한세상,84.4,202410,18,"80,000",1,개인,개인,2009,북악산로 851,37.5999949,127.0194343
서울특별시 은평구 갈현동,미미,84.9,202410,18,"61,500",6,개인,개인,1997,갈현로29길 11,37.6189698,126.9135279
서울특별시 강북구 미아동,벽산라이브파크,84.89,202410,18,"64,000",18,개인,개인,2004,솔샘로 159,37.6211493,127.0108272
서울특별시 성북구 길음동,길음동동부센트레빌(1278-0),59.998,202410,18,"75,500",11,개인,개인,2003,숭인로2길 61,37.6103707,127.024274
서울특별시 강북구 번동,동문,59.64,202410,18,"50,500",9,개인,개인,1998,오현로 128,37.6239593,127.0380971
서울특별시 성북구 돈암동,돈암동해피트리,143.13,202410,18,"115,000",7,개인,개인,2013,아리랑로5길 92,37.5979908,127.0116912
서울특별시 노원구 상계동,상계주공4(고층),49.94,202410,18,"51,000",4,개인,개인,1988,동일로214길 21,37.6506353,127.0647516
서울특별시 노원구 중계동,양지마을(대림)2,59.4,202410,18,"63,000",14,개인,개인,1999,덕릉로73길 28,37.6534321,127.072311
서울특별시 양천구 신월동,새롬,56.54,202410,18,"34,700",4,개인,개인,2002,중앙로57길 35,37.5264644,126.845102
서울특별시 강서구 등촌동,등촌동아이파크,84.7556,202410,18,"92,500",19,개인,개인,2005,등촌로 163,37.5439159,126.8602292
서울특별시 강서구 화곡동,초록,49.77,202410,18,"42,000",4,개인,개인,1998,강서로45다길 30-27,37.545684,126.8336232
서울특별시 마포구 창전동,해모로,83.871,202410,18,"153,000",14,개인,개인,2007,토정로 167,37.5462717,126.9296859
서울특별시 마포구 노고산동,신촌포스빌,32.34,202410,18,"30,200",11,개인,개인,2004,신촌로 150,37.5564865,126.9395429
서울특별시 마포구 상암동,상암월드컵파크7단지,84.9,202410,18,"117,000",2,개인,개인,2005,상암산로1길 92,37.5817586,126.8814802
서울특별시 은평구 역촌동,청운퀸즈,75.665,202410,18,"52,000",5,개인,개인,2001,연서로 27,37.6016032,126.9155627
서울특별시 마포구 신공덕동,신공덕래미안3차,84.69,202410,18,"144,000",17,개인,개인,2003,만리재로 60,37.5549999,126.9659293
서울특별시 서대문구 홍제동,홍제역해링턴플레이스,84.95,202410,18,"125,600",1,개인,법인,2024,세무서8길 30,37.5900202,126.9485643
서울특별시 양천구 목동,행복자,69.11,202410,18,"52,000",5,개인,개인,2004,목동중앙북로8가길 23,37.5466291,126.8660092
서울특별시 양천구 목동,목동신시가지3,95.03,202410,18,"224,000",2,개인,개인,1986,목동서로 100,37.5343588,126.8729492
서울특별시 양천구 목동,부영2,141.7,202410,18,"194,000",7,개인,개인,2000,목동동로 401,37.5363533,126.8811224
서울특별시 은평구 진관동,상림마을7단지아이파크(706~708동)BL1-3,84.79,202410,18,"80,000",3,개인,개인,2008,진관4로 47,37.6460632,126.9262543
서울특별시 양천구 신정동,푸른마을2,59.85,202410,18,"60,500",8,개인,개인,2001,신정로7길 76,37.513551,126.8353703
서울특별시 마포구 성산동,성사1차풍림아파트101동,59.85,202410,18,"67,000",9,개인,개인,2000,성암로1길 8,37.5684893,126.9123897
서울특별시 양천구 신월동,신월시영,59.49,202410,18,"61,000",12,개인,개인,1988,신월로 99,37.5179066,126.8340997
서울특별시 서대문구 남가좌동,DMC파크뷰자이1단지,84.98,202410,17,"133,500",8,개인,개인,2015,가재울미래로 2,37.5722576,126.9178374
서울특별시 서대문구 남가좌동,DMC파크뷰자이1단지,84.968,202410,17,"130,000",4,개인,개인,2015,가재울미래로 2,37.5722576,126.9178374
서울특별시 은평구 응암동,백련산파크자이,59.789,202410,17,"80,000",11,개인,개인,2021,백련산로 67,37.5921731,126.9220015
서울특별시 강서구 등촌동,등촌동아이파크,84.9958,202410,17,"95,000",2,개인,개인,2004,등촌로 163,37.5439159,126.8602292
서울특별시 강서구 등촌동,부영,80.64,202410,17,"50,000",4,개인,개인,1994,강서로56나길 110,37.5635575,126.8436412
서울특별시 서대문구 홍제동,홍제원현대(459-0),59.93,202410,17,"72,000",7,개인,개인,2000,통일로34길 43,37.5876589,126.9495882
서울특별시 마포구 망원동,마포한강아이파크,84.58,202410,17,"149,500",12,개인,개인,2019,희우정로 77,37.5525936,126.9031347
서울특별시 마포구 공덕동,공덕현대,84.61,202410,17,"111,500",6,개인,개인,1989,마포대로11길 73,37.5482837,126.9501368
서울특별시 양천구 신정동,중앙하이츠목동펠리시티,65.92,202410,17,"91,700",5,개인,개인,2021,오목로 212,37.5254299,126.8613075
서울특별시 마포구 아현동,마포래미안푸르지오1단지,84.8919,202410,17,"195,000",15,개인,개인,2014,마포대로 195,37.5555928,126.9536568
서울특별시 양천구 신월동,목동센트럴아이파크위브1단지,59.97,202410,17,"99,500",15,개인,개인,2020,남부순환로83길 17,37.5165936,126.8419071
서울특별시 은평구 진관동,은평스카이뷰자이,84.7488,202410,17,"109,000",14,개인,개인,2019,통일로 1034,37.6349638,126.9179775
서울특별시 서대문구 홍은동,풍림2,58.5,202410,17,"59,500",13,개인,개인,1990,세검정로1길 35,37.5933774,126.9432047
서울특별시 강서구 염창동,현대아이파크,84.84,202410,17,"98,000",14,개인,개인,2005,공항대로 637,37.5475425,126.8757832
서울특별시 송파구 신천동,파크리오,84.97,202410,17,"257,000",23,개인,개인,2008,올림픽로 435,37.5205362,127.1061511
서울특별시 송파구 잠실동,주공아파트 5단지,76.5,202410,17,"282,700",13,개인,개인,1978,송파대로 567,37.5152448,127.0948683
서울특별시 강서구 방화동,방화5,39.6,202410,17,"40,000",10,개인,개인,1994,금낭화로 287-19,37.5771886,126.8102531
서울특별시 영등포구 신길동,한성,84.98,202410,17,"68,000",1,개인,개인,1997,가마산로 575,37.5046758,126.9193266
서울특별시 동작구 사당동,현대,51.66,202410,17,"66,000",8,개인,개인,1991,사당로17길 111,37.4881254,126.9703972
서울특별시 동작구 상도동,이수브라운스톤상도(527-0),84.84,202410,17,"129,250",17,개인,개인,2007,상도로31길 19,37.5060041,126.9438244
서울특별시 동작구 상도동,상도역롯데캐슬파크엘,84.9833,202410,17,"160,000",11,개인,개인,2021,양녕로 220,37.5005552,126.9460994
서울특별시 금천구 가산동,삼익,84.69,202410,17,"38,500",10,개인,개인,1998,두산로9길 56,37.4728961,126.8929962
서울특별시 영등포구 문래동5가,문래두산위브,65.46,202410,17,"71,000",4,개인,개인,1988,선유로9나길 8,37.5168744,126.8858178
서울특별시 영등포구 여의도동,브라이튼여의도,132.5963,202410,17,"526,900",16,개인,법인,2023,국제금융로 39,37.5218921,126.9303477
서울특별시 영등포구 여의도동,브라이튼여의도,101.9509,202410,17,"395,500",25,개인,법인,2023,국제금융로 39,37.5218921,126.9303477
서울특별시 동작구 흑석동,흑석한강센트레빌,84.91,202410,17,"180,000",13,개인,개인,2011,흑석한강로 12,37.5057927,126.9651627
서울특별시 영등포구 영등포동7가,경남아너스빌,114.77,202410,17,"123,000",5,개인,개인,1998,양산로 177,37.5239604,126.9027071
서울특별시 영등포구 문래동6가,현대2차,41.04,202410,17,"53,500",3,개인,개인,1987,문래로4길 6,37.5204418,126.882861
서울특별시 구로구 구로동,종인아네스트,16.04,202410,17,"10,950",16,개인,개인,2012,공원로7길 11,37.5019096,126.8884605
서울특별시 동대문구 답십리동,청계푸르지오시티,30.42,202410,17,"36,000",8,개인,개인,2015,천호대로 257,37.5398708,127.1452641
서울특별시 동대문구 이문동,이문2차푸르지오,84.79,202410,17,"70,700",9,개인,개인,2007,한천로58길 181,37.6043222,127.0704277
서울특별시 용산구 이태원동,남산대림,84.75,202410,17,"170,000",3,개인,개인,1994,녹사평대로 254,37.540709,126.9888252
서울특별시 중구 신당동,삼성,59.97,202410,17,"94,200",16,개인,개인,1999,청구로1길 23,37.5581685,127.0178958
서울특별시 용산구 이촌동,한강맨숀,87.54,202410,17,"380,000",3,개인,개인,1971,이촌로 248,37.5193297,126.9750267
서울특별시 동대문구 휘경동,현대,84.94,202410,17,"65,000",5,개인,개인,1992,서울시립대로29길 62,37.586321,127.0555474
서울특별시 성동구 금호동4가,서울숲2차푸르지오,59.839,202410,17,"145,000",4,개인,개인,2012,금호로 17,37.5461582,127.0240435
서울특별시 동대문구 답십리동,동서울한양,59.67,202410,17,"51,000",3,개인,개인,1989,답십리로 184,37.5714093,127.0603917
서울특별시 중랑구 신내동,건영2차,57.3,202410,17,"57,800",19,개인,개인,1996,신내로7길 20,37.6016769,127.0957192
서울특별시 성동구 행당동,행당한진타운,59.96,202410,17,"113,500",24,개인,개인,2000,행당로 82,37.5558801,127.0292075
서울특별시 동대문구 답십리동,힐스테이트청계,84.85,202410,17,"132,000",12,개인,개인,2018,천호대로55길 11,37.5714477,127.0473028
서울특별시 중랑구 상봉동,건영캐스빌,84.6475,202410,17,"82,500",7,개인,개인,2006,상봉중앙로8길 76,37.602535,127.0911872
서울특별시 중랑구 상봉동,건영캐스빌,84.6475,202410,17,"82,500",7,개인,개인,2006,상봉중앙로8길 76,37.602535,127.0911872
서울특별시 중랑구 신내동,건영2차,57.3,202410,17,"57,800",19,개인,개인,1996,신내로7길 20,37.6016769,127.0957192
서울특별시 도봉구 쌍문동,금호1,84.88,202410,17,"56,000",14,개인,개인,1990,해등로26길 20,37.6590629,127.033472
서울특별시 노원구 상계동,은빛2단지,59.95,202410,17,"49,500",6,개인,개인,1998,동일로245가길 41,37.6799626,127.0535049
서울특별시 성북구 장위동,석계역한일노벨리아시티,15.2144,202410,17,"11,800",5,개인,개인,2019,화랑로 299,37.6135776,127.0611118
서울특별시 노원구 상계동,상계주공16(고층),45.77,202410,17,"37,500",7,개인,개인,1988,동일로227길 86,37.6687829,127.0537253
서울특별시 성북구 돈암동,돈암동 풍림아파트 101~105동,84.68,202410,17,"62,000",6,개인,개인,1999,북악산로 913,37.5958945,127.0233972
서울특별시 도봉구 창동,창동주공3단지(해등마을),61.52,202410,17,"66,500",4,개인,개인,1990,해등로 50,37.6500627,127.0442013
서울특별시 도봉구 창동,현대조합,84.21,202410,17,"59,000",9,개인,개인,2000,해등로16길 12,37.6557906,127.0408689
서울특별시 도봉구 창동,동아청솔,59.445,202410,17,"66,500",14,개인,개인,1997,노해로69길 103,37.6572501,127.0483041
서울특별시 노원구 하계동,미성,118.52,202410,17,"70,000",9,개인,개인,1989,공릉로59길 28,37.6346823,127.0695415
서울특별시 도봉구 쌍문동,삼익세라믹,42.93,202410,17,"30,000",2,개인,개인,1988,해등로 195,37.6572508,127.0351747
서울특별시 노원구 월계동,주공2,38.64,202410,17,"31,700",10,개인,개인,1992,초안산로1길 18,37.6281255,127.0527822
서울특별시 성북구 하월곡동,월곡두산위브,59.855,202410,17,"69,500",8,개인,개인,2003,오패산로 46,37.6070327,127.0383656
서울특별시 노원구 중계동,건영3,84.9,202410,17,"122,000",8,개인,개인,1995,노원로22길 71,37.6485878,127.0742954
서울특별시 강북구 미아동,삼각산아이원,59.758,202410,17,"64,500",18,개인,개인,2003,삼양로19길 113,37.6152259,127.0181273
서울특별시 성북구 길음동,길음뉴타운9단지(래미안),59.96,202410,17,"95,000",25,개인,개인,2010,길음로9길 50,37.6037834,127.0194529
서울특별시 노원구 공릉동,임성아파트,84.84,202410,17,"45,000",7,개인,개인,1997,동일로192나길 16-14,37.627552,127.0759591
서울특별시 성북구 정릉동,정릉스카이쌍용아파트,59.9,202410,17,"55,500",4,개인,개인,1999,북악산로 828,37.5996483,127.0165529
서울특별시 강동구 길동,삼익파크맨션,151.44,202410,17,"133,000",12,개인,개인,1982,명일로 293,37.5438556,127.147483
서울특별시 강동구 성내동,다성이즈빌,25.92,202410,17,"19,250",4,개인,개인,2014,성내로8길 22,37.5287072,127.1229734
서울특별시 강동구 천호동,천호동삼성아파트,59.86,202410,16,"74,300",20,개인,개인,1997,성안로25길 15,37.5377635,127.1347135
서울특별시 구로구 고척동,신원프라자,84.27,202410,16,"53,000",9,개인,개인,1997,중앙로1길 18-18,37.4992745,126.8636188
서울특별시 영등포구 당산동5가,유원제일2차,123.76,202410,16,"156,000",4,개인,개인,1984,선유동2로 56,37.533081,126.8983856
서울특별시 영등포구 당산동3가,당산한양,84.93,202410,16,"115,000",4,개인,개인,1986,영신로 193,37.5253659,126.9005572
서울특별시 영등포구 여의도동,미성,101.29,202410,16,"250,000",6,개인,개인,1980,의사당대로 110,37.5204817,126.9239722
서울특별시 영등포구 여의도동,목화,89.92,202410,16,"248,000",7,개인,개인,1977,여의나루로 126,37.5260013,126.9326329
서울특별시 영등포구 여의도동,브라이튼여의도,132.5963,202410,16,"553,100",22,개인,법인,2023,국제금융로 39,37.5218921,126.9303477
서울특별시 동작구 사당동,이수역리가,84.9604,202410,16,"134,000",8,개인,개인,2013,사당로27길 130,37.4894894,126.9738534
서울특별시 동작구 신대방동,보라매e편한세상,84.73,202410,16,"82,000",6,개인,개인,2010,보라매로 70,37.4954265,126.9285604
서울특별시 금천구 가산동,두산,59.84,202410,16,"60,500",7,개인,개인,1998,가산로 99,37.4760392,126.8917199
서울특별시 구로구 항동,하버라인3단지,59.86,202410,16,"67,400",12,개인,개인,2019,항동로 43,37.479003,126.8242742
서울특별시 강서구 가양동,가양도시개발9-2단지,49.5,202410,16,"72,000",8,개인,개인,1993,허준로 234,37.5587209,126.863533
서울특별시 구로구 개봉동,한진,84.96,202410,16,"60,800",5,개인,개인,2000,개봉로3길 87,37.4846791,126.85194
서울특별시 마포구 현석동,밤섬예가클래식,85.54,202410,16,"147,000",5,개인,개인,1989,신수로2길 26,37.542122,126.9358069
서울특별시 마포구 도화동,우성,141.515,202410,16,"164,000",10,개인,개인,1991,삼개로 33,37.5367315,126.9488606
서울특별시 서대문구 남가좌동,창덕에버빌,99.57,202410,16,"69,000",9,개인,개인,1998,모래내로 143,37.5694885,126.9172149
서울특별시 서대문구 대현동,신촌럭키,83.38,202410,16,"95,500",3,개인,개인,1999,이화여대길 50-12,37.559518,126.9479577
서울특별시 양천구 신정동,목동신시가지10,53.82,202410,16,"128,000",3,개인,개인,1988,목동서로 400,37.5174035,126.8586826
서울특별시 양천구 신정동,목동우성2,113.91,202410,16,"109,000",15,개인,개인,2000,목동남로4길 6-23,37.5078744,126.8667209
서울특별시 양천구 목동,목동신시가지5,65.08,202410,16,"187,500",13,개인,개인,1986,목동동로 350,37.5341154,126.882084
서울특별시 양천구 목동,목동신시가지7,101.2,202410,16,"258,000",9,개인,개인,1988,목동로 212,37.5288229,126.8678406
서울특별시 마포구 도화동,도화동현대,68.22,202410,16,"111,000",16,개인,개인,1996,새창로 52,37.5394259,126.9538604
서울특별시 서대문구 홍제동,홍제현대,119.32,202410,16,"102,000",2,개인,개인,1992,통일로39가길 57,37.5889949,126.9413986
서울특별시 강남구 논현동,거평프리젠,39.035,202410,16,"52,500",5,개인,개인,1996,강남대로112길 41,37.5063694,127.0276374
서울특별시 송파구 가락동,헬리오시티,130.06,202410,16,"306,000",9,개인,개인,2018,송파대로 345,37.497519,127.1072265
서울특별시 강남구 대치동,청원,92.84,202410,16,"120,000",5,개인,개인,2005,도곡로69길 16,37.4985221,127.0559005
서울특별시 송파구 문정동,문정시영,39.69,202410,16,"63,000",5,개인,개인,1989,송이로31길 56,37.4905974,127.1354467
서울특별시 강남구 압구정동,신현대11차,183.41,202410,16,"815,000",7,개인,개인,1983,압구정로 151,37.5262221,127.0244795
서울특별시 강남구 압구정동,신현대9차,108.88,202410,16,"495,000",4,개인,개인,1982,압구정로 151,37.5262221,127.0244795
서울특별시 서초구 잠원동,킴스빌리지,30.9,202410,16,"90,000",10,개인,개인,1996,잠원로3길 6,37.5108427,127.0064887
서울특별시 송파구 잠실동,리센츠,27.68,202410,16,"109,500",28,개인,개인,2008,올림픽로 135,37.5140588,127.0884544
서울특별시 송파구 문정동,문정대우푸르지오1차,84.86,202410,16,"116,700",19,개인,개인,1999,문정로 55,37.4868777,127.1281056
서울특별시 관악구 신림동,신림푸르지오,84.79,202410,16,"88,300",19,개인,개인,2005,남부순환로 1430,37.4791215,126.9104844
서울특별시 노원구 중계동,양지마을(대림)1,84.9,202410,16,"89,800",7,개인,개인,1998,덕릉로71길 30,37.651184,127.0705238
서울특별시 도봉구 쌍문동,북한산월드메르디앙,82.09,202410,16,"67,000",7,개인,개인,2005,삼양로 566,36.9650374,127.464173
서울특별시 노원구 월계동,미륭,51.48,202410,16,"63,300",1,개인,개인,1986,마들로 111,37.6245902,127.0654159
서울특별시 성북구 장위동,래미안포레카운티,84.97,202410,16,"110,000",18,개인,개인,2021,장월로 160,37.6180554,127.0533393
서울특별시 노원구 상계동,상계주공16(고층),59.39,202410,16,"49,800",9,개인,개인,1988,동일로227길 86,37.6687829,127.0537253
서울특별시 노원구 상계동,상계주공16(고층),45.77,202410,16,"38,800",6,개인,개인,1988,동일로227길 86,37.6687829,127.0537253
서울특별시 성북구 길음동,길음뉴타운7단지(두산위브),59.98,202410,16,"85,000",8,개인,개인,2010,길음로13길 22,37.609776,127.018829
서울특별시 성북구 상월곡동,동아에코빌,59.95,202410,16,"56,000",2,개인,개인,2003,장월로1길 28,37.6078598,127.0454247
서울특별시 성북구 상월곡동,동아에코빌,59.95,202410,16,"56,000",2,개인,개인,2003,장월로1길 28,37.6078598,127.0454247
서울특별시 노원구 하계동,장미(시영6),49.5,202410,16,"50,000",3,개인,개인,1989,섬밭로 196,37.6337017,127.0678655
서울특별시 동대문구 답십리동,청계푸르지오시티,18.92,202410,16,"14,800",8,개인,개인,2015,천호대로 257,37.5398708,127.1452641
서울특별시 동대문구 장안동,동대문더퍼스트데시앙,59.8074,202410,16,"86,500",12,개인,개인,2019,장한로27가길 37,37.5748874,127.0705935
서울특별시 광진구 광장동,현대3,74.92,202410,16,"138,500",10,개인,개인,1990,아차산로70길 62,37.5406205,127.0986045
서울특별시 성동구 마장동,현대,59.91,202410,16,"75,000",2,개인,개인,1998,살곶이길 50,37.5694591,127.0425481
서울특별시 성동구 행당동,대림e-편한세상,59.96,202410,16,"105,000",4,개인,개인,2000,행당로 79,37.5579013,127.0271186
서울특별시 중랑구 면목동,성원상떼빌,59.91,202410,16,"58,500",20,개인,개인,1997,용마산로 278,37.5774847,127.090732
서울특별시 중구 만리동2가,서울역센트럴자이,84.972,202410,16,"175,000",22,개인,개인,2017,만리재로 175,37.5542175,126.9634093
서울특별시 중구 신당동,신당역솔하임,14.08,202410,16,"17,200",18,개인,개인,2016,퇴계로 448,37.5653775,127.0212159
서울특별시 성동구 옥수동,옥수파크힐스101동~116동,84.64,202410,16,"205,000",5,개인,개인,2016,매봉길 50,37.5483322,127.013891
서울특별시 동대문구 장안동,형인허브빌아파트301동,84.86,202410,15,"62,500",4,개인,개인,2005,장한로12길 63,37.5649447,127.0711417
서울특별시 동대문구 장안동,한신아파트,84.9,202410,15,"70,000",17,개인,개인,1996,사가정로 245-3,37.5795265,127.0719142
서울특별시 동대문구 답십리동,래미안위브,59.97,202410,15,"120,000",9,개인,개인,2014,답십리로 130,37.5720374,127.053952
서울특별시 용산구 용문동,브라운스톤,84.98,202410,15,"138,000",3,개인,개인,2011,효창원로 88,37.5362653,126.9591989
서울특별시 중랑구 면목동,용마한신,59.22,202410,15,"47,000",14,개인,개인,1990,사가정로71길 19,37.5813205,127.095949
서울특별시 중랑구 상봉동,백운아파트,77.98,202410,15,"45,000",4,개인,개인,2004,상봉로 99,37.594758,127.0928495
서울특별시 중구 신당동,신당KCC스위첸,45.7339,202410,15,"85,000",5,개인,개인,2019,난계로 130,36.1795481,127.7764891
서울특별시 용산구 이촌동,한가람,59.88,202410,15,"179,700",11,개인,개인,1998,이촌로 201,37.5215846,126.9702868
서울특별시 중랑구 면목동,한양수자인사가정파크,74.0267,202410,15,"93,000",6,개인,개인,2019,사가정로72길 26,37.5795605,127.0939006
서울특별시 동대문구 답십리동,동답한신,44.35,202410,15,"46,000",7,개인,개인,1992,답십리로 210-30,37.5708099,127.0625793
서울특별시 성동구 마장동,삼성,59.76,202410,15,"91,000",9,개인,개인,1996,마장로 271,37.5661613,127.0401272
서울특별시 마포구 도화동,도화동현대,54.72,202410,15,"101,800",15,개인,개인,1996,새창로 52,37.5394259,126.9538604
서울특별시 서대문구 북아현동,e편한세상신촌1단지,59.85,202410,15,"142,000",15,개인,개인,2018,북아현로1가길 20,37.5581532,126.9500426
서울특별시 마포구 망원동,광남캐스빌A,72.58,202410,15,"67,500",4,개인,개인,2002,방울내로5길 41-1,37.5609686,126.8999037
서울특별시 양천구 목동,목동신시가지2,152.64,202410,15,"300,000",3,개인,개인,1986,목동서로 70,37.5374761,126.8759409
서울특별시 양천구 목동,롯데캐슬위너,114.75,202410,15,"146,500",6,개인,개인,2005,목동중앙북로 38,37.5468897,126.8672385
서울특별시 은평구 진관동,은평뉴타운기자촌11단지,84.82,202410,15,"85,000",7,개인,개인,2015,연서로46길 7,37.6363228,126.9346539
서울특별시 은평구 진관동,마고정3단지센트레빌(310~322동)BL2-3,84.04,202410,15,"87,000",5,개인,개인,2009,진관2로 90,37.6333606,126.9276514
서울특별시 강서구 등촌동,주공5,37.67,202410,15,"59,000",8,개인,개인,1995,공항대로39길 74,37.5604513,126.8448691
서울특별시 양천구 신월동,근상아트프리즘,71.07,202410,15,"29,000",9,개인,개인,2002,남부순환로 328,37.4891016,126.8718882
서울특별시 서대문구 홍은동,홍은동벽산,58.64,202410,15,"55,500",2,개인,개인,1997,세검정로1길 95,37.5953754,126.9448171
서울특별시 강서구 화곡동,남광아파트,45.53,202410,15,"31,000",8,개인,개인,2015,곰달래로22길 18,37.5295714,126.8439097
서울특별시 서대문구 홍제동,홍제역해링턴플레이스,59.97,202410,15,"93,000",1,개인,법인,2024,세무서8길 30,37.5900202,126.9485643
서울특별시 양천구 신정동,신트리4,59.73,202410,15,"62,700",8,개인,개인,2000,신정로 260,37.5112612,126.850766
서울특별시 서대문구 천연동,천연뜨란채,55.82,202410,15,"81,800",13,개인,개인,2006,독립문로8길 54,37.5675617,126.9584488
서울특별시 송파구 장지동,송파파인타운6단지,84.98,202410,15,"130,000",19,개인,개인,2008,충민로6길 14,37.4804012,127.1319697
서울특별시 강동구 길동,다성이즈빌(주상복합),36.62,202410,15,"33,000",8,개인,개인,2015,천중로42길 69,37.5379802,127.1387399
서울특별시 송파구 오금동,명성화인캐슬,72.38,202410,15,"62,000",5,개인,개인,2003,동남로30길 16,37.5040722,127.1406265
서울특별시 강동구 천호동,강동역신동아파밀리에,107.34,202410,15,"135,500",41,개인,개인,2015,천호대로 1089,37.5366155,127.1333074
서울특별시 강동구 길동,유덕휴먼빌,71.91,202410,15,"59,700",2,개인,개인,2003,천중로54길 9-14,37.5398973,127.1457869
서울특별시 영등포구 여의도동,광장,116.53,202410,15,"224,600",5,개인,개인,1978,여의나루로 7,37.5207571,126.9208125
서울특별시 영등포구 양평동3가,양평현대6차,59.98,202410,15,"92,000",18,개인,개인,2000,선유로 207,37.5318483,126.8935108
서울특별시 영등포구 당산동4가,당산현대5차,114.84,202410,15,"142,000",12,개인,개인,2000,당산로42길 16,37.5296392,126.9008126
서울특별시 영등포구 신길동,힐스테이트클래시안,84.86,202410,15,"157,000",13,개인,개인,2020,신길로28길 9,37.5041295,126.9119335
서울특별시 영등포구 신길동,힐스테이트클래시안,84.86,202410,15,"141,000",1,개인,개인,2020,신길로28길 9,37.5041295,126.9119335
서울특별시 영등포구 여의도동,브라이튼여의도,84.132,202410,15,"380,000",33,개인,개인,2023,국제금융로 39,37.5218921,126.9303477
서울특별시 구로구 항동,항동중흥에스클래스베르데카운티,84.9416,202410,15,"63,000",11,개인,개인,2019,연동로 233,37.4809614,126.8208654
서울특별시 강서구 내발산동,우장산힐스테이트,126.65,202410,15,"169,500",6,개인,개인,2005,강서로 348,37.5560685,126.8402308
서울특별시 강서구 마곡동,마곡동후포아파트(14-21),77.52,202410,15,"53,000",6,개인,개인,2004,양천로47나길 13-8,37.5717449,126.8381023
서울특별시 동작구 상도동,이수브라운스톤상도(527-0),84.99,202410,15,"127,500",4,개인,개인,2007,상도로31길 19,37.5060041,126.9438244
서울특별시 영등포구 여의도동,미성,92.56,202410,15,"220,000",9,개인,개인,1978,의사당대로 110,37.5204817,126.9239722
서울특별시 구로구 항동,항동제일풍경채포레스트,84.6614,202410,15,"69,200",14,개인,개인,2020,부광로 96-16,37.4760431,126.8165357
서울특별시 영등포구 영등포동,영등포푸르지오,84.84,202410,15,"123,000",12,개인,개인,2002,도신로29길 28,37.5115331,126.90239
서울특별시 영등포구 영등포동8가,당산푸르지오,84.98,202410,15,"129,000",3,개인,개인,2004,영중로 154,37.5300547,126.9063417
서울특별시 동작구 사당동,제일,60.03,202410,15,"75,000",5,개인,개인,1987,사당로16다길 57,37.4829287,126.969521
서울특별시 강서구 방화동,신마곡벽산블루밍,49.775,202410,15,"65,000",11,개인,개인,2020,양천로10길 38,37.5711821,126.8081835
서울특별시 영등포구 당산동4가,당산현대5차,59.85,202410,15,"105,500",25,개인,개인,2000,당산로42길 16,37.5296392,126.9008126
서울특별시 강서구 가양동,가양2단지(성지),34.44,202410,15,"47,250",3,개인,개인,1992,허준로 47,37.5704953,126.8471746
서울특별시 강북구 번동,기산그린,59.94,202410,15,"41,000",17,개인,개인,2000,월계로37길 137,37.627473,127.0436573
서울특별시 노원구 상계동,상계주공2(저층),46.04,202410,15,"44,000",5,개인,개인,1987,동일로215길 23,37.6497536,127.058518
서울특별시 강북구 미아동,에스케이북한산시티,114.85,202410,15,"51,000",11,개인,개인,2004,솔샘로 174,37.6179756,127.0126309
서울특별시 성북구 길음동,길음뉴타운4단지(e편한세상),102.38,202410,15,"106,000",9,개인,개인,2005,길음로 118,37.612067,127.019649
서울특별시 성북구 길음동,롯데캐슬클라시아,59.7812,202410,15,"115,000",18,개인,개인,2022,숭인로8길 80,37.6090477,127.0271592
서울특별시 강북구 미아동,삼성래미안트리베라2단지,58.99,202410,15,"71,000",21,개인,개인,2010,삼양로27길 19,37.6173113,127.0204017
서울특별시 노원구 상계동,상계주공16(고층),45.77,202410,15,"37,000",5,개인,개인,1988,동일로227길 86,37.6687829,127.0537253
서울특별시 노원구 상계동,은빛1단지,49.77,202410,15,"41,500",11,개인,개인,1998,동일로245길 162,37.6815167,127.0538446
서울특별시 노원구 상계동,노원현대,84.78,202410,15,"72,000",4,개인,개인,1997,상계로3길 50,37.6586151,127.0631848
서울특별시 노원구 월계동,미성,50.14,202410,15,"64,900",8,개인,개인,1986,마들로 59,37.6212796,127.0676557
서울특별시 성북구 상월곡동,동아에코빌,84.97,202410,15,"75,000",11,개인,개인,2003,장월로1길 28,37.6078598,127.0454247
서울특별시 은평구 구산동,구산그린빌,59.5,202410,15,"40,000",2,개인,개인,2009,갈현로7길 56,37.6054169,126.9043692
서울특별시 성북구 석관동,신동아파밀리에,84.92,202410,15,"80,800",11,개인,개인,2011,화랑로 210-26,37.6075254,127.0535628
서울특별시 도봉구 방학동,신동아아파트1,62.22,202410,15,"40,000",14,개인,개인,1988,시루봉로 107,37.660882,127.0266718
서울특별시 도봉구 쌍문동,e편한세상,84.978,202410,15,"62,000",2,개인,개인,2007,노해로41가길 16,37.6497897,127.0272632
서울특별시 강북구 수유동,FIRSTVIEW,53,202410,15,"33,300",5,개인,개인,2010,삼양로130길 9-21,37.6476584,127.0151567
서울특별시 성북구 돈암동,한진(609-1),84.87,202410,15,"49,700",18,개인,개인,1998,성북로4길 52,37.5948075,127.0103188
서울특별시 강북구 번동,번동솔그린,59.82,202410,15,"43,000",4,개인,개인,1999,한천로109길 83,37.6261781,127.0393674
서울특별시 송파구 가락동,헬리오시티,84.98,202410,15,"228,000",8,개인,개인,2018,송파대로 345,37.497519,127.1072265
서울특별시 관악구 봉천동,관악파크푸르지오,84.99,202410,15,"84,500",15,개인,개인,2014,행운10길 21,37.4827853,126.9613733
서울특별시 강남구 압구정동,"현대1차(12,13,21,22,31,32,33동)",131.48,202410,15,"549,000",11,개인,개인,1976,압구정로29길 71,37.5330263,127.0279257
서울특별시 강남구 도곡동,현대아파트1동~3동,84.96,202410,15,"160,000",2,개인,개인,1994,도곡로18길 34,37.4889631,127.0380175
서울특별시 강남구 개포동,개포래미안포레스트,59.92,202410,15,"233,000",12,개인,개인,2020,개포로 264,37.4786358,127.0538806
서울특별시 강남구 개포동,대치푸르지오발라드,41.3882,202410,15,"110,262",10,개인,법인,2024,개포로 407,37.4873309,127.0606563
서울특별시 강남구 삼성동,롯데캐슬프레미어,121.931,202410,15,"320,000",18,개인,개인,2007,선릉로126길 22,37.5152737,127.0447446
서울특별시 송파구 풍납동,동아한가람1,59.98,202410,15,"93,000",5,개인,개인,1995,한가람로 446,37.5366366,127.1150841
서울특별시 송파구 풍납동,동아한가람1,84.38,202410,15,"93,100",2,개인,개인,1995,한가람로 446,37.5366366,127.1150841
서울특별시 강남구 대치동,선릉역대우아이빌(890-49),25.42,202410,15,"21,000",13,개인,개인,2004,테헤란로64길 9,37.5044956,127.0515557
서울특별시 강남구 수서동,강남데시앙포레,84.81,202410,15,"182,500",5,개인,개인,2014,광평로34길 55,37.4809954,127.0908145
서울특별시 관악구 신림동,힐스테이트뉴포레,84.9433,202410,15,"136,000",22,개인,개인,2022,조원로 25,37.4842295,126.9039076
서울특별시 송파구 잠실동,주공아파트 5단지,76.5,202410,15,"278,700",4,개인,개인,1978,송파대로 567,37.5152448,127.0948683
서울특별시 강남구 세곡동,강남데시앙파크,84.97,202410,15,"126,000",8,개인,개인,2011,헌릉로590길 63,37.4602882,127.1011856
서울특별시 강남구 역삼동,(828-21),81.33,202410,15,"91,000",5,개인,개인,2005,테헤란로10길 25,37.4975789,127.0330128
서울특별시 강남구 개포동,래미안블레스티지,84.94,202410,14,"313,000",9,개인,개인,2019,선릉로 8,37.4812262,127.0643915
서울특별시 강남구 역삼동,테헤란아이파크,70.8333,202410,14,"250,000",17,개인,개인,2014,테헤란로52길 16,37.5023526,127.0467285
서울특별시 강남구 도곡동,도곡렉슬,120.8233,202410,14,"370,000",17,개인,개인,2006,선릉로 221,37.4935415,127.0505473
서울특별시 강남구 대치동,래미안대치팰리스,94.49,202410,14,"420,000",5,개인,개인,2015,삼성로51길 37,37.4942974,127.0580036
서울특별시 송파구 잠실동,트리지움,59.88,202410,14,"219,000",19,개인,개인,2007,잠실로 62,37.5098873,127.0895702
서울특별시 송파구 문정동,올림픽훼밀리타운,117.585,202410,14,"204,800",3,개인,개인,1988,중대로 24,37.4885195,127.1143775
서울특별시 강남구 대치동,대치르엘,84.8067,202410,14,"303,000",15,개인,기타,2021,도곡로93길 23,37.5019346,127.0648263
서울특별시 강남구 도곡동,삼익,104.01,202410,14,"190,000",13,개인,개인,1983,논현로 218,37.4908904,127.0421
서울특별시 관악구 봉천동,벽산블루밍,59.99,202410,14,"73,700",11,개인,개인,2005,은천로 93,37.4892875,126.9447672
서울특별시 강동구 고덕동,아남1,50.2,202410,14,"74,600",10,개인,개인,1996,양재대로 1706,37.5578863,127.145974
서울특별시 강동구 암사동,선사현대아파트,82.94,202410,14,"124,800",21,개인,개인,2000,상암로 11,37.552396,127.1258146
서울특별시 강동구 명일동,한양,119.37,202410,14,"169,500",14,개인,개인,1986,동남로71길 19,37.5504605,127.1551497
서울특별시 중랑구 묵동,신내대림아파트,126.28,202410,14,"105,000",2,개인,개인,1995,신내로21길 16,37.6168811,127.0882084
서울특별시 광진구 자양동,한라아파트,59.96,202410,14,"98,000",9,개인,개인,1996,뚝섬로33길 20,37.5356572,127.0700386
서울특별시 용산구 후암동,후암미주,62.28,202410,14,"89,000",4,개인,개인,1980,후암로 71-1,37.5518414,126.97579
서울특별시 중랑구 신내동,신내6대주,39.84,202410,14,"39,000",5,개인,개인,1996,신내로19길 42,37.6152616,127.0910145
서울특별시 동대문구 청량리동,미주,124.76,202410,14,"125,000",9,개인,개인,1978,약령시로 147,37.5839304,127.0468075
서울특별시 동대문구 청량리동,미주,86.78,202410,14,"99,000",9,개인,법인,1978,약령시로 154,37.5824506,127.0458649
서울특별시 동대문구 장안동,장안위더스빌,107.97,202410,14,"76,000",16,개인,개인,2011,한천로 42,37.5662733,127.0621813
서울특별시 광진구 구의동,새한,84.91,202410,14,"91,000",9,개인,개인,2000,자양로26길 71,37.541028,127.0881053
서울특별시 성동구 금호동3가,두산,59.97,202410,14,"95,000",12,개인,개인,1994,동호로 100,37.5605514,127.0057072
서울특별시 광진구 광장동,극동1,126.94,202410,14,"247,500",11,개인,개인,1985,아차산로 552,37.5431583,127.1041888
서울특별시 성동구 하왕십리동,센트라스,40.94,202410,14,"92,500",7,개인,개인,2016,왕십리로 410,37.56611,127.0276467
서울특별시 중구 인현동2가,세운푸르지오헤리시티,28.4064,202410,14,"38,000",4,개인,개인,2023,마른내로 79,37.5647031,126.998033
서울특별시 동대문구 이문동,래미안이문2차,114.5,202410,14,"113,000",16,개인,개인,2004,이문로12길 3-10,37.5935187,127.0601161
서울특별시 성동구 옥수동,옥수삼성,59.7,202410,14,"135,000",10,개인,개인,1999,독서당로 218,37.5423618,127.014038
서울특별시 은평구 진관동,은평뉴타운꿈에그린,59.99,202410,14,"72,200",9,개인,개인,2018,진관3로 33,37.640175,126.920021
서울특별시 서대문구 홍제동,홍제역해링턴플레이스,84.95,202410,14,"125,600",1,개인,법인,2024,세무서8길 30,37.5900202,126.9485643
서울특별시 마포구 성산동,세원,59.87,202410,14,"52,000",6,개인,개인,1996,월드컵북로 194,37.5686164,126.9074734
서울특별시 양천구 신월동,신월대림,84.99,202410,14,"62,500",11,개인,개인,2001,오목로13길 7,37.5237109,126.8448735
서울특별시 서대문구 홍제동,청구1차,84.78,202410,14,"87,000",12,개인,개인,1994,통일로 348,37.5598665,126.9708838
서울특별시 양천구 목동,롯데캐슬위너,84.97,202410,14,"127,000",18,개인,개인,2005,목동중앙북로 38,37.5468897,126.8672385
서울특별시 은평구 응암동,위산일리온시티,26.9,202410,14,"34,300",13,개인,개인,2020,은평로 116,37.5998967,126.9207089
서울특별시 마포구 중동,중동계룡아파트,113.94,202410,14,"95,000",3,개인,개인,2000,월드컵북로38가길 20,37.5704843,126.9059376
서울특별시 마포구 망원동,두영이지안,59.95,202410,14,"73,000",7,개인,개인,2004,방울내로 36,37.558382,126.8999047
서울특별시 마포구 신공덕동,신공덕1차삼성래미안1아파트,114.75,202410,14,"172,500",13,개인,개인,2000,백범로37길 12,37.543481,126.955738
서울특별시 양천구 목동,목동신시가지2,95.67,202410,14,"229,000",2,개인,개인,1986,목동서로 70,37.5374761,126.8759409
서울특별시 양천구 목동,대원칸타빌3,84.98,202410,14,"126,000",14,개인,개인,2003,목동중앙로 9,37.5309664,126.8670979
서울특별시 양천구 신정동,목동신시가지11,51.48,202410,14,"118,000",7,개인,개인,1988,목동동로 10,37.5120557,126.85841
서울특별시 강서구 화곡동,우장산한화꿈에그린,84.98,202410,14,"74,000",2,개인,개인,2004,우장산로 103,37.5540072,126.8473926
서울특별시 양천구 신정동,목동신시가지13,70.73,202410,14,"158,000",7,개인,개인,1987,목동동로 100,37.5141907,126.8650029
서울특별시 마포구 신수동,대원칸타빌,117.183,202410,14,"143,500",12,개인,개인,2004,창전로2길 10,37.5480837,126.9336587
서울특별시 서대문구 남가좌동,DMC래미안클라시스,84.9,202410,14,"84,500",1,개인,개인,2000,증가로 191,37.5779334,126.9165623
서울특별시 노원구 상계동,상계주공2(고층),41.3,202410,14,"43,300",13,개인,개인,1987,동일로215길 23,37.6497536,127.058518
서울특별시 도봉구 방학동,삼익세라믹아파트,74.105,202410,14,"50,000",2,개인,개인,1988,도당로 37,36.8024128,126.5186578
서울특별시 노원구 상계동,한신2차,58.46,202410,14,"42,100",5,개인,개인,1988,한글비석로48길 6,37.6647789,127.0680427
서울특별시 노원구 월계동,주공2,44.52,202410,14,"37,000",14,개인,개인,1992,초안산로1길 18,37.6281255,127.0527822
서울특별시 도봉구 방학동,한화성원아파트,59.88,202410,14,"35,500",5,개인,개인,1996,방학로11길 10,37.6612909,127.0317101
서울특별시 도봉구 쌍문동,삼익세라믹,40.11,202410,14,"29,000",2,개인,개인,1988,해등로 195,37.6572508,127.0351747
서울특별시 성북구 길음동,길음동동부센트레빌(1278-0),84.844,202410,14,"87,000",12,개인,개인,2003,숭인로2길 61,37.6103707,127.024274
서울특별시 도봉구 방학동,벽산아파트2,59.581,202410,14,"41,900",5,개인,개인,1998,시루봉로5길 48,37.6588078,127.0252572
서울특별시 도봉구 쌍문동,현대1,84.66,202410,14,"49,000",14,개인,개인,1990,해등로 242-12,37.6585638,127.031201
서울특별시 도봉구 창동,새로움아파트,69.25,202410,14,"37,500",9,개인,개인,2012,도봉로 588-5,37.6572006,127.0403925
서울특별시 노원구 공릉동,풍림아파트A,59.94,202410,14,"59,600",1,개인,개인,2001,섬밭로 139,37.6291633,127.0668178
서울특별시 성북구 정릉동,정릉힐스테이트1차,84.823,202410,14,"73,800",4,개인,개인,2007,북악산로 831,37.6002005,127.0175239
서울특별시 도봉구 도봉동,한신,84.94,202410,14,"52,700",1,개인,개인,1995,마들로 859-19,37.6857362,127.0480605
서울특별시 노원구 상계동,노원센트럴푸르지오,59.996,202410,14,"82,000",25,개인,개인,2021,수락산로 12,37.6651725,127.0747245
서울특별시 노원구 하계동,건영,53.14,202410,14,"51,000",13,개인,개인,1988,섬밭로 229,37.6354449,127.0642439
서울특별시 구로구 신도림동,우성2,84.82,202410,14,"93,000",9,개인,개인,1996,신도림로 105,37.5121762,126.8854806
서울특별시 영등포구 영등포동7가,여의휴젠느,36.85,202410,14,"45,000",11,개인,개인,2018,국회대로56길 13,37.5241602,126.9098694
서울특별시 강서구 방화동,마곡중앙하이츠아파트,39.58,202410,14,"36,000",2,개인,개인,1994,양천로6길 28,37.5707047,126.8067603
서울특별시 금천구 시흥동,와이즈플레이스,14.22,202410,14,"9,300",17,개인,개인,2012,시흥대로 236,37.455006,126.9009882
서울특별시 영등포구 대림동,현대3차,140.54,202410,14,"103,500",13,개인,개인,1998,도신로 31,37.5055322,126.8956135
서울특별시 동작구 상도동,e편한세상상도노빌리티,84.8746,202410,14,"112,000",2,개인,개인,2018,만양로 6,37.5052781,126.9481146
서울특별시 금천구 시흥동,삼익,59.86,202410,14,"48,250",5,개인,개인,1999,독산로50길 89,37.4632778,126.9094469
서울특별시 구로구 고척동,센츄리,84.56,202410,14,"64,000",14,개인,개인,1994,중앙로12길 12,35.7955855,126.8987333
서울특별시 구로구 항동,하버라인3단지,84.88,202410,14,"79,250",3,개인,개인,2019,항동로 43,37.479003,126.8242742
서울특별시 동작구 사당동,신동아5,114.68,202410,14,"117,000",19,개인,개인,1998,동작대로29길 118,37.4910225,126.9768668
서울특별시 강서구 내발산동,마곡수명산파크5단지,59.87,202410,14,"85,800",9,개인,개인,2008,수명로2길 105,37.5519892,126.827068
서울특별시 구로구 구로동,구일우성,59.44,202410,14,"49,300",22,개인,개인,1998,구일로2길 60,37.4902839,126.8769157
서울특별시 구로구 구로동,주공1,84.87,202410,14,"83,000",4,개인,개인,1986,구일로4길 65,37.4935965,126.8754988
서울특별시 구로구 구로동,한신,44.78,202410,14,"42,750",2,개인,개인,1988,구일로8길 63,37.4964976,126.8736589
서울특별시 구로구 신도림동,동아1,84.908,202410,14,"116,000",10,개인,개인,1999,신도림로 87,37.5110415,126.8829523
서울특별시 구로구 구로동,현대연예인,84.91,202410,14,"63,000",6,개인,개인,1989,구일로4길 46,37.4929859,126.8771135
서울특별시 강서구 가양동,강서한강자이,127.1094,202410,14,"170,000",12,개인,개인,2013,양천로55길 55,37.5664864,126.8491446
서울특별시 동작구 사당동,사당자이,84.49,202410,14,"94,000",3,개인,개인,1999,사당로2가길 102,37.4886965,126.9624448
서울특별시 동작구 사당동,경남아너스빌1차,84.98,202410,14,"85,000",9,개인,개인,1997,사당로9가길 82,37.4882469,126.9678063
서울특별시 동작구 사당동,극동(105),84.32,202410,14,"102,700",9,개인,개인,1993,동작대로29길 119,37.4896386,126.9759403
서울특별시 영등포구 영등포동7가,아크로타워스퀘어,84.65,202410,14,"170,000",26,개인,개인,2017,국회대로54길 10,37.5243938,126.9067528
서울특별시 구로구 고척동,고척파크푸르지오,59.89,202410,14,"84,000",9,개인,개인,2009,중앙로 121,33.2555146,126.5604076
서울특별시 동작구 사당동,케이씨씨,84.7472,202410,14,"96,000",5,개인,개인,2007,사당로20나길 57,37.4812956,126.9736959
서울특별시 동작구 사당동,삼성래미안,114.502,202410,14,"130,000",11,개인,개인,2003,사당로23바길 9,37.4891769,126.9704536
서울특별시 강서구 가양동,가양강나루현대,59.76,202410,14,"83,500",3,개인,개인,1999,양천로 507,37.5607549,126.8569713
서울특별시 구로구 신도림동,대림1,59.88,202410,13,"83,800",13,개인,개인,1999,신도림로 16,37.5058446,126.8805908
서울특별시 동작구 흑석동,청호,59.85,202410,13,"72,500",3,개인,개인,1997,서달로2길 29,37.501322,126.9630931
서울특별시 구로구 개봉동,대상,84.94,202410,13,"51,000",24,개인,개인,1999,개봉로1길 170,37.4823138,126.8497819
서울특별시 동작구 노량진동,우성,124.77,202410,13,"108,000",9,개인,개인,1997,만양로8길 50,37.5096287,126.9478043
서울특별시 영등포구 문래동6가,문래베어스타운,84.9,202410,13,"92,700",20,개인,개인,1997,선유서로 40,37.5191278,126.8852379
서울특별시 영등포구 대림동,보라매 신동아 파밀리에,84.88,202410,13,"93,000",8,개인,개인,2016,디지털로 420,37.4838835,126.8941948
서울특별시 성동구 행당동,대림e-편한세상,84.87,202410,13,"129,500",2,개인,개인,2000,행당로 79,37.5579013,127.0271186
서울특별시 성동구 하왕십리동,센트라스,59.94,202410,13,"141,000",5,개인,개인,2016,왕십리로 410,37.56611,127.0276467
서울특별시 동대문구 장안동,래미안장안,84.774,202410,13,"93,500",16,개인,개인,2003,장한로14길 81,37.5664448,127.072427
서울특별시 동대문구 전농동,전농우성,44.24,202410,13,"47,700",10,개인,개인,1992,사가정로 190,37.5772715,127.0649582
서울특별시 중랑구 망우동,금호어울림(580),84.93,202410,13,"67,200",14,개인,개인,2006,양원역로 18,37.6022195,127.1092696
서울특별시 동대문구 제기동,안암골벽산,84.98,202410,13,"88,500",19,개인,개인,2003,약령시로 25,37.5834525,127.0319102
서울특별시 동대문구 청량리동,미주,101.65,202410,13,"107,000",15,개인,개인,1978,약령시로 147,37.5839304,127.0468075
서울특별시 용산구 도원동,삼성래미안,59.94,202410,13,"119,000",17,개인,개인,2001,새창로 70,37.538296,126.955317
서울특별시 중랑구 면목동,용마산모아엘가파크포레,84.9,202410,13,"88,500",7,개인,법인,2023,용마산로84길 9-16,37.5855042,127.0953847
서울특별시 용산구 이촌동,이촌코오롱(A),59.82,202410,13,"164,000",7,개인,개인,1999,이촌로87길 21,37.5200745,126.9779378
서울특별시 동대문구 답십리동,래미안위브,59.97,202410,13,"120,000",9,개인,개인,2014,답십리로 130,37.5720374,127.053952
서울특별시 중랑구 신내동,신내 데시앙포레,59.89,202410,13,"62,500",2,개인,개인,2013,신내역로 165,37.6152512,127.1100427
서울특별시 성동구 금호동3가,두산,116.81,202410,13,"126,000",7,개인,개인,1994,동호로 100,37.5605514,127.0057072
서울특별시 강남구 세곡동,세곡푸르지오,84.83,202410,13,"142,000",1,개인,개인,2012,자곡로 21,37.4667789,127.0929671
서울특별시 송파구 가락동,헬리오시티,59.96,202410,13,"203,000",19,개인,개인,2018,송파대로 345,37.497519,127.1072265
서울특별시 강남구 자곡동,강남자곡 힐스테이트,59.93,202410,13,"104,000",7,개인,개인,2015,자곡로3길 21,37.4712792,127.0886878
서울특별시 송파구 가락동,헬리오시티,84.95,202410,13,"245,000",7,개인,개인,2018,송파대로 345,37.497519,127.1072265
서울특별시 송파구 풍납동,강변현대,83.19,202410,13,"86,000",2,개인,개인,1991,한가람로 402,37.5339084,127.111563
서울특별시 송파구 방이동,올림픽선수기자촌2단지,135.99,202410,13,"307,000",9,개인,개인,1988,양재대로 1218,37.5175612,127.1363717
서울특별시 강북구 미아동,에스케이북한산시티,59.98,202410,13,"59,900",12,개인,개인,2004,솔샘로 174,37.6179756,127.0126309
서울특별시 성북구 동소문동5가,성신여대역솔하임,14.022,202410,13,"20,000",7,개인,개인,2018,보문로40길 11,37.591885,127.0140266
서울특별시 서대문구 남가좌동,DMC파크뷰자이1단지,84.971,202410,13,"135,000",3,개인,개인,2015,가재울미래로 2,37.5722576,126.9178374
서울특별시 은평구 응암동,힐스테이트녹번역,51.78,202410,13,"87,000",8,개인,개인,2022,은평로 240,37.6006822,126.9344324
서울특별시 강서구 화곡동,우장산롯데캐슬,85,202410,13,"106,000",16,개인,개인,2003,공항대로 382,37.5556196,126.8482376
서울특별시 강서구 화곡동,"우장산아이파크,이편한세상",84.97,202410,13,"128,000",5,개인,개인,2008,강서로 266,37.5493543,126.8387658
서울특별시 강서구 등촌동,주공3,58.14,202410,13,"77,500",9,개인,개인,1995,강서로56나길 37,37.5616414,126.8411116
서울특별시 은평구 역촌동,역촌센트레빌,84.89,202410,13,"66,000",1,개인,개인,2011,갈현로3나길 22,37.6024344,126.9068454
서울특별시 강서구 염창동,무학,59.38,202410,13,"76,000",7,개인,개인,1999,양천로77길 45,37.5513945,126.8765575
서울특별시 서대문구 남가좌동,DMC파크뷰자이1단지,84.971,202410,13,"130,000",22,개인,개인,2015,가재울미래로 2,37.5722576,126.9178374
서울특별시 서대문구 남가좌동,DMC파크뷰자이1단지,120.492,202410,13,"172,000",25,개인,개인,2015,가재울미래로 2,37.5722576,126.9178374
서울특별시 양천구 신월동,목동센트럴아이파크위브4단지,84.97,202410,12,"115,000",6,개인,개인,2020,남부순환로83길 47,37.5178709,126.8442226
서울특별시 마포구 공덕동,래미안공덕4차,83.42,202410,12,"145,000",3,개인,개인,2005,마포대로11길 50,37.5503217,126.9511515
서울특별시 서대문구 북아현동,두산,59.96,202410,12,"90,000",12,개인,개인,1999,이화여대8길 62,37.5591787,126.9501091
서울특별시 강서구 염창동,강변코아루,114.78,202410,12,"110,000",4,개인,개인,2007,양천로71길 54,37.5532965,126.8734561
서울특별시 강서구 염창동,태진한솔,58.87,202410,12,"71,000",6,개인,개인,1994,공항대로71길 54,37.54913,126.8740253
서울특별시 강서구 염창동,e편한세상염창,55.0323,202410,12,"85,300",10,개인,개인,2019,공항대로 583,37.5490146,126.8707483
서울특별시 양천구 신월동,신월시영,50.67,202410,12,"54,750",8,개인,개인,1988,신월로 99,37.5179066,126.8340997
서울특별시 양천구 신월동,롯데캐슬,84.984,202410,12,"98,300",3,개인,개인,2014,중앙로29길 61,37.5187536,126.8475713
서울특별시 마포구 노고산동,현대벤처빌,31.57,202410,12,"26,500",18,개인,개인,2002,백범로 10,37.5536587,126.9367613
서울특별시 양천구 신월동,롯데캐슬,59.747,202410,12,"88,000",7,개인,개인,2014,중앙로29길 61,37.5187536,126.8475713
서울특별시 강서구 등촌동,주공3,58.14,202410,12,"81,500",15,개인,개인,1995,강서로56나길 37,37.5616414,126.8411116
서울특별시 서대문구 남가좌동,DMC래미안클라시스,84.95,202410,12,"91,800",7,개인,개인,2000,증가로 191,37.5779334,126.9165623
서울특별시 마포구 망원동,마포월드컵제이스카이,59.97,202410,12,"73,000",4,개인,개인,2021,방울내로11길 38,37.5625846,126.9036326
서울특별시 은평구 진관동,은평뉴타운기자촌11단지,59.88,202410,12,"68,500",9,개인,개인,2015,연서로46길 7,37.6363228,126.9346539
서울특별시 마포구 토정동,한강삼성,59.76,202410,12,"117,500",14,개인,개인,1997,토정로32길 11,37.5395503,126.9412635
서울특별시 서대문구 남가좌동,DMC에코자이,84.978,202410,12,"119,500",14,개인,개인,2019,거북골로 84,37.5772487,126.9190219
서울특별시 양천구 신정동,주건드림빌,79.19,202410,12,"59,000",3,개인,개인,2004,은행정로13길 3,37.5246761,126.858747
서울특별시 서대문구 남가좌동,DMC센트럴아이파크,84.95,202410,12,"110,000",2,개인,개인,2018,증가로 150,37.5791313,126.9206681
서울특별시 서대문구 홍은동,홍은미성,127.33,202410,12,"81,000",9,개인,개인,1985,연희로41길 114,37.593718,126.9353278
서울특별시 강서구 화곡동,강서힐스테이트,128.81,202410,12,"153,000",11,개인,개인,2015,우현로 67,37.5467405,126.8400355
서울특별시 은평구 신사동,현대2,84.83,202410,12,"56,000",14,개인,개인,1994,가좌로 344,37.5979254,126.9071079
서울특별시 마포구 도화동,현대홈타운,113.25,202410,12,"119,000",2,개인,개인,2000,새창로8길 72,37.5377841,126.9517874
서울특별시 서대문구 홍제동,성원,55.35,202410,12,"54,800",10,개인,개인,1998,모래내로 430,37.5836695,126.9428865
서울특별시 서대문구 홍제동,홍제현대,60.81,202410,12,"65,000",1,개인,개인,1992,통일로39가길 57,37.5889949,126.9413986
서울특별시 마포구 아현동,마포래미안푸르지오4단지,84.5978,202410,12,"200,000",20,개인,개인,2014,마포대로 195,37.5555928,126.9536568
서울특별시 서대문구 북가좌동,신일해피트리,84.98,202410,12,"77,000",1,개인,개인,2005,수색로 147-1,37.575046,126.9044485
서울특별시 송파구 잠실동,트리지움,59.88,202410,12,"210,000",5,개인,개인,2007,잠실로 62,37.5098873,127.0895702
서울특별시 송파구 문정동,건영1,84.39,202410,12,"112,000",1,개인,개인,1996,새말로8길 12,37.4816693,127.1257133
서울특별시 강남구 개포동,개포주공5단지,53.98,202410,12,"240,000",9,개인,개인,1983,삼성로4길 17,37.4876225,127.0685038
서울특별시 강남구 청담동,청담자이,89.115,202410,12,"419,000",31,개인,개인,2011,영동대로138길 12,37.5236009,127.0571953
서울특별시 송파구 가락동,헬리오시티,84.99,202410,12,"233,000",27,개인,개인,2018,송파대로 345,37.497519,127.1072265
서울특별시 관악구 봉천동,e편한세상서울대입구2차,84.31,202410,12,"121,000",12,개인,개인,2020,참숯1길 19,37.4779026,126.9418513
서울특별시 강남구 도곡동,도곡우성아파트,84.83,202410,12,"203,000",7,개인,개인,1986,남부순환로363길 49,37.4881978,127.0371153
서울특별시 관악구 봉천동,관악드림(삼성),84.96,202410,12,"95,000",10,개인,개인,2003,성현로 80,37.4897675,126.95062
서울특별시 관악구 봉천동,관악푸르지오,84.75,202410,12,"95,000",18,개인,개인,2004,관악로30길 27,37.4860127,126.9618587
서울특별시 관악구 봉천동,관악푸르지오,59.58,202410,12,"83,000",24,개인,개인,2004,관악로30길 27,37.4860127,126.9618587
서울특별시 구로구 구로동,현대연예인,44.17,202410,12,"37,700",5,개인,개인,1989,구일로4길 46,37.4929859,126.8771135
서울특별시 구로구 신도림동,동아1,84.908,202410,12,"123,000",25,개인,개인,1999,신도림로 87,37.5110415,126.8829523
서울특별시 영등포구 양평동3가,현대3차,84.55,202410,12,"90,500",2,개인,개인,1991,선유동2로 23,37.5313203,126.8950129
서울특별시 금천구 시흥동,관악산벽산타운5,84.97,202410,12,"60,000",9,개인,개인,2004,금하로 816,37.4482694,126.9187697
서울특별시 영등포구 신길동,포레나 신길,84.9202,202410,12,"117,000",12,개인,개인,2008,신길로 119,37.502963,126.9096079
서울특별시 동작구 사당동,사당우성3,59.89,202410,12,"90,000",1,개인,개인,1993,동작대로29길 115,37.4896386,126.9759403
서울특별시 영등포구 양평동5가,양평한신,59.94,202410,12,"83,500",8,개인,개인,1996,양평로24길 9,37.5401141,126.8921036
서울특별시 강서구 방화동,마곡드림힐,59.4396,202410,12,"50,000",10,개인,개인,2003,양천로24길 54-9,37.5706061,126.8150354
서울특별시 동작구 사당동,사당롯데캐슬2차,84.766,202410,12,"114,000",11,개인,개인,2004,사당로27길 181,37.4901929,126.9714796
서울특별시 영등포구 신길동,래미안에스티움,84.97,202410,12,"158,000",7,개인,개인,2017,신풍로 77,37.5009072,126.913563
서울특별시 영등포구 신길동,래미안에스티움,59.98,202410,12,"129,900",5,개인,개인,2017,신풍로 77,37.5009072,126.913563
서울특별시 영등포구 신길동,보라매에스케이뷰,84.98,202410,12,"148,000",4,개인,개인,2020,여의대방로35가길 19,37.502904,126.9174414
서울특별시 동작구 사당동,사당자이,84.49,202410,12,"95,500",7,개인,개인,1999,사당로2가길 102,37.4886965,126.9624448
서울특별시 강서구 가양동,가양도시개발9-2단지,49.5,202410,12,"69,500",5,개인,개인,1993,허준로 234,37.5587209,126.863533
서울특별시 강서구 가양동,가양2단지(성지),49.56,202410,12,"67,000",4,개인,개인,1992,허준로 47,37.5704953,126.8471746
서울특별시 강서구 가양동,강서한강자이,124.4246,202410,12,"160,000",11,개인,개인,2013,양천로55길 55,37.5664864,126.8491446
서울특별시 구로구 천왕동,천왕이펜하우스2단지,84.97,202410,12,"88,500",10,개인,개인,2011,천왕로 92,34.6365009,128.2588573
서울특별시 구로구 구로동,구일우성,59.44,202410,12,"47,800",4,개인,개인,1998,구일로2길 60,37.4902839,126.8769157
서울특별시 구로구 구로동,신도림태영타운,84.87,202410,12,"108,700",6,개인,개인,2000,새말로 93,37.5060762,126.8886287
서울특별시 구로구 구로동,신도림현대,80.01,202410,12,"84,500",9,개인,개인,1994,새말로9길 45,37.5048124,126.885848
서울특별시 동작구 대방동,신호리치빌,84.69,202410,12,"75,000",3,개인,개인,2003,대방동길 99,37.5060601,126.9230597
서울특별시 영등포구 영등포동,영등포푸르지오,59.912,202410,12,"93,000",1,개인,개인,2002,도신로29길 28,37.5115331,126.90239
서울특별시 영등포구 영등포동,영등포푸르지오,59.912,202410,12,"93,000",1,개인,개인,2002,도신로29길 28,37.5115331,126.90239
서울특별시 영등포구 대림동,신동아,67.41,202410,12,"61,900",9,개인,개인,1987,대림로31길 39,37.4970606,126.8946727
서울특별시 구로구 구로동,일신건영,60,202410,12,"64,500",2,개인,개인,1998,새말로9길 22,37.5036628,126.8857486
서울특별시 영등포구 대림동,현대3차,140.54,202410,12,"96,000",10,개인,개인,1998,도신로 31,37.5055322,126.8956135
서울특별시 동작구 상도동,힐스테이트 상도 센트럴파크,84.6099,202410,12,"141,800",3,개인,개인,2012,상도로 346-1,37.4954093,126.9508735
서울특별시 동작구 노량진동,우성,124.77,202410,12,"110,700",8,개인,개인,1997,만양로8길 50,37.5096287,126.9478043
서울특별시 영등포구 당산동3가,동부센트레빌,134.83,202410,12,"130,000",1,개인,개인,2003,영신로 191,37.5244556,126.9004348
서울특별시 금천구 독산동,금천롯데캐슬골드파크3차,84.408,202410,12,"119,000",15,개인,개인,2018,시흥대로 291,37.4599717,126.8972361
서울특별시 구로구 개봉동,한마을,84.57,202410,12,"86,800",17,개인,개인,1999,경인로 382,37.4952641,126.8625018
서울특별시 강서구 내발산동,마곡수명산파크4단지,59.84,202410,12,"85,300",4,개인,개인,2008,수명로1길 16,37.5512345,126.8233513
서울특별시 강서구 내발산동,이너스102동,84.95,202410,12,"40,000",6,개인,개인,2003,강서로47길 79,37.5529036,126.8317319
서울특별시 영등포구 양평동1가,신동아,61.59,202410,12,"83,900",15,개인,개인,1982,영등포로12길 8,37.5221502,126.8865401
서울특별시 구로구 구로동,우성에비뉴,84.958,202410,12,"56,700",2,개인,개인,2008,디지털로32가길 26,37.4823788,126.8983282
서울특별시 용산구 이촌동,리버뷰,138.94,202410,12,"150,000",4,개인,개인,1970,이촌로 224,37.5201633,126.9719462
서울특별시 광진구 광장동,상록타워아파트,84.9,202410,12,"120,000",5,개인,개인,1997,아차산로 540,37.5423558,127.1009475
서울특별시 광진구 광장동,극동2,75.55,202410,12,"171,000",8,개인,개인,1989,아차산로 552,37.5431583,127.1041888
서울특별시 성동구 옥수동,극동,142.26,202410,12,"140,000",1,개인,개인,1986,독서당로 191,37.5432656,127.0115516
서울특별시 성동구 행당동,서울숲 한신 더 휴,84.95,202410,12,"143,000",24,개인,개인,2003,고산자로 164,37.5551292,127.036254
서울특별시 성동구 행당동,대림e-편한세상,84.87,202410,12,"134,500",1,개인,개인,2000,행당로 79,37.5579013,127.0271186
서울특별시 성동구 금호동4가,서울숲2차푸르지오,84.898,202410,12,"190,000",14,개인,개인,2012,금호로 17,37.5461582,127.0240435
서울특별시 중랑구 면목동,면목한신,27,202410,12,"25,800",1,개인,개인,1988,중랑천로 20,37.587504,127.0754651
서울특별시 종로구 창신동,동대문맨션,122.71,202410,12,"56,500",4,개인,개인,1973,창신길 20,37.5724003,127.01102
서울특별시 중랑구 면목동,면목한신,35.3,202410,12,"29,800",12,개인,개인,1988,중랑천로 20,37.587504,127.0754651
서울특별시 성동구 하왕십리동,왕십리KCC스위첸,64.236,202410,12,"106,500",15,개인,개인,2016,무학봉길 35,37.5608428,127.0266872
서울특별시 중구 인현동2가,세운푸르지오헤리시티,28.4064,202410,12,"50,000",20,개인,개인,2023,마른내로 79,37.5647031,126.998033
서울특별시 동대문구 전농동,전농동신성미소지움,80.325,202410,12,"93,500",6,개인,개인,2005,서울시립대로 75,37.5783114,127.0485272
서울특별시 종로구 무악동,인왕산아이파크,84.858,202410,12,"129,000",11,개인,개인,2008,통일로18길 9,37.5770008,126.9574454
서울특별시 중랑구 신내동,화성.두산아파트,66.96,202410,12,"59,900",5,개인,개인,1995,신내로 155,37.613632,127.0951376
서울특별시 동대문구 전농동,전농동신성미소지움,55.371,202410,12,"88,000",15,개인,개인,2005,서울시립대로 75,37.5783114,127.0485272
서울특별시 동대문구 제기동,한신아파트,114.885,202410,12,"95,000",14,개인,개인,2004,고산자로 534,37.5571673,127.0357202
서울특별시 동대문구 답십리동,현대썬앤빌청계,14.82,202410,12,"12,450",5,개인,개인,2016,고미술로 71,37.5661622,127.0551512
서울특별시 동대문구 답십리동,두산위브,59.91,202410,12,"94,800",10,개인,개인,2007,황물로15길 25,37.5661855,127.0576942
서울특별시 동대문구 답십리동,래미안위브,59.99,202410,12,"119,700",12,개인,개인,2014,답십리로 130,37.5720374,127.053952
서울특별시 중랑구 신내동,화성.두산아파트,66.96,202410,12,"57,000",12,개인,개인,1995,신내로 155,37.613632,127.0951376
서울특별시 중랑구 신내동,영풍마드레빌,84.8485,202410,12,"69,500",11,개인,개인,2004,용마산로129가길 41,37.6055991,127.10014
서울특별시 광진구 자양동,우성2,80.1,202410,12,"112,500",5,개인,개인,1989,뚝섬로 576,37.5332679,127.073985
서울특별시 동대문구 장안동,가우디캐슬,25.8,202410,12,"23,900",12,개인,개인,2016,한천로2길 62,37.5625227,127.0618212
서울특별시 중랑구 묵동,한국,59.64,202410,12,"54,000",9,개인,개인,1999,중랑천로 332,37.6143375,127.073492
서울특별시 동대문구 제기동,한신아파트,84.76,202410,12,"89,500",24,개인,개인,2004,고산자로 534,37.5571673,127.0357202
서울특별시 동대문구 제기동,한신아파트,59.84,202410,12,"70,000",13,개인,개인,2004,고산자로 534,37.5571673,127.0357202
서울특별시 중랑구 면목동,면목동금호어울림아파트,84.8726,202410,12,"73,900",7,개인,개인,2005,용마산로 271,37.5772684,127.0891808
서울특별시 성동구 마장동,현대,84.91,202410,12,"100,000",8,개인,개인,1998,살곶이길 50,37.5694591,127.0425481
서울특별시 용산구 신계동,용산e편한세상,59.66,202410,12,"156,000",4,개인,개인,2011,원효로 216,37.5358957,126.9669677
서울특별시 중랑구 신내동,동성1,59.4,202410,12,"49,000",7,개인,개인,1997,신내로 128,37.6097069,127.0974636
서울특별시 광진구 중곡동,성원,59.82,202410,12,"56,500",21,개인,개인,1998,동일로 459,37.5711837,127.0796173
서울특별시 성북구 삼선동3가,삼선에스케이뷰,116.86,202410,12,"153,000",5,개인,개인,2012,삼선교로16길 35,37.5873117,127.0116435
서울특별시 성북구 종암동,래미안크리시엘,59.99,202410,12,"74,800",20,개인,개인,2004,종암로25길 30,37.6009873,127.0301555
서울특별시 노원구 중계동,청구3,84.77,202410,12,"130,000",10,개인,개인,1996,중계로 233,37.6498272,127.0743318
서울특별시 노원구 중계동,중계그린1단지,49.5,202410,12,"47,500",2,개인,개인,1990,섬밭로 285,37.6408062,127.0620278
서울특별시 노원구 중계동,중계그린1단지,49.5,202410,12,"47,500",2,개인,개인,1990,섬밭로 285,37.6408062,127.0620278
서울특별시 성북구 종암동,래미안크리시엘,59.99,202410,12,"75,000",6,개인,개인,2004,종암로25길 30,37.6009873,127.0301555
서울특별시 강북구 미아동,미아한일유앤아이,84.552,202410,12,"73,500",14,개인,개인,2002,월계로21가길 41,37.6148252,127.0365802
서울특별시 강북구 수유동,수유벽산1차,122.58,202410,12,"78,000",12,개인,개인,1993,삼각산로 143-1,37.6423794,127.018989
서울특별시 성북구 하월곡동,래미안월곡,84.589,202410,12,"91,000",6,개인,개인,2006,오패산로 90,37.61044,127.0368734
서울특별시 성북구 하월곡동,성북힐스테이트(101동),84.69,202410,12,"78,000",9,개인,개인,2007,동소문로44길 43,37.6065246,127.0303813
서울특별시 성북구 하월곡동,꿈의숲푸르지오,114.61,202410,12,"100,000",13,개인,개인,2010,오패산로16가길 40,37.610769,127.0389931
서울특별시 성북구 하월곡동,꿈의숲푸르지오,59.65,202410,12,"72,000",12,개인,개인,2010,오패산로16가길 40,37.610769,127.0389931
서울특별시 성북구 하월곡동,동신,59.88,202410,12,"59,750",7,개인,개인,1998,오패산로3길 17,37.6044075,127.0352786
서울특별시 성북구 길음동,길음동동부센트레빌(1278-0),59.998,202410,12,"75,600",5,개인,개인,2003,숭인로2길 61,37.6103707,127.024274
서울특별시 성북구 길음동,길음뉴타운8단지(래미안),59.99,202410,12,"86,000",8,개인,개인,2010,길음로 33,37.6075609,127.0179449
서울특별시 성북구 길음동,길음뉴타운8단지(래미안),84.82,202410,12,"109,500",9,개인,개인,2010,길음로 33,37.6075609,127.0179449
서울특별시 성북구 종암동,래미안세레니티,84.92,202410,12,"95,000",2,개인,개인,2009,종암로23길 35,37.5992444,127.0310503
서울특별시 노원구 월계동,삼호3,59.22,202410,12,"75,000",4,개인,개인,1986,마들로 111,37.6245902,127.0654159
서울특별시 은평구 수색동,e편한세상 수색 에코포레,84.951,202410,12,"78,000",15,개인,개인,2003,은평터널로 65,37.5868439,126.9000225
서울특별시 도봉구 방학동,송학휴스테이,51.867,202410,12,"36,000",7,개인,개인,2016,도당로15길 36,37.666996,127.0361303
서울특별시 노원구 하계동,하계1청구,84.6,202410,12,"80,000",3,개인,개인,1997,한글비석로 91,37.6393884,127.0715555
서울특별시 성북구 정릉동,길음뉴타운데시앙,59.42,202410,12,"49,500",1,개인,개인,1999,서경로 28,37.6064113,127.0161107
서울특별시 성북구 정릉동,"산장아파트가동,나동",52.89,202410,12,"27,000",1,개인,개인,1977,보국문로 167,37.6167336,127.0022135
서울특별시 노원구 월계동,성원(사슴4),49.92,202410,12,"46,800",3,개인,개인,1995,마들로3길 37,37.6294153,127.062514
서울특별시 노원구 월계동,현대,59.95,202410,12,"65,000",23,개인,개인,2000,석계로 49,37.6185529,127.0625822
서울특별시 성북구 돈암동,범양,59.79,202410,12,"63,500",10,개인,개인,1998,정릉로 402-16,37.6033362,127.0280067
서울특별시 성북구 돈암동,돈암현대아파트,68.76,202410,12,"67,500",8,개인,개인,1991,정릉로 404,37.6032165,127.0261753
서울특별시 성북구 돈암동,돈암현대아파트,56.7,202410,12,"54,000",1,개인,개인,1991,정릉로 404,37.6032165,127.0261753
서울특별시 노원구 공릉동,효성아파트,84.66,202410,12,"77,000",1,개인,개인,1995,화랑로 556,37.6210784,127.0885654
서울특별시 노원구 공릉동,시영3차(라이프)아파트,39.6,202410,12,"35,500",13,개인,개인,1994,섬밭로 123,37.6272664,127.0686136
서울특별시 노원구 공릉동,비선아파트,48.6,202410,12,"41,500",1,개인,개인,1999,화랑로51길 78,37.6257733,127.0873569
서울특별시 노원구 공릉동,태릉해링턴플레이스,74.95,202410,12,"93,500",19,개인,개인,2022,공릉로34길 86,37.626375,127.0830489
서울특별시 노원구 상계동,수락리버시티4단지,59.9,202410,12,"58,000",8,개인,개인,2009,누원로 18,37.6860515,127.0535696
서울특별시 노원구 상계동,은빛1단지,59.95,202410,12,"52,000",9,개인,개인,1998,동일로245길 162,37.6815167,127.0538446
서울특별시 노원구 상계동,임광,106.25,202410,12,"92,000",2,개인,개인,1989,노원로 569,37.6607248,127.0569722
서울특별시 노원구 상계동,상계주공5(저층),31.98,202410,12,"49,000",3,개인,개인,1987,동일로216길 47,37.6527768,127.0646469
서울특별시 노원구 상계동,상계주공7(고층),45.55,202410,12,"49,600",14,개인,개인,1988,동일로 1456,37.6543386,127.0626961
서울특별시 성북구 정릉동,길음뉴타운데시앙,114.76,202410,12,"74,000",16,개인,개인,1999,서경로 28,37.6064113,127.0161107
서울특별시 송파구 거여동,현대2차,82.96,202410,12,"86,500",3,개인,개인,1992,오금로61길 20,37.4946338,127.1463936
서울특별시 강동구 암사동,롯데캐슬퍼스트,59.99,202410,12,"115,000",2,개인,개인,2008,고덕로 131,37.5564401,127.1420345
서울특별시 강동구 암사동,선사현대아파트,59.64,202410,12,"103,000",12,개인,개인,2002,상암로 11,37.552396,127.1258146
서울특별시 송파구 장지동,송파더센트레,59.85,202410,12,"125,000",13,개인,개인,2013,위례광장로 163,37.479192,127.1401365
서울특별시 송파구 장지동,송파파인타운9단지,59.93,202410,12,"118,000",15,개인,개인,2007,송파대로8길 17,37.4781727,127.1286551
서울특별시 송파구 장지동,송파파인타운3단지,84.98,202410,12,"127,500",5,개인,개인,2008,충민로 152,37.4837507,127.1327658
서울특별시 송파구 장지동,송파파인타운3단지,84.94,202410,12,"124,000",8,개인,개인,2008,충민로 152,37.4837507,127.1327658
서울특별시 강동구 성내동,둔촌역청구,59.87,202410,12,"76,500",7,개인,개인,1999,풍성로 196,37.5293922,127.1331877
서울특별시 강동구 길동,라인,59.94,202410,12,"63,500",15,개인,개인,1998,천중로50길 48-12,37.5392407,127.141474
서울특별시 강동구 상일동,고덕자이,84.7398,202410,12,"159,000",11,개인,개인,2021,상일로 55,37.5523884,127.1706617
서울특별시 강동구 강일동,강일리버파크7단지,84.83,202410,12,"99,000",7,개인,개인,2009,아리수로98길 25,37.5647682,127.1789807
서울특별시 강동구 성내동,성안마을청구,59.93,202410,12,"82,000",4,개인,개인,2002,풍성로 114-1,37.5317116,127.1245317
서울특별시 강동구 천호동,래미안강동팰리스,59.98,202410,12,"125,000",15,개인,개인,2017,천호대로 1077,37.5372338,127.1319678
서울특별시 강동구 암사동,선사현대아파트,59.64,202410,11,"96,900",14,개인,개인,2000,상암로 11,37.552396,127.1258146
서울특별시 강동구 암사동,롯데캐슬퍼스트,59.99,202410,11,"124,500",15,개인,개인,2008,고덕로 131,37.5564401,127.1420345
서울특별시 강동구 둔촌동,둔촌하이츠,84.54,202410,11,"98,000",7,개인,개인,1998,명일로 113,37.5295264,127.1424
서울특별시 송파구 거여동,거여4단지,49.8,202410,11,"80,000",3,개인,개인,1997,양산로4길 8,37.4892373,127.1438302
서울특별시 강동구 상일동,고덕센트럴IPARK,84.91,202410,11,"152,000",10,개인,개인,2019,고덕로80길 99,37.5520521,127.1667418
서울특별시 강동구 상일동,고덕자이,84.445,202410,11,"154,000",16,개인,개인,2021,상일로 55,37.5523884,127.1706617
서울특별시 강동구 암사동,롯데캐슬퍼스트,160.63,202410,11,"200,000",28,개인,개인,2008,고덕로 131,37.5564401,127.1420345
서울특별시 강동구 명일동,삼익그린2차,54.81,202410,11,"110,000",3,개인,개인,1984,고덕로 210,37.5532944,127.1484591
서울특별시 강동구 강일동,강일리버파크9단지,84.74,202410,11,"97,800",9,개인,개인,2009,고덕로97길 29,37.55985,127.1788258
서울특별시 구로구 신도림동,대림2,84.95,202410,11,"112,000",5,개인,개인,2001,신도림로 16,37.5058446,126.8805908
서울특별시 금천구 시흥동,벽산,59.94,202410,11,"40,000",17,개인,개인,2000,금하로 793,37.4515715,126.9189019
서울특별시 금천구 시흥동,남서울힐스테이트,84.786,202410,11,"91,600",19,개인,개인,2014,시흥대로 165,37.447804,126.9012343
서울특별시 영등포구 당산동1가,신동아파밀리에,59.4,202410,11,"88,800",8,개인,개인,2008,영신로33길 3,37.5197857,126.9003915
서울특별시 구로구 천왕동,천왕이펜하우스4단지,84.97,202410,11,"74,500",12,개인,개인,2011,천왕로 29,34.6361898,128.2646857
서울특별시 구로구 오류동,한백힐,77.22,202410,11,"39,000",9,개인,개인,2003,고척로 6,37.4953896,126.8410632
서울특별시 영등포구 신길동,우성2,84.47,202410,11,"102,000",15,개인,개인,1986,대방천로 180,37.4982607,126.9125529
서울특별시 영등포구 신길동,포레나 신길,84.5802,202410,11,"110,000",4,개인,개인,2008,신길로 119,37.502963,126.9096079
서울특별시 강서구 방화동,개화,101.86,202410,11,"83,000",9,개인,개인,1994,금낭화로 167,37.5807525,126.8125415
서울특별시 구로구 구로동,한일퍼스트빌(415-37),84.59,202410,11,"38,500",4,개인,개인,2004,구로동로35길 30,37.4928855,126.8821147
서울특별시 구로구 구로동,아스타빌,84.99,202410,11,"50,000",5,개인,개인,2004,가마산로27길 66,37.4996134,126.8901634
서울특별시 동작구 상도동,래미안상도3차,59.97,202410,11,"116,500",13,개인,개인,2004,상도로53길 8,37.499352,126.9547334
서울특별시 동작구 상도동,중앙하이츠빌,84.9883,202410,11,"109,000",7,개인,개인,2003,상도로 320,37.499075,126.949792
서울특별시 구로구 개봉동,상우,59.4,202410,11,"51,500",9,개인,개인,1997,남부순환로97길 50,37.4936974,126.8609699
서울특별시 구로구 천왕동,천왕이펜하우스4단지,84.97,202410,11,"74,500",12,개인,개인,2011,천왕로 29,34.6361898,128.2646857
서울특별시 영등포구 당산동5가,유원제일2차,145.68,202410,11,"173,000",11,개인,개인,1984,선유동2로 56,37.533081,126.8983856
서울특별시 동작구 사당동,진흥아리엘,84.9871,202410,11,"75,500",6,개인,개인,2004,사당로16아길 43,37.4802639,126.9691284
서울특별시 은평구 진관동,상림마을7단지아이파크(706~708동)BL1-3,84.42,202410,11,"80,000",4,개인,개인,2008,진관4로 47,37.6460632,126.9262543
서울특별시 은평구 진관동,마고정3단지센트레빌(310~322동)BL2-3,59.37,202410,11,"74,300",6,개인,개인,2009,진관2로 90,37.6333606,126.9276514
서울특별시 양천구 신정동,신트리1,59.73,202410,11,"70,000",6,개인,개인,1999,신정로 293,37.2937278,127.0998299
서울특별시 마포구 성산동,성산2차e-편한세상,84.95,202410,11,"95,700",4,개인,개인,2005,월드컵북로 216,37.5697624,126.9053572
서울특별시 서대문구 남가좌동,DMC파크뷰자이1단지,120.006,202410,11,"166,500",18,개인,개인,2015,가재울미래로 2,37.5722576,126.9178374
서울특별시 강서구 화곡동,화곡푸르지오,125.021,202410,11,"108,000",6,개인,개인,2002,화곡로13길 107,37.5446216,126.8314429
서울특별시 마포구 서교동,서교푸르지오,92.448,202410,11,"99,000",10,개인,개인,2004,홍익로 10,37.5537933,126.9236946
서울특별시 마포구 신공덕동,펜트라우스,84.95,202410,11,"142,500",2,개인,개인,2011,백범로 205,37.5433915,126.9541081
서울특별시 은평구 응암동,응암아네스트,13.6793,202410,11,"11,000",15,개인,개인,2014,은평로 123,37.6005352,126.9215162
서울특별시 양천구 신정동,신트리1,49.8,202410,11,"60,000",2,개인,개인,1999,신정로 293,37.2937278,127.0998299
서울특별시 양천구 목동,목동신시가지2,95.76,202410,11,"226,000",3,개인,개인,1986,목동서로 70,37.5374761,126.8759409
서울특별시 양천구 신정동,목동경동미르웰,14.02,202410,11,"11,600",15,개인,개인,2017,중앙로 286,33.2576719,126.5602011
서울특별시 강남구 압구정동,한양1차(영동한양),63.87,202410,11,"335,000",4,개인,개인,1977,압구정로 321,37.5291557,127.0381668
서울특별시 강남구 개포동,개포우성3차,133.46,202410,11,"309,000",2,개인,개인,1984,개포로 307,37.4839728,127.0560141
서울특별시 관악구 봉천동,신봉,59.75,202410,11,"58,500",4,개인,개인,1999,양녕로6나길 18,37.4849342,126.9496615
서울특별시 관악구 봉천동,현대(관악),68.8,202410,11,"60,000",1,개인,개인,1992,관악로40길 60,37.4920947,126.9605946
서울특별시 관악구 봉천동,관악푸르지오,59.58,202410,11,"73,800",1,개인,개인,2004,관악로30길 27,37.4860127,126.9618587
서울특별시 관악구 신림동,동부,50.57,202410,11,"56,000",5,개인,개인,1993,신원로 26,37.2500062,127.0451779
서울특별시 서초구 반포동,반포미도,84.96,202410,11,"274,000",1,개인,개인,1987,서초중앙로29길 28,37.5013538,127.0087793
서울특별시 강남구 논현동,현대인텔렉스,142.88,202410,11,"156,000",14,개인,개인,1997,언주로 620,37.5116241,127.0363107
서울특별시 송파구 가락동,우성,58.46,202410,11,"120,000",10,개인,개인,1986,송파대로32길 8,37.4966226,127.1177972
서울특별시 송파구 풍납동,현대1,83.02,202410,11,"130,000",15,개인,개인,1995,올림픽로 525,37.529386,127.1189025
서울특별시 송파구 문정동,올림픽훼밀리타운,136.325,202410,11,"220,000",5,개인,개인,1988,중대로 24,37.4885195,127.1143775
서울특별시 강남구 자곡동,강남자곡 힐스테이트,59.93,202410,11,"100,000",11,개인,개인,2015,자곡로3길 21,37.4712792,127.0886878
서울특별시 강남구 개포동,대치푸르지오발라드,41.3882,202410,11,"108,018",8,개인,법인,2024,개포로 407,37.4873309,127.0606563
서울특별시 관악구 봉천동,e편한세상서울대입구2차,84.31,202410,11,"116,000",6,개인,개인,2020,참숯1길 19,37.4779026,126.9418513
서울특별시 관악구 봉천동,보라매삼성,84.99,202410,11,"83,500",7,개인,개인,1996,보라매로 62,37.4941041,126.9281773
서울특별시 강남구 대치동,대치현대,59.82,202410,11,"180,000",12,개인,개인,1999,삼성로64길 5,37.5008276,127.0609734
서울특별시 서초구 서초동,대림서초리시온,45.72,202410,11,"48,200",9,개인,개인,2003,서초중앙로22길 25,37.4934726,127.0154404
서울특별시 도봉구 창동,창동주공18단지,84.41,202410,11,"55,000",3,개인,개인,1988,노해로70길 126,37.6467707,127.0519007
서울특별시 도봉구 창동,창동주공3단지(해등마을),58.01,202410,11,"59,900",14,개인,개인,1990,해등로 50,37.6500627,127.0442013
서울특별시 성북구 하월곡동,래미안월곡,114.678,202410,11,"114,300",18,개인,개인,2006,오패산로 90,37.61044,127.0368734
서울특별시 성북구 하월곡동,동일하이빌뉴시티,126.6,202410,11,"115,000",18,개인,개인,2011,종암로 167,37.605052,127.0309961
서울특별시 노원구 월계동,월계센트럴아이파크,84.99,202410,11,"100,000",15,기타,개인,2020,초안산로2라길 26,37.6303027,127.0573512
서울특별시 노원구 월계동,미성,33.28,202410,11,"50,300",5,개인,개인,1986,마들로 59,37.6212796,127.0676557
서울특별시 노원구 월계동,삼호4,59.49,202410,11,"64,200",8,개인,개인,1987,마들로 127,37.6265223,127.0641587
서울특별시 노원구 중계동,청구3,84.77,202410,11,"125,000",11,개인,개인,1996,중계로 233,37.6498272,127.0743318
서울특별시 도봉구 방학동,신동아아파트1,53.16,202410,11,"38,400",11,개인,개인,1988,시루봉로 107,37.660882,127.0266718
서울특별시 노원구 상계동,상계주공9(고층),41.3,202410,11,"37,000",8,개인,개인,1988,노원로 532,37.663056,127.0600315
서울특별시 노원구 상계동,벽산,46.8,202410,11,"33,000",15,개인,개인,1989,한글비석로 396,37.6614765,127.0728242
서울특별시 노원구 중계동,중계무지개,49.54,202410,11,"44,500",1,개인,개인,1991,동일로208길 20,37.6427206,127.0665677
서울특별시 노원구 공릉동,공릉동한보에센시티아파트,84.93,202410,11,"62,000",3,개인,개인,2000,공릉로46길 19,37.6280883,127.0803087
서울특별시 성북구 정릉동,길음뉴타운경남아너스빌,59.59,202410,11,"59,000",15,개인,개인,1999,정릉로 305,37.604428,127.0172231
서울특별시 노원구 중계동,삼창타워주상프라자,59.39,202410,11,"44,500",5,개인,개인,1997,한글비석로 383,37.6589686,127.0726596
서울특별시 도봉구 도봉동,한신,84.94,202410,11,"58,500",5,개인,개인,1995,마들로 859-19,37.6857362,127.0480605
서울특별시 강북구 미아동,삼성래미안트리베라2단지,58.99,202410,11,"74,500",20,개인,개인,2010,삼양로27길 19,37.6173113,127.0204017
서울특별시 강북구 미아동,두산위브트레지움,59.54,202410,11,"70,000",5,개인,개인,2011,삼양로27길 95,37.6177639,127.0169309
서울특별시 강북구 미아동,에스케이북한산시티,59.98,202410,11,"59,700",14,개인,개인,2004,솔샘로 174,37.6179756,127.0126309
서울특별시 강북구 미아동,에스케이북한산시티,84.76,202410,11,"74,000",8,개인,개인,2004,솔샘로 174,37.6179756,127.0126309
서울특별시 성북구 돈암동,한진(609-1),59.58,202410,11,"57,300",16,개인,개인,1998,성북로4길 52,37.5948075,127.0103188
서울특별시 도봉구 창동,창동주공3단지(해등마을),58.01,202410,11,"59,900",14,개인,개인,1990,해등로 50,37.6500627,127.0442013
서울특별시 중랑구 신내동,진로아파트,134.37,202410,11,"100,000",7,개인,개인,1995,신내로17길 41,37.614092,127.0932927
서울특별시 중랑구 묵동,신내두산아파트,126.28,202410,11,"104,000",6,개인,개인,1995,신내로21길 16,37.6168811,127.0882084
서울특별시 용산구 문배동,삼라마이다스빌2,72.48,202410,11,"75,000",2,개인,개인,2004,백범로90라길 28,37.5383459,126.969048
서울특별시 광진구 광장동,현대5,74.88,202410,11,"154,500",16,개인,개인,1989,아차산로70길 61,37.5397145,127.1000979
서울특별시 동대문구 장안동,장안힐스테이트,133.275,202410,11,"139,000",5,개인,개인,2007,장안벚꽃로1길 7,37.5759642,127.0753503
서울특별시 동대문구 답십리동,두산,114.97,202410,11,"88,800",15,개인,개인,2000,답십리로56길 21,37.5693096,127.0601871
서울특별시 동대문구 답십리동,동아,59.88,202410,11,"72,000",17,개인,개인,2001,한천로11길 10-1,37.5693419,127.0617086
서울특별시 동대문구 휘경동,롯데,59.94,202410,11,"63,000",1,개인,개인,2000,망우로 95,37.5910069,127.0633846
서울특별시 동대문구 답십리동,동서울한양,59.67,202410,11,"56,000",5,개인,개인,1989,답십리로 184,37.5714093,127.0603917
서울특별시 광진구 자양동,대동,84.65,202410,11,"120,500",3,개인,개인,1999,뚝섬로31길 20,37.5364277,127.0682849
서울특별시 광진구 자양동,우성1,59.91,202410,11,"94,000",3,개인,개인,1988,뚝섬로 569,37.5344086,127.0755737
서울특별시 동대문구 장안동,장안힐스테이트,84.897,202410,11,"108,000",10,개인,개인,2007,장안벚꽃로1길 7,37.5759642,127.0753503
서울특별시 동대문구 제기동,안암골벽산,84.98,202410,10,"61,000",2,개인,개인,2003,약령시로 25,37.5834525,127.0319102
서울특별시 성동구 하왕십리동,왕십리KCC스위첸,64.236,202410,10,"107,000",4,개인,개인,2016,무학봉길 35,37.5608428,127.0266872
서울특별시 동대문구 전농동,전농SK,114.3,202410,10,"62,500",1,개인,개인,2000,사가정로 148,37.5766417,127.060466
서울특별시 성동구 하왕십리동,센트라스,84.96,202410,10,"173,000",4,개인,개인,2016,왕십리로 410,37.56611,127.0276467
서울특별시 성동구 응봉동,대림강변타운,59.76,202410,10,"120,500",14,개인,개인,2001,고산자로 160,37.5534295,127.0357413
서울특별시 동대문구 이문동,이문삼성래미안아파트,84.991,202410,10,"81,700",8,개인,개인,2001,천장산로11길 22,37.6003485,127.0564336
서울특별시 동대문구 이문동,중앙하이츠빌,59.4,202410,10,"70,000",20,개인,개인,2002,외대역동로 101,37.5964626,127.0646257
서울특별시 성동구 하왕십리동,센트라스,59.93,202410,10,"143,500",13,개인,개인,2016,왕십리로 410,37.56611,127.0276467
서울특별시 동대문구 이문동,이문삼성래미안아파트,84.991,202410,10,"81,700",8,개인,개인,2001,천장산로11길 22,37.6003485,127.0564336
서울특별시 중랑구 상봉동,주함해븐타워,15.73,202410,10,"12,500",5,개인,개인,2015,면목로 491,37.5958035,127.0853233
서울특별시 동대문구 용두동,이편한세상청계센트럴포레,84.93,202410,10,"104,000",7,개인,개인,2021,무학로 91,37.5721425,127.0297414
서울특별시 종로구 창신동,창신쌍용1,79.87,202410,10,"74,300",12,개인,개인,1992,동망산길 19,37.5805122,127.0140149
서울특별시 성동구 마장동,대성유니드,114.52,202410,10,"78,000",7,개인,개인,2004,마장로37길 7,37.5668274,127.038633
서울특별시 성동구 행당동,대림e-편한세상,59.96,202410,10,"106,000",7,개인,개인,2000,행당로 79,37.5579013,127.0271186
서울특별시 성동구 금호동4가,서울숲푸르지오,84.87,202410,10,"198,000",8,개인,개인,2007,금호로 15,37.5447555,127.0224568
서울특별시 성동구 성수동2가,힐스테이트,143,202410,10,"305,000",13,개인,개인,2009,성수일로4길 26,37.541234,127.0521391
서울특별시 용산구 한강로1가,대우월드마크용산,166.37,202410,10,"290,000",35,개인,개인,2007,한강대로 211,37.5371752,126.9729851
서울특별시 성동구 사근동,벽산,59.84,202410,10,"68,700",2,개인,개인,2000,살곶이길 176,37.5604483,127.049483
서울특별시 중랑구 묵동,신내,39.84,202410,10,"36,000",5,개인,개인,1996,숙선옹주로 91,37.6164127,127.0848742
서울특별시 중구 중림동,삼성사이버빌리지,59.93,202410,10,"124,500",5,개인,개인,2001,중림로 10,37.5581158,126.9653067
서울특별시 성동구 응봉동,대림강변타운,84.42,202410,10,"147,500",22,개인,개인,2001,고산자로 160,37.5534295,127.0357413
서울특별시 동대문구 휘경동,동양2차,59.949,202410,10,"66,500",19,개인,개인,2002,외대역동로 36,37.592313,127.0668933
서울특별시 서대문구 홍은동,북한산두산위브2차,59.7501,202410,10,"73,800",9,개인,개인,2021,홍은중앙로1길 100,37.599995,126.9443368
서울특별시 양천구 신월동,동방,27.69,202410,10,"17,000",4,개인,개인,1999,신월로 220,37.5214502,126.8464686
서울특별시 서대문구 홍제동,홍제역해링턴플레이스,84.95,202410,10,"136,000",13,개인,개인,2024,세무서8길 30,37.5900202,126.9485643
서울특별시 양천구 신월동,양천홈타운2차아파트,38.48,202410,10,"28,000",7,개인,법인,2019,중앙로55길 56,37.525946,126.8431687
서울특별시 양천구 목동,부영3,159.57,202410,10,"215,000",23,개인,개인,2000,목동동로 411,37.5367306,126.8822117
서울특별시 양천구 신정동,목동신시가지8,54.94,202410,10,"132,500",10,개인,개인,1987,목동서로 280,37.5216265,126.8676568
서울특별시 서대문구 천연동,천연뜨란채,56.08,202410,10,"84,400",16,개인,개인,2006,독립문로8길 54,37.5675617,126.9584488
서울특별시 서대문구 북가좌동,북가좌삼호,114.03,202410,10,"94,000",10,개인,개인,1996,거북골로 154,37.5764938,126.9131712
서울특별시 양천구 목동,목동신시가지5,95.21,202410,10,"244,500",4,개인,개인,1986,목동동로 350,37.5341154,126.882084
서울특별시 마포구 성산동,성산시영(유원),59.43,202410,10,"78,000",11,개인,개인,1986,월드컵북로 235,37.572115,126.9018923
서울특별시 강서구 화곡동,승윤노블리안,80.06,202410,10,"53,300",11,개인,개인,2012,곰달래로20길 13,37.5296417,126.8430386
서울특별시 강서구 염창동,강변힐스테이트,84.99,202410,10,"118,000",16,개인,개인,2005,양천로75길 19,37.5512515,126.8745431
서울특별시 서대문구 북아현동,e편한세상신촌1단지,84.98,202410,10,"161,500",3,개인,개인,2018,북아현로1가길 20,37.5581532,126.9500426
서울특별시 서대문구 홍제동,홍제센트럴IPARK,59.9837,202410,10,"102,000",11,개인,개인,2020,통일로 395,37.5598665,126.9708838
서울특별시 강서구 등촌동,"등촌7,8단지주공아파트",41.85,202410,10,"56,000",7,개인,개인,1994,공항대로43길 104,37.5608036,126.8516881
서울특별시 송파구 방이동,트리니엘,26.4474,202410,10,"36,000",5,개인,개인,2021,가락로39길 5,37.5116372,127.1183852
서울특별시 강동구 암사동,선사현대아파트,59.64,202410,10,"97,000",7,개인,개인,2000,상암로 11,37.552396,127.1258146
서울특별시 강동구 암사동,한강현대,115,202410,10,"119,000",8,개인,개인,1999,올림픽로104길 41,37.5552084,127.1319244
서울특별시 강동구 길동,삼익파크맨션,72.89,202410,10,"89,500",8,개인,개인,1982,명일로 293,37.5438556,127.147483
서울특별시 구로구 구로동,현대연예인,54.86,202410,10,"50,000",10,개인,개인,1989,구일로4길 46,37.4929859,126.8771135
서울특별시 동작구 대방동,주공2,58.65,202410,10,"90,000",1,개인,개인,1995,여의대방로44길 47,37.5097245,126.9300449
서울특별시 강서구 방화동,"월드메르디앙201동,202동",66.76,202410,10,"64,000",14,개인,개인,2004,양천로1길 117,37.575088,126.80921
서울특별시 강서구 가양동,일신건영휴먼빌,84.95,202410,10,"87,700",15,개인,개인,2004,강서로 490,37.5689159,126.842201
서울특별시 영등포구 신길동,보라매에스케이뷰,59.98,202410,10,"126,000",17,개인,개인,2020,여의대방로35가길 19,37.502904,126.9174414
서울특별시 구로구 개봉동,한마을,84.57,202410,10,"82,000",3,개인,개인,1999,경인로 382,37.4952641,126.8625018
서울특별시 영등포구 도림동,도림청구,37.81,202410,10,"39,500",17,개인,개인,1997,도영로7길 7,37.5091653,126.8953434
서울특별시 영등포구 대림동,현대3차,84.89,202410,10,"97,500",11,개인,개인,1997,도신로 31,37.5055322,126.8956135
서울특별시 구로구 구로동,럭키,59.98,202410,10,"54,800",14,개인,개인,1992,도림로 107,37.4920109,126.8940706
서울특별시 동작구 대방동,대방1차e-편한세상,84.32,202410,10,"139,000",16,개인,개인,2003,알마타길 37,37.5120419,126.9290823
서울특별시 성북구 돈암동,동소문현대,84.72,202410,10,"65,000",10,개인,개인,1994,아리랑로5길 50-8,37.597988,127.0127065
서울특별시 성북구 보문동3가,현대I-PARK,84.3,202410,10,"94,000",10,개인,개인,2003,지봉로21길 19,37.5855869,127.0166208
서울특별시 도봉구 창동,동아청솔,59.445,202410,10,"64,000",7,개인,개인,1997,노해로69길 103,37.6572501,127.0483041
서울특별시 성북구 정릉동,길음뉴타운데시앙,59.42,202410,10,"49,000",1,개인,개인,1999,서경로 28,37.6064113,127.0161107
서울특별시 성북구 하월곡동,월곡두산위브,84.992,202410,10,"79,000",10,개인,개인,2003,오패산로 46,37.6070327,127.0383656
서울특별시 성북구 정릉동,길음뉴타운데시앙,84.94,202410,10,"65,000",9,개인,개인,1999,서경로 28,37.6064113,127.0161107
서울특별시 노원구 월계동,삼창,56.59,202410,10,"42,000",7,개인,개인,1984,광운로2나길 50,37.6185046,127.060222
서울특별시 강북구 번동,스카이캐슬,14.46,202410,10,"18,800",12,개인,개인,2021,오패산로77길 36,37.6363789,127.0249437
서울특별시 노원구 상계동,상계대림,59.67,202410,10,"49,000",7,개인,개인,1989,상계로 193-14,37.6630427,127.0745157
서울특별시 노원구 상계동,상계대림,59.67,202410,10,"49,000",7,개인,개인,1989,상계로 193-14,37.6630427,127.0745157
서울특별시 강북구 미아동,송천센트레빌,84.867,202410,10,"98,000",4,개인,법인,2010,숭인로 39,37.612752,127.0258145
서울특별시 성북구 안암동3가,대광,60.89,202410,10,"23,000",4,개인,개인,1971,안암로9나길 14,37.5823638,127.0249212
서울특별시 성북구 정릉동,대우,43.11,202410,10,"31,900",13,개인,개인,2001,보국문로30길 15,37.6180203,127.0034245
서울특별시 노원구 월계동,삼호4,50.18,202410,10,"55,000",14,개인,개인,1987,마들로 127,37.6265223,127.0641587
서울특별시 강북구 미아동,에스케이북한산시티,84.86,202410,10,"70,200",22,개인,개인,2004,솔샘로 174,37.6179756,127.0126309
서울특별시 강북구 미아동,에스케이북한산시티,84.86,202410,10,"70,200",22,개인,개인,2004,솔샘로 174,37.6179756,127.0126309
서울특별시 강북구 미아동,삼각산아이원,84.705,202410,10,"68,000",6,개인,개인,2003,삼양로19길 113,37.6152259,127.0181273
서울특별시 도봉구 쌍문동,성원하이츠A동,71.22,202410,10,"40,000",3,개인,개인,2004,도봉로133길 14,37.6575743,127.0388839
서울특별시 도봉구 쌍문동,신동아,63.03,202410,10,"35,500",5,개인,개인,2003,도봉로117길 70,37.6497473,127.0310727
서울특별시 성북구 석관동,래미안아트리치,59.98,202410,10,"85,000",10,개인,개인,2019,돌곶이로8길 22,37.606127,127.0634204
서울특별시 강남구 대치동,은마,76.79,202410,10,"257,000",1,개인,개인,1979,삼성로 212,37.4974176,127.0653272
서울특별시 강남구 역삼동,역삼래미안,59.4,202410,10,"222,000",17,개인,개인,2005,선릉로69길 19,37.4975157,127.0500483
서울특별시 강남구 일원동,수서,52.29,202410,10,"109,000",9,개인,개인,1992,양재대로55길 12,37.4926339,127.0902837
서울특별시 송파구 문정동,현대2,84.96,202410,10,"88,000",8,기타,개인,1995,송파대로16길 12,37.4841462,127.1246052
서울특별시 서초구 우면동,엘에이치서초4단지,74.97,202410,10,"130,000",17,개인,개인,2013,양재대로2길 33,37.4584613,127.023655
서울특별시 송파구 가락동,헬리오시티,150.09,202410,10,"390,000",29,개인,개인,2018,송파대로 345,37.497519,127.1072265
서울특별시 관악구 신림동,LIG대학마을(건영아파트3차),84.82,202410,10,"71,500",6,개인,개인,1996,신림로3길 40,37.4671423,126.9429448
서울특별시 송파구 석촌동,석촌호수효성해링턴타워,15.8307,202410,10,"24,000",14,개인,개인,2015,석촌호수로 210,37.5065624,127.1003724
서울특별시 강남구 일원동,디에이치자이개포,63.76,202410,10,"260,000",20,개인,개인,2021,영동대로 22,37.4909336,127.0751203
서울특별시 관악구 신림동,삼성산주공(주공3단지),83.21,202410,10,"63,000",20,개인,개인,2000,호암로 399,37.462507,126.9261294
서울특별시 관악구 봉천동,e편한세상서울대입구1단지,84.93,202410,10,"126,000",9,개인,개인,2019,청룡10길 45,37.4781201,126.9433202
서울특별시 서초구 양재동,우성,84.88,202410,9,"162,000",9,개인,개인,1991,바우뫼로 91,37.4766176,127.0294575
서울특별시 강남구 논현동,아크로힐스논현,84.208,202410,9,"243,000",23,개인,개인,2014,언주로 604,37.5095247,127.038955
서울특별시 송파구 문정동,문정시영,39.69,202410,9,"61,000",14,개인,개인,1989,송이로31길 56,37.4905974,127.1354467
서울특별시 서초구 방배동,방배1차현대홈타운,59.94,202410,9,"157,000",5,개인,개인,1999,서초대로1길 30,37.4884387,126.9839012
서울특별시 관악구 봉천동,두산,84.87,202410,9,"100,900",22,개인,개인,2000,봉천로 387,37.4845264,126.9428948
서울특별시 관악구 봉천동,보라매삼성,84.99,202410,9,"83,000",4,개인,개인,1996,보라매로 62,37.4941041,126.9281773
서울특별시 관악구 봉천동,벽산블루밍,84.99,202410,9,"81,000",1,개인,개인,2005,은천로 93,37.4892875,126.9447672
서울특별시 강남구 수서동,까치마을,49.5,202410,9,"134,000",14,개인,개인,1993,광평로19길 10,37.4847337,127.0876186
서울특별시 송파구 가락동,우정에쉐르,84.95,202410,9,"80,000",6,개인,개인,2004,중대로23길 20,37.5026334,127.12578
서울특별시 송파구 가락동,헬리오시티,110.44,202410,9,"287,000",26,개인,개인,2018,송파대로 345,37.497519,127.1072265
서울특별시 송파구 가락동,가락금호아파트,59.91,202410,9,"127,800",19,개인,개인,1997,송파대로32길 15,37.4963627,127.1163626
서울특별시 서초구 신원동,서초포레스타3단지,59.96,202410,9,"121,000",5,개인,개인,2014,헌릉로8길 22,37.4547821,127.0589417
서울특별시 강남구 대치동,대치동우정에쉐르1,59.73,202410,9,"88,000",8,개인,개인,2004,삼성로85길 38,37.5045439,127.0542093
서울특별시 강남구 대치동,대치아이파크,59.96,202410,9,"265,000",14,개인,개인,2008,선릉로 222,37.4950563,127.0545628
서울특별시 강남구 도곡동,도곡렉슬,59.9772,202410,9,"220,000",11,개인,개인,2006,선릉로 221,37.4935415,127.0505473
서울특별시 송파구 송파동,래미안송파파인탑,87.05,202410,9,"189,800",19,개인,개인,2012,오금로32길 31,37.5026768,127.1200063
서울특별시 송파구 송파동,현대,84.96,202410,9,"127,000",13,개인,개인,1997,오금로32길 42,37.5034788,127.1177988
서울특별시 송파구 잠실동,트리지움,59.88,202410,9,"200,000",8,개인,개인,2007,잠실로 62,37.5098873,127.0895702
서울특별시 강남구 압구정동,한양1차(영동한양),63.87,202410,9,"375,000",9,개인,개인,1977,압구정로 321,37.5291557,127.0381668
서울특별시 송파구 신천동,파크리오,59.95,202410,9,"205,000",22,개인,개인,2008,올림픽로 435,37.5205362,127.1061511
서울특별시 관악구 신림동,LIG대학마을(건영아파트3차),58.9,202410,9,"45,200",8,개인,개인,1996,신림로3길 40,37.4671423,126.9429448
서울특별시 강남구 청담동,청담4차이-편한세상,84.57,202410,9,"214,000",8,개인,개인,2011,학동로73길 33,37.5205547,127.0469499
서울특별시 송파구 거여동,e편한세상송파파크센트럴,84.96,202410,9,"159,000",28,개인,개인,2021,오금로 551,37.505801,127.1247627
서울특별시 송파구 방이동,방이금호어울림,59.67,202410,9,"88,000",3,개인,개인,2001,위례성대로8길 28,37.51252,127.1182517
서울특별시 강동구 고덕동,래미안힐스테이트고덕,97.26,202410,9,"188,500",23,개인,개인,2016,아리수로50길 50,37.558949,127.1470826
서울특별시 강동구 성내동,에스케이허브진,30.26,202410,9,"40,000",7,개인,개인,2004,천호대로 1092,37.5351568,127.1327274
서울특별시 송파구 거여동,송파시그니처롯데캐슬,84.98,202410,9,"164,200",7,개인,개인,2021,거마로 56,37.4954616,127.1494859
서울특별시 강동구 명일동,래미안솔베뉴,59.32,202410,9,"141,000",12,개인,개인,2019,양재대로 1650,37.5527708,127.1453519
서울특별시 강동구 암사동,한강현대,84.93,202410,9,"113,000",21,개인,개인,1999,올림픽로104길 42,37.5552084,127.1319244
서울특별시 중구 신당동,래미안하이베르,59.74,202410,9,"113,500",8,개인,개인,2011,퇴계로90길 74,37.5616188,127.0227206
서울특별시 성동구 금호동3가,금호한신,59.99,202410,9,"106,300",14,개인,개인,2005,금호산길 27,37.5503302,127.017936
서울특별시 성동구 행당동,행당한진타운,59.96,202410,9,"95,500",1,개인,개인,2000,행당로 82,37.5558801,127.0292075
서울특별시 성동구 행당동,신동아,59.97,202410,9,"85,000",2,개인,개인,1995,독서당로 441,37.5543707,127.0328371
서울특별시 중랑구 신내동,건영2차,74.25,202410,9,"68,500",10,개인,개인,1996,신내로7길 20,37.6016769,127.0957192
서울특별시 성동구 성수동2가,현대I-PARK,84.98,202410,9,"155,500",25,개인,개인,2003,성수이로 137,37.5474072,127.0566112
서울특별시 광진구 중곡동,중곡2단지,55.87,202410,9,"48,300",2,개인,개인,1976,긴고랑로1길 55,37.5667787,127.0784143
서울특별시 성동구 마장동,세림,84.93,202410,9,"98,000",5,개인,개인,1986,마장로42길 16,37.5652954,127.0451834
서울특별시 광진구 화양동,씨즈건대힐스,14.23,202410,9,"16,100",3,개인,개인,2017,광나루로20길 17,37.5461926,127.0746675
서울특별시 용산구 이촌동,한가람,59.88,202410,9,"178,000",11,개인,개인,1998,이촌로65길 8,37.5214758,126.9716279
서울특별시 용산구 이촌동,이촌코오롱(A),59.82,202410,9,"160,000",6,개인,개인,1999,이촌로87길 21,37.5200745,126.9779378
서울특별시 용산구 이촌동,강촌,84.77,202410,9,"226,000",19,개인,법인,1998,이촌로87길 14,37.5192978,126.9794089
서울특별시 동대문구 전농동,전농SK,59.34,202410,9,"67,000",2,개인,개인,2000,사가정로 148,37.5766417,127.060466
서울특별시 동대문구 장안동,래미안장안,59.86,202410,9,"82,300",3,개인,개인,2003,장한로14길 81,37.5664448,127.072427
서울특별시 용산구 효창동,용산롯데캐슬센터포레,59.79,202410,9,"165,000",20,개인,개인,2019,백범로 313,37.4632716,126.715121
서울특별시 중구 만리동1가,LIG서울역리가,84.9566,202410,9,"140,000",7,개인,개인,2012,만리재로33길 21,37.5558918,126.9669542
서울특별시 동대문구 휘경동,주공2,39.98,202410,9,"46,500",13,개인,개인,2001,한천로 248,37.5829867,127.0707472
서울특별시 동대문구 이문동,쌍용,84.89,202410,9,"79,500",10,개인,개인,2000,한천로58길 47,37.5997832,127.0685137
서울특별시 동대문구 이문동,현대,84.56,202410,9,"80,500",21,개인,개인,2000,한천로58길 107,37.6013505,127.0701922
서울특별시 중랑구 면목동,용마산하늘채,84.6147,202410,9,"96,000",8,개인,개인,2015,용마산로 210,37.5724668,127.0870397
서울특별시 양천구 목동,롯데캐슬위너,84.94,202410,9,"122,000",5,개인,개인,2005,목동중앙북로 38,37.5468897,126.8672385
서울특별시 서대문구 북아현동,e편한세상신촌2단지,59.85,202410,9,"150,000",9,개인,개인,2018,북아현로1길 17,37.5582857,126.9538442
서울특별시 서대문구 북아현동,e편한세상신촌3단지,59.96,202410,9,"150,000",14,개인,개인,2018,북아현로 29,37.5596889,126.9559812
서울특별시 마포구 대흥동,대흥동태영아파트,59.4,202410,9,"107,000",1,개인,개인,1999,독막로 266,37.5447302,126.9425709
서울특별시 마포구 신공덕동,공덕아이파크,84.96,202410,9,"156,800",12,개인,개인,2013,만리재로 36,37.5549999,126.9659293
서울특별시 서대문구 북가좌동,월드컵현대,111.13,202410,9,"96,000",6,개인,개인,1998,수색로 154,37.5762935,126.9043907
서울특별시 양천구 신월동,신월시영,59.49,202410,9,"62,800",4,개인,개인,1988,신월로 99,37.5179066,126.8340997
서울특별시 양천구 신월동,신도신월1차,84.85,202410,9,"72,000",5,개인,개인,2004,신월로20길 33,37.5180518,126.8464665
서울특별시 서대문구 연희동,대우푸르지오,59.584,202410,9,"82,500",4,개인,개인,2002,연희로 38-20,37.5615201,126.929515
서울특별시 양천구 신월동,목동센트럴아이파크위브4단지,59.68,202410,9,"97,500",2,개인,개인,2020,남부순환로83길 47,37.5178709,126.8442226
서울특별시 마포구 마포동,비체힐리버뷰,15.6786,202410,9,"14,000",7,개인,개인,2012,마포대로4나길 71,37.5363239,126.9453837
서울특별시 양천구 신월동,목동센트럴아이파크위브2단지,84.97,202410,9,"118,800",23,개인,개인,2020,남부순환로83길 18,37.5154895,126.8425811
서울특별시 마포구 중동,중동계룡아파트,84.6,202410,9,"85,000",16,개인,개인,2000,월드컵북로38가길 20,37.5704843,126.9059376
서울특별시 마포구 공덕동,공덕3삼성래미안,114.98,202410,9,"195,000",11,개인,개인,2004,마포대로7길 22,37.5482976,126.9519168
서울특별시 마포구 공덕동,래미안공덕4차,83.42,202410,9,"144,000",3,개인,개인,2005,마포대로11길 50,37.5503217,126.9511515
서울특별시 서대문구 홍제동,문화촌현대,84.99,202410,9,"76,000",10,개인,개인,2002,문화촌길 6-24,37.5922763,126.9494933
서울특별시 양천구 목동,현대파크빌(907-23),114.4,202410,9,"150,000",23,개인,개인,2003,목동동로 391,37.5358651,126.8802728
서울특별시 강서구 염창동,현대아이파크,84.84,202410,9,"98,500",13,개인,개인,2005,공항대로 637,37.5475425,126.8757832
서울특별시 양천구 목동,우성,84.63,202410,9,"134,000",6,개인,개인,1992,목동중앙로 143,37.541299,126.8755061
서울특별시 양천구 목동,목동신시가지7,74.12,202410,9,"209,500",5,개인,개인,1986,목동로 212,37.5288229,126.8678406
서울특별시 양천구 목동,금호1,59.88,202410,9,"118,000",17,개인,개인,1997,목동동로 258,37.5252744,126.8746771
서울특별시 양천구 목동,트라팰리스웨스턴에비뉴,127.65,202410,9,"279,000",32,개인,개인,2009,오목로 299,37.5259926,126.8703832
서울특별시 강서구 등촌동,등촌동아이파크,134.9883,202410,9,"121,000",10,개인,개인,2004,등촌로 163,37.5439159,126.8602292
서울특별시 강서구 화곡동,한솔,58.53,202410,9,"26,300",3,개인,개인,2006,까치산로14길 33-10,37.5446877,126.849322
서울특별시 서대문구 냉천동,동부센트레빌,59.86,202410,9,"73,000",16,개인,개인,2002,독립문로14길 74,37.5666065,126.9600124
서울특별시 양천구 신정동,푸른마을2,59.85,202410,9,"61,000",6,개인,개인,2001,신정로7길 76,37.513551,126.8353703
서울특별시 은평구 응암동,e편한세상백련산,84.72,202410,9,"91,000",10,개인,개인,2022,백련산로 112,37.5949467,126.9240471
서울특별시 양천구 신정동,목동파크자이(101동~108동),84.993,202410,9,"148,000",10,개인,개인,2019,목동남로4길 80,37.5093997,126.8688497
서울특별시 양천구 신정동,신트리1,59.73,202410,9,"73,500",12,개인,개인,1999,신정로 293,37.2937278,127.0998299
서울특별시 은평구 응암동,백련산에스케이뷰아이파크,84.9039,202410,9,"98,000",2,개인,개인,2020,응암로30길 16,37.5949519,126.9209109
서울특별시 서대문구 남가좌동,DMC에코자이,59.79,202410,9,"104,000",10,개인,개인,2019,거북골로 84,37.5772487,126.9190219
서울특별시 양천구 신정동,청구,84.99,202410,9,"94,500",8,개인,개인,1992,신목로2길 11,37.5190482,126.8756164
서울특별시 마포구 창전동,창전래미안,84.93,202410,9,"119,700",15,개인,개인,1998,서강로 95,37.5504633,126.9325287
서울특별시 노원구 월계동,주공2,38.64,202410,9,"32,800",7,개인,개인,1992,초안산로1길 18,37.6281255,127.0527822
서울특별시 은평구 구산동,동익파크2동(355-98),84.95,202410,9,"47,100",6,개인,개인,1991,서오릉로23길 9-8,37.6150007,126.9071869
서울특별시 성북구 종암동,아이파크종암동1차,59.73,202410,9,"80,000",13,개인,개인,2004,종암로21길 127,37.6025344,127.0298655
서울특별시 성북구 종암동,아이파크종암동1차,84.98,202410,9,"96,000",6,개인,개인,2004,종암로21길 127,37.6025344,127.0298655
서울특별시 노원구 월계동,동신,71.77,202410,9,"60,000",7,개인,개인,1983,광운로2나길 30,37.6175521,127.0612663
서울특별시 노원구 상계동,미라보(성림),60,202410,9,"34,000",2,개인,개인,2006,덕릉로127길 25,37.6719593,127.0812497
서울특별시 도봉구 창동,한신APT,84.92,202410,9,"47,000",1,개인,개인,1999,덕릉로60바길 21,37.639007,127.0410466
서울특별시 노원구 상계동,상계주공12(고층),41.3,202410,9,"40,000",13,개인,개인,1988,한글비석로 530,37.6661657,127.0593193
서울특별시 노원구 상계동,상계주공12(고층),41.3,202410,9,"44,500",6,개인,개인,1988,한글비석로 530,37.6661657,127.0593193
서울특별시 성북구 길음동,길음동동부센트레빌(1278-0),114.912,202410,9,"94,500",20,개인,개인,2003,숭인로2길 61,37.6103707,127.024274
